name,title,bloques,grupos,formatos,url
calidad_aire_datos_dia,Red de Calidad del Aire. Datos del día en curso,6_Servicios_entorno,Medio ambiente,CSV|JSON|PDF,https://datos.comunidad.madrid/catalogo/dataset/calidad_aire_datos_dia
calidad_aire_datos_meteo_mes,Red de calidad del aire. Datos meteorológicos del mes en curso.,6_Servicios_entorno,Medio ambiente,CSV|JSON|PDF,https://datos.comunidad.madrid/catalogo/dataset/calidad_aire_datos_meteo_mes
calidad_aire_datos_mes,Red de Calidad del Aire. Datos del mes en curso,6_Servicios_entorno,Medio ambiente,CSV|JSON|PDF,https://datos.comunidad.madrid/catalogo/dataset/calidad_aire_datos_mes
parcelas_portal_suelo,Parcelas publicadas en el Portal del Suelo 4.0,2_Inmobiliario_suelo,Urbanismo e infraestructuras,CSV|HTML|JSON,https://datos.comunidad.madrid/catalogo/dataset/parcelas_portal_suelo
spacm_listas_docentes_interinos,Composición de las listas extraordinarias de interinos por: Enseñanza y especialidad,,Educación,CSV|HTML|JSON,https://datos.comunidad.madrid/catalogo/dataset/spacm_listas_docentes_interinos
registro_transparencia,Registro de transparencia,,Legislación y justicia,CSV|JSON,https://datos.comunidad.madrid/catalogo/dataset/registro_transparencia
mediciones_polen,Niveles de polen por tipo polínico,,Salud,CSV|DOCX|JSON,https://datos.comunidad.madrid/catalogo/dataset/mediciones_polen
uniones_hecho_certificados,Inscripciones en el registro de Uniones de Hecho. Estadisticas certificados,,Legislación y justicia,CSV|JSON,https://datos.comunidad.madrid/catalogo/dataset/uniones_hecho_certificados
uniones_hecho_parejas,Inscripciones en el registro de Uniones de Hecho. Estadisticas parejas,,Legislación y justicia,CSV|JSON,https://datos.comunidad.madrid/catalogo/dataset/uniones_hecho_parejas
uniones_hecho_personas,Inscripciones en el registro de Uniones de Hecho. Estadisticas personas que constituyen la union,,Legislación y justicia,CSV|JSON,https://datos.comunidad.madrid/catalogo/dataset/uniones_hecho_personas
desfibriladores_externos_fuera_ambito_sanitario,Desfibriladores externos fuera del ámbito sanitario,6_Servicios_entorno,Salud,CSV|JSON,https://datos.comunidad.madrid/catalogo/dataset/desfibriladores_externos_fuera_ambito_sanitario
establecimientos_productos_sanitarios,Establecimientos de productos sanitarios,4_Empleo_economia|6_Servicios_entorno,Salud,CSV|JSON,https://datos.comunidad.madrid/catalogo/dataset/establecimientos_productos_sanitarios
vehiculos_transporte_sanitario,Vehículos de transporte sanitario,5_Conectividad_movilidad|6_Servicios_entorno,Salud,CSV|JSON,https://datos.comunidad.madrid/catalogo/dataset/vehiculos_transporte_sanitario
elecciones_sindicales,Elecciones a representantes de los trabajadores,,Empleo,CSV|JSON,https://datos.comunidad.madrid/catalogo/dataset/elecciones_sindicales
centros_servicios_establecimientos_sanitarios,"Centros, servicios y establecimientos sanitarios",4_Empleo_economia|6_Servicios_entorno,Salud,CSV|JSON,https://datos.comunidad.madrid/catalogo/dataset/centros_servicios_establecimientos_sanitarios
agua_embalsada,Agua embalsada en la Comunidad de Madrid,6_Servicios_entorno,Economía,CSV|JSON,https://datos.comunidad.madrid/catalogo/dataset/agua_embalsada
1932809,Medias y percentiles de la distribución salarial por sexo,4_Empleo_economia,Economía,CSV|JSON,https://datos.comunidad.madrid/catalogo/dataset/1932809
1923360,Indicadores de I+D en los sectores de alta tecnología,,Ciencia y tecnología,CSV|JSON,https://datos.comunidad.madrid/catalogo/dataset/1923360
1923320,Becas y ayudas concedidas para enseñanzas no universitarias postobligatorias por administración financiadora,1_Ayudas_fiscalidad|3_Demografia_talento,Educación,CSV|JSON,https://datos.comunidad.madrid/catalogo/dataset/1923320
1922220,Títulos de familias numerosas en vigor por categorías y por número de hijos,,Sociedad y bienestar,CSV|JSON,https://datos.comunidad.madrid/catalogo/dataset/1922220
1921003,Programaciones conjuntas de estudios oficiales de grado impartidas por universidad y rama de enseñanza,3_Demografia_talento,Educación,CSV|JSON,https://datos.comunidad.madrid/catalogo/dataset/1921003
1921001,Grados impartidos por universidad y rama de enseñanza,,Educación,CSV|JSON,https://datos.comunidad.madrid/catalogo/dataset/1921001
1917501,Trasplantes renales realizados por hospitales,6_Servicios_entorno,Salud,CSV|JSON,https://datos.comunidad.madrid/catalogo/dataset/1917501
1917480,Gasto en bienes y servicios culturales (ECOICOP),6_Servicios_entorno,Cultura y ocio,CSV|JSON,https://datos.comunidad.madrid/catalogo/dataset/1917480
1917342,Personal al servicio de las Administraciones Públicas por tipo de Administración,,Sector público,CSV|JSON,https://datos.comunidad.madrid/catalogo/dataset/1917342
1917221,Centros de Inspección Técnica de Vehículos (ITV) por municipios,5_Conectividad_movilidad,Industria,CSV|JSON,https://datos.comunidad.madrid/catalogo/dataset/1917221
1914620,Contratos administrativos de la Comunidad Autónoma por tipo de contrato,4_Empleo_economia,Sector público,CSV|JSON,https://datos.comunidad.madrid/catalogo/dataset/1914620
1914442,Migraciones con procedencia la Comunidad de Madrid con destino otras Comunidades,3_Demografia_talento,,CSV|JSON,https://datos.comunidad.madrid/catalogo/dataset/1914442
1914226,Pluriempleo. Afiliaciones por rama de actividad,4_Empleo_economia,Empleo,CSV|JSON,https://datos.comunidad.madrid/catalogo/dataset/1914226
1914127,Violencia doméstica: Medidas cautelares dictadas por tipo de medida,,Legislación y justicia,CSV|JSON,https://datos.comunidad.madrid/catalogo/dataset/1914127
1913120,Industria extractiva. Explotaciones de minerales no energéticos ni metálicos,6_Servicios_entorno,Industria,CSV|JSON,https://datos.comunidad.madrid/catalogo/dataset/1913120
1912967,Dinámica de la ocupación por tipo de jornada,,Empleo,CSV|JSON,https://datos.comunidad.madrid/catalogo/dataset/1912967
1912642,Carencia material (Base 2013),,Sociedad y bienestar,CSV|JSON,https://datos.comunidad.madrid/catalogo/dataset/1912642
1912500,Solicitantes de protección internacional por continente y país de origen,,Demografía,CSV|JSON,https://datos.comunidad.madrid/catalogo/dataset/1912500
1908160,"Total pasajeros del tráfico aéreo por aeropuerto, clase y destino del vuelo",5_Conectividad_movilidad,Transporte,CSV|JSON,https://datos.comunidad.madrid/catalogo/dataset/1908160
1907301,Investigación y Desarrollo. Mujeres en equivalencia a jornada completa,,Ciencia y tecnología,CSV|JSON,https://datos.comunidad.madrid/catalogo/dataset/1907301
1906820,Personal de entidades públicas empresariales,4_Empleo_economia,Sector público,CSV|JSON,https://datos.comunidad.madrid/catalogo/dataset/1906820
1906681,Coste laboral y sus componentes por sector económico (Base 2008),,,CSV|JSON,https://datos.comunidad.madrid/catalogo/dataset/1906681
1906520,Sustancias ilegales intervenidas por tipo de sustancia,,Legislación y justicia,CSV|JSON,https://datos.comunidad.madrid/catalogo/dataset/1906520
1905740,Cantidad de residuos urbanos recogidos por tipo de residuo,6_Servicios_entorno,Medio ambiente|Urbanismo e infraestructuras,CSV|JSON,https://datos.comunidad.madrid/catalogo/dataset/1905740
1904862,Demandas de empleo pendientes por actividad,4_Empleo_economia,Empleo,CSV|JSON,https://datos.comunidad.madrid/catalogo/dataset/1904862
1904644,Menores condenados por sexo y edad,3_Demografia_talento,Legislación y justicia,CSV|JSON,https://datos.comunidad.madrid/catalogo/dataset/1904644
1904161,Centros escolares y actuaciones de educación de adultos,3_Demografia_talento,Educación,CSV|JSON,https://datos.comunidad.madrid/catalogo/dataset/1904161
1903587,Alumnos matriculados en Ciclos Formativos de grado superior por lengua extranjera que cursan y titularidad del centro,3_Demografia_talento,Educación,CSV|JSON,https://datos.comunidad.madrid/catalogo/dataset/1903587
1903581,Alumnos matriculados en Ciclos Formativos de grado medio que terminaron sus estudios por titularidad del centro y sexo,3_Demografia_talento,Educación,CSV|JSON,https://datos.comunidad.madrid/catalogo/dataset/1903581
1903566,Alumnos matriculados en Educación Secundaria Obligatoria (ESO) por lengua extranjera que cursan y titularidad del centro,3_Demografia_talento,Educación,CSV|JSON,https://datos.comunidad.madrid/catalogo/dataset/1903566
1903521,Alumnos matriculados en educación primaria que terminaron sus estudios por titularidad del centro y sexo,3_Demografia_talento,Educación,CSV|JSON,https://datos.comunidad.madrid/catalogo/dataset/1903521
1903507,Alumnos matriculados en educación infantil por lengua extranjera que cursa y titularidad del centro,3_Demografia_talento,Educación,CSV|JSON,https://datos.comunidad.madrid/catalogo/dataset/1903507
1903456,Centros escolares privados por enseñanza que imparten,,Educación,CSV|JSON,https://datos.comunidad.madrid/catalogo/dataset/1903456
1903452,Total centros escolares por enseñanza que imparten,,Educación,CSV|JSON,https://datos.comunidad.madrid/catalogo/dataset/1903452
1903445,Centros escolares privados,,Educación,CSV|JSON,https://datos.comunidad.madrid/catalogo/dataset/1903445
1903400,Alumnos matriculados en bachillerato a distancia que terminaron sus estudios por modalidad,3_Demografia_talento,Educación,CSV|JSON,https://datos.comunidad.madrid/catalogo/dataset/1903400
1903380,Alumnos matriculados en bachillerato a distancia por diversas características,3_Demografia_talento,Educación,CSV|JSON,https://datos.comunidad.madrid/catalogo/dataset/1903380
1902784,Explotaciones agrícolas con tierras para pastos permanentes con SAU,,Medio Rural,CSV|JSON,https://datos.comunidad.madrid/catalogo/dataset/1902784
1902772,Superficie agrícola útil (SAU) por régimen de tenencia,,Medio Rural,CSV|JSON,https://datos.comunidad.madrid/catalogo/dataset/1902772
1902400,Tecnología de la información en la enseñanza no universitaria. Centros con conexión a Internet,3_Demografia_talento|5_Conectividad_movilidad,Ciencia y tecnología|Educación,CSV|JSON,https://datos.comunidad.madrid/catalogo/dataset/1902400
1902302,Hipotecas con cambios,,Vivienda,CSV|JSON,https://datos.comunidad.madrid/catalogo/dataset/1902302
1902161,Recibos del catastro rústico. Municipios,2_Inmobiliario_suelo,Medio Rural|Urbanismo e infraestructuras,CSV|JSON,https://datos.comunidad.madrid/catalogo/dataset/1902161
1902000,Presupuestos Generales Iniciales. Gastos consolidados por clasificación orgánica,1_Ayudas_fiscalidad,Hacienda,CSV|JSON,https://datos.comunidad.madrid/catalogo/dataset/1902000
1900661,Rehabilitación de vivienda protegida,2_Inmobiliario_suelo,Vivienda,CSV|JSON,https://datos.comunidad.madrid/catalogo/dataset/1900661
1403023,Hipotecas constituidas,,Economía,CSV|JSON,https://datos.comunidad.madrid/catalogo/dataset/1403023
1403002,Sociedades mercantiles creadas y disueltas. Número y capital social,3_Demografia_talento,Economía,CSV|JSON,https://datos.comunidad.madrid/catalogo/dataset/1403002
1303030,"IFEMA. Certámenes, superficie, expositores y visitantes",,Economía,CSV|JSON,https://datos.comunidad.madrid/catalogo/dataset/1303030
1006002,Actuaciones protegidas anualmente en los planes de vivienda por régimen de protección y tipo de calificación,2_Inmobiliario_suelo,Vivienda,CSV|JSON,https://datos.comunidad.madrid/catalogo/dataset/1006002
1005017,Transacciones inmobiliarias de viviendas,2_Inmobiliario_suelo,,CSV|JSON,https://datos.comunidad.madrid/catalogo/dataset/1005017
1005008,Enajenación de inmuebles por tipología de fincas,2_Inmobiliario_suelo,Economía,CSV|JSON,https://datos.comunidad.madrid/catalogo/dataset/1005008
1004045,Compraventa e hipotecas registradas en el Registro de la Propiedad,3_Demografia_talento,Vivienda,CSV|JSON,https://datos.comunidad.madrid/catalogo/dataset/1004045
903003,Llegada de mercancías en vagón completo por comunidad autónoma de origen,4_Empleo_economia,Transporte,CSV|JSON,https://datos.comunidad.madrid/catalogo/dataset/903003
902004,Venta de cupones del abono de transporte por tipos de abono y zonas tarifarias,5_Conectividad_movilidad,Transporte,CSV|JSON,https://datos.comunidad.madrid/catalogo/dataset/902004
902003,Billetes por modo de transporte,5_Conectividad_movilidad,Transporte,CSV|JSON,https://datos.comunidad.madrid/catalogo/dataset/902003
803008,Población reclusa en centros penitenciarios por sexo y grupos de edad,3_Demografia_talento,Legislación y justicia,CSV|JSON,https://datos.comunidad.madrid/catalogo/dataset/803008
801115,Senado. Senadores,,Sociedad y bienestar,CSV|JSON,https://datos.comunidad.madrid/catalogo/dataset/801115
801103,Congreso diputados. Diputados,,Sociedad y bienestar,CSV|JSON,https://datos.comunidad.madrid/catalogo/dataset/801103
801020,Asamblea. Diputados,,Sociedad y bienestar,CSV|JSON,https://datos.comunidad.madrid/catalogo/dataset/801020
704002,Usuarios de las instalaciones adscritas a la Dirección General de Deportes,6_Servicios_entorno,Deporte,CSV|JSON,https://datos.comunidad.madrid/catalogo/dataset/704002
702013,Visitantes de museos por titularidad,,Cultura y ocio,CSV|JSON,https://datos.comunidad.madrid/catalogo/dataset/702013
604010,Centros para personas sin hogar por diversas características,3_Demografia_talento,Sociedad y bienestar,CSV|JSON,https://datos.comunidad.madrid/catalogo/dataset/604010
604003,Servicios sociales prestados por la Comunidad de Madrid,,Sociedad y bienestar,CSV|JSON,https://datos.comunidad.madrid/catalogo/dataset/604003
604002,"Tutelas, guardas, adopciones y acogimientos",,Sociedad y bienestar,CSV|JSON,https://datos.comunidad.madrid/catalogo/dataset/604002
603037,Altas y estancias en establecimientos sanitarios por especialidades,4_Empleo_economia|6_Servicios_entorno,Salud,CSV|JSON,https://datos.comunidad.madrid/catalogo/dataset/603037
603028,Profesionales sanitarios colegiados por titulación y sexo,6_Servicios_entorno,Salud,CSV|JSON,https://datos.comunidad.madrid/catalogo/dataset/603028
603017,Consultas externas en hospitales por especialidades,6_Servicios_entorno,Salud,CSV|JSON,https://datos.comunidad.madrid/catalogo/dataset/603017
602041,Trasplantes de órganos por tipología,,Salud,CSV|JSON,https://datos.comunidad.madrid/catalogo/dataset/602041
602025,"Casos de SIDA por sexo, edad, forma de transmisión y año de diagnóstico",3_Demografia_talento,Salud,CSV|JSON,https://datos.comunidad.madrid/catalogo/dataset/602025
602006,Defunciones de residentes por causa y sexo,3_Demografia_talento,Salud,CSV|JSON,https://datos.comunidad.madrid/catalogo/dataset/602006
601029,Drogodependientes fallecidos por reacción aguda al consumo de drogas por sexo y edad,3_Demografia_talento,Salud,CSV|JSON,https://datos.comunidad.madrid/catalogo/dataset/601029
601027,Nuevos casos de personas drogodependientes tratadas por sexo y edad,3_Demografia_talento,Salud,CSV|JSON,https://datos.comunidad.madrid/catalogo/dataset/601027
503055,Importe de las becas concedidas para estudios no universitarios,1_Ayudas_fiscalidad|3_Demografia_talento,Educación,CSV|JSON,https://datos.comunidad.madrid/catalogo/dataset/503055
503054,Becarios de estudios no universitarios,1_Ayudas_fiscalidad|3_Demografia_talento,Educación,CSV|JSON,https://datos.comunidad.madrid/catalogo/dataset/503054
503053,Becas concedidas para estudios no universitarios,1_Ayudas_fiscalidad|3_Demografia_talento,Educación,CSV|JSON,https://datos.comunidad.madrid/catalogo/dataset/503053
502002,Oferta de plazas en enseñanzas oficiales de grado de las universidades,,Educación,CSV|JSON,https://datos.comunidad.madrid/catalogo/dataset/502002
402030,Desempleados y percepciones medias por sexo,,Economía,CSV|JSON,https://datos.comunidad.madrid/catalogo/dataset/402030
402004,Beneficiarios de prestación por desempleo por tipo de prestación y tasas de cobertura,4_Empleo_economia,Sociedad y bienestar,CSV|JSON,https://datos.comunidad.madrid/catalogo/dataset/402004
304003,Cuantía de las subvenciones de apoyo a la creación de empleo por programas,1_Ayudas_fiscalidad|4_Empleo_economia,Empleo,CSV|JSON,https://datos.comunidad.madrid/catalogo/dataset/304003
303004,Trabajadores afectados por expedientes de regulación de empleo autorizados por diversas características,4_Empleo_economia,Empleo,CSV|JSON,https://datos.comunidad.madrid/catalogo/dataset/303004
303001,"Empresas, trabajadores afectados, aumento salarial pactado y revisado",4_Empleo_economia,Empleo,CSV|JSON,https://datos.comunidad.madrid/catalogo/dataset/303001
301030,Afiliados extranjeros en alta laboral a la Seguridad Social por países,4_Empleo_economia|6_Servicios_entorno,Empleo,CSV|JSON,https://datos.comunidad.madrid/catalogo/dataset/301030
204012,Migraciones de españoles con destino la Comunidad de Madrid por país de procedencia,3_Demografia_talento,,CSV|JSON,https://datos.comunidad.madrid/catalogo/dataset/204012
203006,Indicadores de nupcialidad,,Demografía,CSV|JSON,https://datos.comunidad.madrid/catalogo/dataset/203006
103019,Tratamiento de residuos tóxicos y peligrosos,6_Servicios_entorno,Medio ambiente,CSV|JSON,https://datos.comunidad.madrid/catalogo/dataset/103019
103009,Resultado de la inspección de emisión de ruidos en el municipio de Madrid por vehículos,5_Conectividad_movilidad,Medio ambiente,CSV|JSON,https://datos.comunidad.madrid/catalogo/dataset/103009
102030,Distribución de agua registrada por grandes grupos de usuarios,6_Servicios_entorno,Urbanismo e infraestructuras,CSV|JSON,https://datos.comunidad.madrid/catalogo/dataset/102030
102015,Distribución del consumo de agua por procedencia,6_Servicios_entorno,Medio ambiente|Urbanismo e infraestructuras,CSV|JSON,https://datos.comunidad.madrid/catalogo/dataset/102015
101020,Repoblaciones forestales,3_Demografia_talento,Medio ambiente,CSV|JSON,https://datos.comunidad.madrid/catalogo/dataset/101020
101010,Temperatura por observatorios: Mínima absoluta,,Medio ambiente,CSV|JSON,https://datos.comunidad.madrid/catalogo/dataset/101010
101006,Observaciones meteorológicas: Parque del Retiro,,Medio ambiente,CSV|JSON,https://datos.comunidad.madrid/catalogo/dataset/101006
personas_discapacidad_por_edad_y_sexo,Personas con discapacidad por edad y sexo. Municipios,3_Demografia_talento,Sociedad y bienestar,CSV|JSON,https://datos.comunidad.madrid/catalogo/dataset/personas_discapacidad_por_edad_y_sexo
impuesto_matriculacion_vehiculos,Impuesto de matriculación de vehículos,1_Ayudas_fiscalidad|3_Demografia_talento|5_Conectividad_movilidad,Transporte,CSV|JSON,https://datos.comunidad.madrid/catalogo/dataset/impuesto_matriculacion_vehiculos
cooperacion_desarrollo_por_pais_destino,Ayudas para cooperación al desarrollo por país de destino,1_Ayudas_fiscalidad,Sociedad y bienestar,CSV|JSON,https://datos.comunidad.madrid/catalogo/dataset/cooperacion_desarrollo_por_pais_destino
cooperacion_desarrollo_por_beneficiarios,Ayudas para cooperación al desarrollo por beneficiarios,1_Ayudas_fiscalidad,Sociedad y bienestar,CSV|JSON,https://datos.comunidad.madrid/catalogo/dataset/cooperacion_desarrollo_por_beneficiarios
hechos_conocidos_penales_por_tipologia_municipios_mayores_20000_por_municipio,Hechos conocidos de infracciones penales por tipología en municipios mayores de 20.000 habitantes por municipio,,Legislación y justicia,CSV|JSON,https://datos.comunidad.madrid/catalogo/dataset/hechos_conocidos_penales_por_tipologia_municipios_mayores_20000_por_municipio
victimas_delitos_odio_por_tipologia_penal_edad_y_sexo,"Víctimas de delitos de odio por tipología penal, grupo de edad y sexo",3_Demografia_talento|6_Servicios_entorno,Legislación y justicia,CSV|JSON,https://datos.comunidad.madrid/catalogo/dataset/victimas_delitos_odio_por_tipologia_penal_edad_y_sexo
liquidacion_iva_total_entidades,Liquidación del IVA. Total entidades,,Hacienda,CSV|JSON,https://datos.comunidad.madrid/catalogo/dataset/liquidacion_iva_total_entidades
impuesto_patrimonio_por_contenido_partida_y_sexo,Declaraciones del Impuesto sobre Patrimonio por contenido en la partida o grupo de partidas y sexo,1_Ayudas_fiscalidad,Hacienda,CSV|JSON,https://datos.comunidad.madrid/catalogo/dataset/impuesto_patrimonio_por_contenido_partida_y_sexo
presupuestos_liquidados_gastos_consolidados_por_organo_y_fase_ejecucion,Presupuestos liquidados. Gastos consolidados por órgano y fase de ejecución,1_Ayudas_fiscalidad,Hacienda,CSV|JSON,https://datos.comunidad.madrid/catalogo/dataset/presupuestos_liquidados_gastos_consolidados_por_organo_y_fase_ejecucion
presupuestos_liquidados_gastos_consolidados_por_capitulo_y_fase_ejecucion,Presupuestos liquidados. Gastos consolidados por capítulo y fase de ejecución,1_Ayudas_fiscalidad,Hacienda,CSV|JSON,https://datos.comunidad.madrid/catalogo/dataset/presupuestos_liquidados_gastos_consolidados_por_capitulo_y_fase_ejecucion
presupuestos_generales_iniciales_ingresos_sin_consolidar_por_centro_presupuestario_y_capitulo,Presupuestos Generales Iniciales. Ingresos sin consolidar por centro presupuestario y capítulo,1_Ayudas_fiscalidad,Hacienda,CSV|JSON,https://datos.comunidad.madrid/catalogo/dataset/presupuestos_generales_iniciales_ingresos_sin_consolidar_por_centro_presupuestario_y_capitulo
presupuestos_generales_iniciales_gastos_consolidados_por_seccion_y_capitulo,Presupuestos Generales Iniciales. Gastos consolidados por sección y capítulo,1_Ayudas_fiscalidad,Hacienda,CSV|JSON,https://datos.comunidad.madrid/catalogo/dataset/presupuestos_generales_iniciales_gastos_consolidados_por_seccion_y_capitulo
presupuestos_generales_iniciales_gastos_consolidados_por_centro_presupuestario_y_capitulo,Presupuestos Generales Iniciales. Gastos consolidados por centro presupuestario y capítulo,1_Ayudas_fiscalidad,Hacienda,CSV|JSON,https://datos.comunidad.madrid/catalogo/dataset/presupuestos_generales_iniciales_gastos_consolidados_por_centro_presupuestario_y_capitulo
personal_administracion_autonomica_por_sexo_y_tipo_personal,Personal de la Administración Autonómica por sexo y tipo de personal,,Sector público,CSV|JSON,https://datos.comunidad.madrid/catalogo/dataset/personal_administracion_autonomica_por_sexo_y_tipo_personal
jueces_magistrados_activo_por_tribunales_juzgados_y_sexo,Jueces y magistrados en activo por tribunales y juzgados y sexo,,Legislación y justicia,CSV|JSON,https://datos.comunidad.madrid/catalogo/dataset/jueces_magistrados_activo_por_tribunales_juzgados_y_sexo
personal_ayuntamiento_madrid_por_titulacion,Personal del Ayuntamiento de Madrid por grupo de titulación,,Sector público,CSV|JSON,https://datos.comunidad.madrid/catalogo/dataset/personal_ayuntamiento_madrid_por_titulacion
personal_administracion_local_por_situacion_laboral_sexo_y_organismo,"Personal de la Administración Local por situación laboral, sexo y organismo",,Sector público,CSV|JSON,https://datos.comunidad.madrid/catalogo/dataset/personal_administracion_local_por_situacion_laboral_sexo_y_organismo
coste_laboral_por_tamanio_base_2008,Coste laboral y sus componentes por tamaño de las unidades (Base 2008),,,CSV|JSON,https://datos.comunidad.madrid/catalogo/dataset/coste_laboral_por_tamanio_base_2008
turismo_residentes_cm_por_tipo_alojamiento,Turismo de residentes en la Comunidad de Madrid por tipo de alojamiento principal,6_Servicios_entorno,Turismo,CSV|JSON,https://datos.comunidad.madrid/catalogo/dataset/turismo_residentes_cm_por_tipo_alojamiento
hipermercados_por_municipios,Hipermercados por municipios,,Comercio,CSV|JSON,https://datos.comunidad.madrid/catalogo/dataset/hipermercados_por_municipios
consumo_energia_final_por_sector,Consumo de energía final por sector,6_Servicios_entorno,Comercio|Energía,CSV|JSON,https://datos.comunidad.madrid/catalogo/dataset/consumo_energia_final_por_sector
tasa_mortalidad_por_edad_y_sexo,Tasa específica de mortalidad por grupos de edad y sexo,3_Demografia_talento,Demografía,CSV|JSON,https://datos.comunidad.madrid/catalogo/dataset/tasa_mortalidad_por_edad_y_sexo
magnitudes_economicas_declaraciones_iva_por_sector,Magnitudes económicas de las declaraciones del IVA por sector económico,,Hacienda,CSV|JSON,https://datos.comunidad.madrid/catalogo/dataset/magnitudes_economicas_declaraciones_iva_por_sector
magnitudes_economicas_declaraciones_iva_por_tipo_entidad,Magnitudes económicas de las declaraciones del IVA por tipo de entidad,,Hacienda,CSV|JSON,https://datos.comunidad.madrid/catalogo/dataset/magnitudes_economicas_declaraciones_iva_por_tipo_entidad
becas_concedidas_administraciones_por_tipo_de_beca_y_universidad,Becas concedidas por las Administraciones por tipo de beca y universidad,1_Ayudas_fiscalidad,Educación,CSV|JSON,https://datos.comunidad.madrid/catalogo/dataset/becas_concedidas_administraciones_por_tipo_de_beca_y_universidad
becas_estudios_universitarios_grado_por_universidad_y_entidad_financiadora,Becas de estudios universitarios de Grado por universidad y entidad financiadora,1_Ayudas_fiscalidad|3_Demografia_talento,Educación,CSV|JSON,https://datos.comunidad.madrid/catalogo/dataset/becas_estudios_universitarios_grado_por_universidad_y_entidad_financiadora
precios_publicos_estudios_oficiales_masteres_habilitantes_por_universidad,Precios públicos de los estudios oficiales de másteres habilitantes por universidad,3_Demografia_talento,Educación,CSV|JSON,https://datos.comunidad.madrid/catalogo/dataset/precios_publicos_estudios_oficiales_masteres_habilitantes_por_universidad
victimas_cibercriminalidad_por_nacionalidad_y_sexo,Víctimas por causas de cibercriminalidad por nacionalidad y sexo,,Legislación y justicia,CSV|JSON,https://datos.comunidad.madrid/catalogo/dataset/victimas_cibercriminalidad_por_nacionalidad_y_sexo
elecciones_locales_distritos_madrid,Elecciones locales en los distritos del municipio de Madrid,,Sociedad y bienestar,CSV|JSON,https://datos.comunidad.madrid/catalogo/dataset/elecciones_locales_distritos_madrid
elecciones_asamblea_distritos_madrid,Elecciones a la Asamblea de la Comunidad de Madrid en los distritos del municipio de Madrid,,Sociedad y bienestar,CSV|JSON,https://datos.comunidad.madrid/catalogo/dataset/elecciones_asamblea_distritos_madrid
archivos_municipales_y_comunidad_madrid,Archivos municipales y de la Comunidad de Madrid,,Cultura y ocio,CSV|JSON,https://datos.comunidad.madrid/catalogo/dataset/archivos_municipales_y_comunidad_madrid
estancias_establecimientos_sanitarios_por_pago,Estancias causadas en establecimientos sanitarios por tipo de pago del paciente,4_Empleo_economia|6_Servicios_entorno,Salud,CSV|JSON,https://datos.comunidad.madrid/catalogo/dataset/estancias_establecimientos_sanitarios_por_pago
alumnos_matriculados_regimen_especial_por_sexo,Alumnos matriculados en centros de régimen especial por sexo,3_Demografia_talento,Educación,CSV|JSON,https://datos.comunidad.madrid/catalogo/dataset/alumnos_matriculados_regimen_especial_por_sexo
alumnos_matriculados_cualificacion_por_tipo_y_titularidad,Alumnos matriculados en Programas de Cualificación Profesional Inicial por tipo de programa y titularidad del centro,3_Demografia_talento,Educación,CSV|JSON,https://datos.comunidad.madrid/catalogo/dataset/alumnos_matriculados_cualificacion_por_tipo_y_titularidad
alumnos_matriculados_bachillerato_terminaron_por_modalidad_titularidad_y_sexo,"Alumnos matriculados en bachillerato que terminaron sus estudios por modalidad, titularidad de centro y sexo",3_Demografia_talento,Educación,CSV|JSON,https://datos.comunidad.madrid/catalogo/dataset/alumnos_matriculados_bachillerato_terminaron_por_modalidad_titularidad_y_sexo
gasto_medio_hogares_por_grupo_coicop,Gasto medio hogares por grupo de gasto (Base 2006) (COICOP 2018),3_Demografia_talento,Sociedad y bienestar,CSV|JSON,https://datos.comunidad.madrid/catalogo/dataset/gasto_medio_hogares_por_grupo_coicop
pere_por_pais_sexo_y_edad,"Padrón de españoles residentes en el extranjero (PERE) por país de residencia, sexo y grupo de edad",3_Demografia_talento|6_Servicios_entorno,Demografía,CSV|JSON,https://datos.comunidad.madrid/catalogo/dataset/pere_por_pais_sexo_y_edad
extranjeros_autorizacion_por_edad_y_sexo,Extranjeros con autorización de estancia por estudios en vigor por grupos de edad y sexo,3_Demografia_talento,Demografía,CSV|JSON,https://datos.comunidad.madrid/catalogo/dataset/extranjeros_autorizacion_por_edad_y_sexo
valor_medio_contaminacion,Valor medio de contaminación atmosférica por contaminante,,Medio ambiente,CSV|JSON,https://datos.comunidad.madrid/catalogo/dataset/valor_medio_contaminacion
gastos_empresas_proteccion_ambiental,Gasto de las empresas en protección ambiental,4_Empleo_economia,Medio ambiente,CSV|JSON,https://datos.comunidad.madrid/catalogo/dataset/gastos_empresas_proteccion_ambiental
embalses_canal_isabel_ii,Embalses del Canal de Isabel II,,Medio ambiente|Urbanismo e infraestructuras,CSV|JSON,https://datos.comunidad.madrid/catalogo/dataset/embalses_canal_isabel_ii
personal_docente_investigador_universidades_privadas_por_universidad_y_sexo,Personal docente e investigador de universidades privadas por universidad y sexo,,Educación,CSV|JSON,https://datos.comunidad.madrid/catalogo/dataset/personal_docente_investigador_universidades_privadas_por_universidad_y_sexo
personal_administracion_servicios_universidades_privadas_por_sexo,Personal de administración y servicios en las universidades privadas por sexo,,Educación,CSV|JSON,https://datos.comunidad.madrid/catalogo/dataset/personal_administracion_servicios_universidades_privadas_por_sexo
personal_administracion_servicios_universidades_publicas_por_sexo,Personal de administración y servicios en las universidades públicas por sexo,,Educación,CSV|JSON,https://datos.comunidad.madrid/catalogo/dataset/personal_administracion_servicios_universidades_publicas_por_sexo
centros_universitarios_privados_por_universidad_tipo_naturaleza_y_modalidad,"Centros universitarios privados por universidad, tipo, naturaleza y modalidad",3_Demografia_talento,Educación,CSV|JSON,https://datos.comunidad.madrid/catalogo/dataset/centros_universitarios_privados_por_universidad_tipo_naturaleza_y_modalidad
alumnos_necesidades_educativas_especiales_integrados_por_titularidad_sexo_y_ensenianza,"Alumnos con necesidades educativas especiales integrados por titularidad, sexo y enseñanza",3_Demografia_talento,Educación,CSV|JSON,https://datos.comunidad.madrid/catalogo/dataset/alumnos_necesidades_educativas_especiales_integrados_por_titularidad_sexo_y_ensenianza
parcelas_urbanas_por_edificacion,Catastro Inmobiliario. Parcelas catastrales urbanas por edificación. Municipios,2_Inmobiliario_suelo,Urbanismo e infraestructuras,CSV|JSON,https://datos.comunidad.madrid/catalogo/dataset/parcelas_urbanas_por_edificacion
valor_catastral_urbano_por_uso,Catastro Inmobiliario. Valor catastral urbano por uso (miles euros). Municipios,2_Inmobiliario_suelo,Urbanismo e infraestructuras,CSV|JSON,https://datos.comunidad.madrid/catalogo/dataset/valor_catastral_urbano_por_uso
censo_conductores_por_sexo,Transporte por carretera. Censo de conductores por sexo. Municipios,3_Demografia_talento|5_Conectividad_movilidad,Seguridad,CSV|JSON,https://datos.comunidad.madrid/catalogo/dataset/censo_conductores_por_sexo
servicio_regional_bibliobuses_2024,Servicio Regional de Bibliobuses (hasta 2024),,Cultura y ocio,CSV|JSON,https://datos.comunidad.madrid/catalogo/dataset/servicio_regional_bibliobuses_2024
padron_por_sexo,Población empadronada por sexo. Municipios,3_Demografia_talento,,CSV|JSON,https://datos.comunidad.madrid/catalogo/dataset/padron_por_sexo
edad_media_por_nacionalidad_y_sexo,Edad media de la población censada por nacionalidad y sexo. Censo anual. Municipios,3_Demografia_talento,,CSV|JSON,https://datos.comunidad.madrid/catalogo/dataset/edad_media_por_nacionalidad_y_sexo
calidad_aire_estaciones,Red de Calidad del Aire. Estaciones,6_Servicios_entorno,Medio ambiente,CSV|HTML|JSON,https://datos.comunidad.madrid/catalogo/dataset/calidad_aire_estaciones
cepi_usuarios_centro,"Usuarios de los Centros de Participación e Integración de Inmigrantes, CEPIS",,Sociedad y bienestar,CSV|JSON|ZIP,https://datos.comunidad.madrid/catalogo/dataset/cepi_usuarios_centro
cepi_centros,"Relación de Centros de Participación e Integración de Inmigrantes, CEPIS (año en curso)",,Sociedad y bienestar,CSV|JSON|ZIP,https://datos.comunidad.madrid/catalogo/dataset/cepi_centros
cepi_actividades_historico,"Actividades de los Centros de Integración y Participación de Inmigrantes, CEPIS (histórico)",,Sociedad y bienestar,CSV|JSON,https://datos.comunidad.madrid/catalogo/dataset/cepi_actividades_historico
cepi_actividades,"Actividades de los Centros de Integración y Participación de Inmigrantes, CEPIS (año en curso)",,Sociedad y bienestar,CSV|JSON,https://datos.comunidad.madrid/catalogo/dataset/cepi_actividades
carne_joven_usuario,USUARIOS DE CARNÉ JOVEN,,Sociedad y bienestar,CSV|JSON|ZIP,https://datos.comunidad.madrid/catalogo/dataset/carne_joven_usuario
carne_joven_lugar_obtencion,LUGAR OBTENCIÓN CARNÉ JOVEN,,Sociedad y bienestar,CSV|JSON|ZIP,https://datos.comunidad.madrid/catalogo/dataset/carne_joven_lugar_obtencion
viviendas_avs,Viviendas de la Agencia de Vivienda Social,2_Inmobiliario_suelo,Vivienda,CSV|JSON|ZIP,https://datos.comunidad.madrid/catalogo/dataset/viviendas_avs
relacion_puestos_trabajo_funcionarios_resumida,Relación de Puestos de Trabajo de funcionarios resumida,4_Empleo_economia,Sector público,CSV|JSON|ZIP,https://datos.comunidad.madrid/catalogo/dataset/relacion_puestos_trabajo_funcionarios_resumida
mediciones_polen_historico,Histórico de mediciones de polen,,Salud,CSV|PDF|ZIP,https://datos.comunidad.madrid/catalogo/dataset/mediciones_polen_historico
registro_solicitudes_reclamaciones_transparencia,Registro de solicitudes y reclamaciones en el ámbito de transparencia,,Legislación y justicia,CSV|JSON|PDF,https://datos.comunidad.madrid/catalogo/dataset/registro_solicitudes_reclamaciones_transparencia
expedientes_regulacion_empleo,Expedientes de Regulación de Empleo,4_Empleo_economia,Empleo,CSV|JSON|ZIP,https://datos.comunidad.madrid/catalogo/dataset/expedientes_regulacion_empleo
registro_explotaciones_ganaderas,Registro de Explotaciones Ganaderas de la Comunidad de Madrid,,Medio Rural,CSV|JSON|ZIP,https://datos.comunidad.madrid/catalogo/dataset/registro_explotaciones_ganaderas
calidad_aire_datos_meteo_historico,Red de Calidad del Aire. Datos meteorológicos horarios desde 2020.,6_Servicios_entorno,Medio ambiente,CSV|PDF,https://datos.comunidad.madrid/catalogo/dataset/calidad_aire_datos_meteo_historico
historico_personal_administracion_justicia,Histórico personal de la Administración de Justicia,,Sector público,ZIP,https://datos.comunidad.madrid/catalogo/dataset/historico_personal_administracion_justicia
personal_administracion_justicia,Personal de la Administración de Justicia,,Sector público,CSV|JSON,https://datos.comunidad.madrid/catalogo/dataset/personal_administracion_justicia
historico_relacion_puestos_trabajo,Histórico de Relación de Puestos de Trabajo,4_Empleo_economia,Sector público,ZIP,https://datos.comunidad.madrid/catalogo/dataset/historico_relacion_puestos_trabajo
relacion_puestos_trabajo,Relación de Puestos de Trabajo,4_Empleo_economia,Sector público,CSV|DOCX|JSON,https://datos.comunidad.madrid/catalogo/dataset/relacion_puestos_trabajo
calidad_aire_datos_historico,Red de Calidad del Aire. Datos horarios desde 2005,6_Servicios_entorno,Medio ambiente,CSV|PDF,https://datos.comunidad.madrid/catalogo/dataset/calidad_aire_datos_historico
residuos_transportistas,Transportistas de residuos de la Comunidad de Madrid,6_Servicios_entorno,Medio ambiente,CSV|ZIP,https://datos.comunidad.madrid/catalogo/dataset/residuos_transportistas
residuos_scrap,Sistemas colectivos de responsabilidad ampliada del productor (SCRAP) de la Comunidad de Madrid,,Medio ambiente,CSV|JSON|ZIP,https://datos.comunidad.madrid/catalogo/dataset/residuos_scrap
residuos_negociantes,Negociantes de residuos de la Comunidad de Madrid,6_Servicios_entorno,Medio ambiente|Medio ambiente,CSV|JSON|ZIP,https://datos.comunidad.madrid/catalogo/dataset/residuos_negociantes
residuos_agentes,Agentes de residuos de la Comunidad de Madrid,6_Servicios_entorno,Medio ambiente|Medio ambiente,CSV|JSON|ZIP,https://datos.comunidad.madrid/catalogo/dataset/residuos_agentes
residuos_gestores,Instalaciones de gestión de residuos de la Comunidad de Madrid,6_Servicios_entorno,Medio ambiente,CSV|JSON|ZIP,https://datos.comunidad.madrid/catalogo/dataset/residuos_gestores
spacm_entidades_deportivas,Registro de Entidades Deportivas de la Comunidad de Madrid,,Deporte|Deporte,CSV|JSON|ZIP,https://datos.comunidad.madrid/catalogo/dataset/spacm_entidades_deportivas
registro_establecimientos_adorno_corporal,Registro de Establecimientos de Adorno Corporal,4_Empleo_economia,Salud,CSV|JSON|ZIP,https://datos.comunidad.madrid/catalogo/dataset/registro_establecimientos_adorno_corporal
registro_establecimientos_servicios_biocidas,Registro de Establecimientos y Servicios Biocidas,4_Empleo_economia,Salud,CSV|JSON|ZIP,https://datos.comunidad.madrid/catalogo/dataset/registro_establecimientos_servicios_biocidas
registro_certificados_eficiencia_energetica,Registro de Certificados de Eficiencia Energética de Edificios,6_Servicios_entorno,Energía,CSV|ZIP,https://datos.comunidad.madrid/catalogo/dataset/registro_certificados_eficiencia_energetica
titulos_prestados_servicios_lectura_publica,Títulos prestados en servicios de lectura pública de la Comunidad de Madrid,,Cultura y ocio,CSV|JSON|PDF|ZIP,https://datos.comunidad.madrid/catalogo/dataset/titulos_prestados_servicios_lectura_publica
relacion_puestos_trabajo_madrid_digital,Relación de Puestos de Trabajo Madrid Digital,4_Empleo_economia,Sector público,CSV|JSON|ZIP,https://datos.comunidad.madrid/catalogo/dataset/relacion_puestos_trabajo_madrid_digital
alojamientos_turisticos,Alojamientos turísticos de la Comunidad de Madrid,,Turismo,CSV|JSON,https://datos.comunidad.madrid/catalogo/dataset/alojamientos_turisticos
registro_sociedades_laborales,Registro Administrativo de Sociedades Laborales,3_Demografia_talento,Economía,CSV|JSON,https://datos.comunidad.madrid/catalogo/dataset/registro_sociedades_laborales
registro_cooperativas,Registro de Cooperativas,,Economía,CSV|JSON,https://datos.comunidad.madrid/catalogo/dataset/registro_cooperativas
sugerencias_quejas_agradecimientos,"Sugerencias, quejas y agradecimientos (año en curso)",,Sociedad y bienestar,CSV|JSON,https://datos.comunidad.madrid/catalogo/dataset/sugerencias_quejas_agradecimientos
oficinas_farmacia,Oficinas de farmacia,,Salud,CSV|JSON,https://datos.comunidad.madrid/catalogo/dataset/oficinas_farmacia
registro_autorizacion_ambiental_integrada,Autorizaciones Ambientales Integradas de la Comunidad de Madrid,,Medio ambiente,CSV|JSON,https://datos.comunidad.madrid/catalogo/dataset/registro_autorizacion_ambiental_integrada
1934125,Gasto por edad del sustentador principal,3_Demografia_talento,Sociedad y bienestar,CSV|JSON,https://datos.comunidad.madrid/catalogo/dataset/1934125
1916741,Recaudación tributaria de impuestos,1_Ayudas_fiscalidad,Hacienda,CSV|JSON,https://datos.comunidad.madrid/catalogo/dataset/1916741
1301022,Productos más comercializados en los Mercados Centrales de Mercamadrid,,Comercio,CSV|JSON,https://datos.comunidad.madrid/catalogo/dataset/1301022
1006022,"Visados, superficie y presupuesto de dirección de obra de edificios por tipo de obra y características de los edificios",1_Ayudas_fiscalidad,,CSV|JSON,https://datos.comunidad.madrid/catalogo/dataset/1006022
901001,"Red de carreteras por dependencia, tipo y ancho de vía",5_Conectividad_movilidad,Transporte,CSV|JSON,https://datos.comunidad.madrid/catalogo/dataset/901001
801006,Reuniones y participantes,,Sociedad y bienestar,CSV|JSON,https://datos.comunidad.madrid/catalogo/dataset/801006
602021,Enfermos residentes dados de alta por lugar de hospitalización,6_Servicios_entorno,Salud,CSV|JSON,https://datos.comunidad.madrid/catalogo/dataset/602021
602007,Casos registrados de enfermedades de declaración obligatoria. Total,3_Demografia_talento,Salud,CSV|JSON,https://datos.comunidad.madrid/catalogo/dataset/602007
explotaciones_2023_jefes_por_utat_edad_formacion_y_sexo,"Estructura explotaciones agrícolas 2023. Jefes/as de la explotación por unidad de trabajo-año total (UTAT), edad, formación agraria y sexo",3_Demografia_talento|4_Empleo_economia,,CSV|JSON,https://datos.comunidad.madrid/catalogo/dataset/explotaciones_2023_jefes_por_utat_edad_formacion_y_sexo
defunciones_residentes_por_suicidio_edad_y_sexo,"Defunciones de residentes por suicidio, grupos de edad y sexo",3_Demografia_talento,Salud,CSV|JSON,https://datos.comunidad.madrid/catalogo/dataset/defunciones_residentes_por_suicidio_edad_y_sexo
consumo_alimentos_24_horas_adultos_por_sexo,Consumo de diversos alimentos en las últimas 24 horas. Adultos por sexo,,Salud,CSV|JSON,https://datos.comunidad.madrid/catalogo/dataset/consumo_alimentos_24_horas_adultos_por_sexo
tesis_doctorales_aprobadas_universidades_privadas_por_sexo_edad_y_universidad,"Tesis doctorales aprobadas en universidades privadas por sexo, grupo de edad y universidad",3_Demografia_talento,Educación,CSV|JSON,https://datos.comunidad.madrid/catalogo/dataset/tesis_doctorales_aprobadas_universidades_privadas_por_sexo_edad_y_universidad
personal_docente_investigador_universidades_publicas_por_universidad_y_sexo,Personal docente e investigador de universidades públicas por universidad y sexo,,Educación,CSV|JSON,https://datos.comunidad.madrid/catalogo/dataset/personal_docente_investigador_universidades_publicas_por_universidad_y_sexo
elecciones_senado_distritos_madrid,Elecciones al Senado en los distritos del municipio de Madrid,,Sociedad y bienestar,CSV|JSON,https://datos.comunidad.madrid/catalogo/dataset/elecciones_senado_distritos_madrid
alumnos_matriculados_bachillerato_presencial_terminaron_por_titularidad_ensenianza_y_sexo,"Alumnos matriculados en bachillerato presencial que terminaron sus estudios por titularidad del centro, enseñanza y sexo",3_Demografia_talento,Educación,CSV|JSON,https://datos.comunidad.madrid/catalogo/dataset/alumnos_matriculados_bachillerato_presencial_terminaron_por_titularidad_ensenianza_y_sexo
alumnos_matriculados_bachillerato_por_modalidad_curso_tipo_y_sexo,"Alumnos matriculados en bachillerato por modalidad, curso, tipo de centro y sexo",3_Demografia_talento,Educación,CSV|JSON,https://datos.comunidad.madrid/catalogo/dataset/alumnos_matriculados_bachillerato_por_modalidad_curso_tipo_y_sexo
alumnos_general_matriculados_por_tipo,Alumnos del régimen general matriculados en centros escolares por tipo de enseñanza,3_Demografia_talento,Educación,CSV|JSON,https://datos.comunidad.madrid/catalogo/dataset/alumnos_general_matriculados_por_tipo
pensiones_contributivas_media_anual_por_pension_y_sexo,Pensiones contributivas. Pensión media anual por tramo de pensión y sexo,1_Ayudas_fiscalidad,Sociedad y bienestar,CSV|JSON,https://datos.comunidad.madrid/catalogo/dataset/pensiones_contributivas_media_anual_por_pension_y_sexo
pensiones_contributivas_pensionistas_por_distritos_y_sexo,Pensiones contributivas. Pensionistas por distritos y sexo,1_Ayudas_fiscalidad,Sociedad y bienestar,CSV|JSON,https://datos.comunidad.madrid/catalogo/dataset/pensiones_contributivas_pensionistas_por_distritos_y_sexo
nuevas_inscripciones_electorales_por_pais_sexo_y_edad,"Nuevas inscripciones a afectos electorales por país de residencia, sexo y grupo de edad",3_Demografia_talento|6_Servicios_entorno,Demografía,CSV|JSON,https://datos.comunidad.madrid/catalogo/dataset/nuevas_inscripciones_electorales_por_pais_sexo_y_edad
mnp_nacidos_vivos_por_edad_y_nacionalidad,Nacidos vivos de madres residentes por grupo de edad y nacionalidad de la madre. Municipios,3_Demografia_talento,Demografía,CSV|JSON,https://datos.comunidad.madrid/catalogo/dataset/mnp_nacidos_vivos_por_edad_y_nacionalidad
1928941,Extranjeros con autorización de residencia en vigor por motivo de concesión,6_Servicios_entorno,Demografía,CSV|JSON,https://datos.comunidad.madrid/catalogo/dataset/1928941
1921920,Evolución del consumo de energía final,6_Servicios_entorno,Comercio|Energía,CSV|JSON,https://datos.comunidad.madrid/catalogo/dataset/1921920
1917743,Nacidos vivos de madres residentes por nacionalidad de la madre: Total,,Demografía,CSV|JSON,https://datos.comunidad.madrid/catalogo/dataset/1917743
1914584,Indicadores de actividad obstétrica y de urgencias,,Salud,CSV|JSON,https://datos.comunidad.madrid/catalogo/dataset/1914584
1504001,Impuestos y tasas recaudados correspondientes a los Presupuestos Generales del Estado,1_Ayudas_fiscalidad,Hacienda,CSV|JSON,https://datos.comunidad.madrid/catalogo/dataset/1504001
101019,Incendios y superficie afectada,,Medio ambiente,CSV|JSON,https://datos.comunidad.madrid/catalogo/dataset/101019
llegadas_pasajeros_por_clase_aeropuerto_y_tipo,"Llegadas de pasajeros por clase de vuelo, aeropuerto y tipo de pasajero",5_Conectividad_movilidad,Transporte,CSV|JSON,https://datos.comunidad.madrid/catalogo/dataset/llegadas_pasajeros_por_clase_aeropuerto_y_tipo
operaciones_por_zona_geografica_aeropuerto_y_clase,"Operaciones de transporte aéreo por zona geográfica, aeropuerto y clase de vuelo",5_Conectividad_movilidad,Transporte,CSV|JSON,https://datos.comunidad.madrid/catalogo/dataset/operaciones_por_zona_geografica_aeropuerto_y_clase
magnitudes_economicas_servicios_por_actividad,Principales magnitudes económicas del sector Servicios por actividad principal,,Economía,CSV|JSON,https://datos.comunidad.madrid/catalogo/dataset/magnitudes_economicas_servicios_por_actividad
violencia_mujer_por_partidos_judiciales,Violencia contra la mujer por Partidos Judiciales,,Legislación y justicia|Sociedad y bienestar,CSV|JSON,https://datos.comunidad.madrid/catalogo/dataset/violencia_mujer_por_partidos_judiciales
centros_servicios_bibliotecarios_dependientes_cm_ayuntamiento_madrid,Centros y servicios bibliotecarios dependientes de la CM y del Ayuntamiento de Madrid,,Cultura y ocio,CSV|JSON,https://datos.comunidad.madrid/catalogo/dataset/centros_servicios_bibliotecarios_dependientes_cm_ayuntamiento_madrid
alumnos_matriculados_regimen_especial_conservacion_por_curso_especialidad_edad_y_sexo,"Alumnos del régimen especial matriculados en Conservacion y Restauración de Bienes Culturales por curso, especialidad, edad y sexo",3_Demografia_talento|6_Servicios_entorno,Educación,CSV|JSON,https://datos.comunidad.madrid/catalogo/dataset/alumnos_matriculados_regimen_especial_conservacion_por_curso_especialidad_edad_y_sexo
unidades_escolares_por_tipo_y_titularidad,Unidades escolares por tipo de enseñanza y titularidad del centro,,Educación,CSV|JSON,https://datos.comunidad.madrid/catalogo/dataset/unidades_escolares_por_tipo_y_titularidad
profesores_regimen_general_por_tipo_y_titularidad,Profesores de centros del régimen general por tipo de enseñanza y titularidad del centro,,Educación,CSV|JSON,https://datos.comunidad.madrid/catalogo/dataset/profesores_regimen_general_por_tipo_y_titularidad
perceptores_por_entidad_y_sexo,Recursos económicos de los hogares. Óptica pagadores. Perceptores por tipo de entidad pagadora y sexo,3_Demografia_talento,Economía,CSV|JSON,https://datos.comunidad.madrid/catalogo/dataset/perceptores_por_entidad_y_sexo
retribuciones_pensiones_por_tipo,Retribuciones anuales medias por persona procedentes de pensiones por diversas características y tipo de pensión,,Empleo|Sociedad y bienestar,CSV|JSON,https://datos.comunidad.madrid/catalogo/dataset/retribuciones_pensiones_por_tipo
consumo_aparente_cemento,Consumo aparente de cemento. Comunidad de Madrid y España,,Economía,CSV|JSON,https://datos.comunidad.madrid/catalogo/dataset/consumo_aparente_cemento
afiliados_seg_social_media_mes_sexo_edad,"Afiliados a la Seguridad Social en alta laboral, media mensual, por sexo y edad. Comunidad de Madrid y España",3_Demografia_talento|4_Empleo_economia|6_Servicios_entorno,Economía,CSV|JSON,https://datos.comunidad.madrid/catalogo/dataset/afiliados_seg_social_media_mes_sexo_edad
afiliados_seg_social_rg_reta_media_mes_cnae25,"Afiliados a la Seguridad Social en alta laboral, Régimen General y R.E. Trabajadores Autónomos (RETA), media mensual, por sección de actividad (CNAE-2025). Comunidad de Madrid y España",4_Empleo_economia|6_Servicios_entorno,Economía,CSV|JSON,https://datos.comunidad.madrid/catalogo/dataset/afiliados_seg_social_rg_reta_media_mes_cnae25
afiliados_seg_social_media_mes_regimen_sexo,"Afiliados a la Seguridad Social en alta laboral, media mensual, por régimen y sexo. Comunidad de Madrid y España",4_Empleo_economia|6_Servicios_entorno,Economía,CSV|JSON,https://datos.comunidad.madrid/catalogo/dataset/afiliados_seg_social_media_mes_regimen_sexo
paro_registrado_sit_laboral_cnae09,Movimiento Laboral Registrado. Paro registrado en función de la situación laboral anterior al paro (serie CNAE-2009). Comunidad de Madrid y España,4_Empleo_economia,Economía,CSV|JSON,https://datos.comunidad.madrid/catalogo/dataset/paro_registrado_sit_laboral_cnae09
paro_registrado_sexo_edad,"Movimiento Laboral Registrado. Paro registrado, por sexo y edad. Comunidad de Madrid y España",3_Demografia_talento|4_Empleo_economia,Economía,CSV|JSON,https://datos.comunidad.madrid/catalogo/dataset/paro_registrado_sexo_edad
afiliados_seg_social_ultimo_dia_mes_cc_regimen,"Afiliados a la Seguridad Social en alta laboral a último día de mes según cuentas de cotización, por régimen. Comunidad de Madrid y España",4_Empleo_economia|6_Servicios_entorno,Economía,CSV|JSON,https://datos.comunidad.madrid/catalogo/dataset/afiliados_seg_social_ultimo_dia_mes_cc_regimen
afiliados_seg_social_media_mes_sexo_contrato_jornada,"Afiliados a la Seguridad Social en alta laboral, media mensual, por sexo, tipo de contrato y jornada. Comunidad de Madrid y España",4_Empleo_economia|6_Servicios_entorno,Economía,CSV|JSON,https://datos.comunidad.madrid/catalogo/dataset/afiliados_seg_social_media_mes_sexo_contrato_jornada
ventas_cemento,Ventas de cemento. Comunidad de Madrid y España,,Economía,CSV|JSON,https://datos.comunidad.madrid/catalogo/dataset/ventas_cemento
contratos_trabajo_tipo,"Movimiento Laboral Registrado. Contratos de trabajo, por tipo. Comunidad de Madrid y España",4_Empleo_economia,Economía,CSV|JSON,https://datos.comunidad.madrid/catalogo/dataset/contratos_trabajo_tipo
paro_registrado_cnae09,"Movimiento Laboral Registrado. Paro registrado, por sector de actividad (CNAE-2009). Comunidad de Madrid y España",4_Empleo_economia,Economía,CSV|JSON,https://datos.comunidad.madrid/catalogo/dataset/paro_registrado_cnae09
1903455,"Alumnos matriculados en bachillerato repetidores por curso, titularidad de centro y sexo",3_Demografia_talento,Educación,CSV|JSON,https://datos.comunidad.madrid/catalogo/dataset/1903455
302006,"Contratos registrados por tipo, duración y sexo",4_Empleo_economia,Empleo,CSV|JSON,https://datos.comunidad.madrid/catalogo/dataset/302006
colectivo_empresarial_base_2015_por_rama_actividad_r12_y_estrato_empleo,Colectivo Empresarial. Base 2015. Unidades productivas y ocupados por rama de actividad (R12) y estrato de empleo,4_Empleo_economia,,CSV|JSON,https://datos.comunidad.madrid/catalogo/dataset/colectivo_empresarial_base_2015_por_rama_actividad_r12_y_estrato_empleo
colectivo_empresarial_base_2015_por_distrito_y_rama_actividad_r12,Colectivo Empresarial. Base 2015. Unidades productivas y ocupados por rama de actividad (R12),4_Empleo_economia,Empleo,CSV|JSON,https://datos.comunidad.madrid/catalogo/dataset/colectivo_empresarial_base_2015_por_distrito_y_rama_actividad_r12
magnitudes_recaudatorias_declaraciones_iva_por_sector,Magnitudes recaudatorias de las declaraciones de IVA por sector económico,,Hacienda,CSV|JSON,https://datos.comunidad.madrid/catalogo/dataset/magnitudes_recaudatorias_declaraciones_iva_por_sector
becas_masteres_oficiales_por_universidad_y_entidad_financiadora,Becas de másteres oficiales por universidad y entidad financiadora,1_Ayudas_fiscalidad,Educación,CSV|JSON,https://datos.comunidad.madrid/catalogo/dataset/becas_masteres_oficiales_por_universidad_y_entidad_financiadora
alumnos_regimen_especial_matriculados_idiomas_por_modalidad_ciclo_y_sexo,"Alumnos del régimen especial matriculados en enseñanzas de Idiomas por modalidad, ciclo y sexo",3_Demografia_talento,Educación,CSV|JSON,https://datos.comunidad.madrid/catalogo/dataset/alumnos_regimen_especial_matriculados_idiomas_por_modalidad_ciclo_y_sexo
transacciones_vivienda_nueva_usada_municipio,"Transacciones inmobiliarias de vivienda nueva y de segunda mano, por municipio. Comunidad de Madrid",2_Inmobiliario_suelo,Economía,CSV|JSON,https://datos.comunidad.madrid/catalogo/dataset/transacciones_vivienda_nueva_usada_municipio
transacciones_inmobiliarias_lugar_residencia_comprador,"Número de transacciones inmobiliarias de viviendas en la Comunidad de Madrid, por comunidad autónoma o provincia de residencia del comprador.",2_Inmobiliario_suelo|4_Empleo_economia|6_Servicios_entorno,Economía,CSV|JSON,https://datos.comunidad.madrid/catalogo/dataset/transacciones_inmobiliarias_lugar_residencia_comprador
transacciones_inmobiliarias_libre_tipologia_edificio,"Número de transacciones inmobiliarias de vivienda libre, por tipología del edificio; total, vivienda nueva y vivienda de segunda mano. Comunidad de Madrid y España",2_Inmobiliario_suelo,Economía,CSV|JSON,https://datos.comunidad.madrid/catalogo/dataset/transacciones_inmobiliarias_libre_tipologia_edificio
transacciones_inmobiliarias_residentes,"Número de transacciones inmobiliarias de compradores residentes en la Comunidad de Madrid, por comunidad autónoma o provincia donde radica el inmueble.",2_Inmobiliario_suelo|4_Empleo_economia,Economía,CSV|JSON,https://datos.comunidad.madrid/catalogo/dataset/transacciones_inmobiliarias_residentes
transacciones_inmobiliarias_municipio,"Número de transacciones inmobiliarias, por municipio. Vivienda libre y vivienda protegida. Comunidad de Madrid",2_Inmobiliario_suelo,Economía,CSV|JSON,https://datos.comunidad.madrid/catalogo/dataset/transacciones_inmobiliarias_municipio
transacciones_inmobiliarias_protegida,Número de transacciones inmobiliarias de vivienda libre. Vivienda nueva y de segunda mano. Comunidad de Madrid y España,2_Inmobiliario_suelo,Economía,CSV|JSON,https://datos.comunidad.madrid/catalogo/dataset/transacciones_inmobiliarias_protegida
transacciones_inmobiliarias_es_residencia_nacionalidad,"Número de transacciones inmobiliarias de viviendas de España, según residencia en España y nacionalidad (españoles y extranjeros) del comprador",2_Inmobiliario_suelo|6_Servicios_entorno,Economía,CSV|JSON,https://datos.comunidad.madrid/catalogo/dataset/transacciones_inmobiliarias_es_residencia_nacionalidad
transacciones_inmobiliarias_es30_residencia_nacionalidad,"Número de transacciones inmobiliarias de viviendas de la Comunidad de Madrid, según residencia en España y nacionalidad (españoles y extranjeros) del comprador",2_Inmobiliario_suelo|6_Servicios_entorno,Economía,CSV|JSON,https://datos.comunidad.madrid/catalogo/dataset/transacciones_inmobiliarias_es30_residencia_nacionalidad
transacciones_inmobiliarias_libre,"Número de transacciones, valor total y valor medio de las transacciones inmobiliarias de vivienda libre, nuevas y de segunda mano; total y de compradores extranjeros residentes en España. Comunidad de Madrid y España",2_Inmobiliario_suelo,Economía,CSV|JSON,https://datos.comunidad.madrid/catalogo/dataset/transacciones_inmobiliarias_libre
eoate_albergues,Encuesta de ocupación de alojamientos turísticos extrahoteleros. Albergues. Comunidad de Madrid y España,,Economía,CSV|JSON,https://datos.comunidad.madrid/catalogo/dataset/eoate_albergues
eoate_alojamientos_turismo_rural,Encuesta de ocupación de alojamientos turísticos extrahoteleros. Alojamientos de turismo rural. Comunidad de Madrid y España,6_Servicios_entorno,Economía,CSV|JSON,https://datos.comunidad.madrid/catalogo/dataset/eoate_alojamientos_turismo_rural
eoate_campings,Encuesta de ocupación de alojamientos turísticos extrahoteleros. Campings. Comunidad de Madrid y España,,Economía,CSV|JSON,https://datos.comunidad.madrid/catalogo/dataset/eoate_campings
eoate_apartamentos_turisticos,Encuesta de ocupación de alojamientos turísticos extrahoteleros. Apartamentos turísticos. Comunidad de Madrid y España,,Economía,CSV|JSON,https://datos.comunidad.madrid/catalogo/dataset/eoate_apartamentos_turisticos
eoate_viajeros_pernoctaciones,Encuesta de ocupación de alojamientos turísticos extrahoteleros. Total viajeros y pernoctaciones. Comunidad de Madrid y España,,Economía,CSV|JSON,https://datos.comunidad.madrid/catalogo/dataset/eoate_viajeros_pernoctaciones
licitacion_oficial_obras_administracion,"Licitación oficial de obras, por tipo de administración. Comunidad de Madrid y España",,Economía,CSV|JSON,https://datos.comunidad.madrid/catalogo/dataset/licitacion_oficial_obras_administracion
licitacion_oficial_obras_tipologia,"Licitación oficial de obras, por tipo de obra. Comunidad de Madrid y España",,Economía,CSV|JSON,https://datos.comunidad.madrid/catalogo/dataset/licitacion_oficial_obras_tipologia
bolsa_indices,Índices de cotización de acciones (ICA). IBEX 35 y Bolsa de Madrid,,Economía,CSV|JSON,https://datos.comunidad.madrid/catalogo/dataset/bolsa_indices
1932149,"Población desempleada por sexo, grupo de edad e intervalo de ingresos brutos anuales",3_Demografia_talento,,CSV|JSON,https://datos.comunidad.madrid/catalogo/dataset/1932149
1923431,Víctimas de infracciones penales por tipología penal y sexo,,Legislación y justicia,CSV|JSON,https://datos.comunidad.madrid/catalogo/dataset/1923431
1919187,Demanda del servicio público de bicicletas por municipios,,Transporte,CSV|JSON,https://datos.comunidad.madrid/catalogo/dataset/1919187
1914225,Pluriempleados por edad quinquenal,3_Demografia_talento,Empleo,CSV|JSON,https://datos.comunidad.madrid/catalogo/dataset/1914225
703009,Hábitos y prácticas culturales. Televisión y radio,6_Servicios_entorno,Cultura y ocio,CSV|JSON,https://datos.comunidad.madrid/catalogo/dataset/703009
resultado_contable_impuesto_sociedades_por_sectores,Resultado contable del Impuesto sobre Sociedades por sectores económicos,1_Ayudas_fiscalidad|3_Demografia_talento,Hacienda,CSV|JSON,https://datos.comunidad.madrid/catalogo/dataset/resultado_contable_impuesto_sociedades_por_sectores
matrimonios_mismo_sexo_por_nacionalidad_y_sexo,Matrimonios del mismo sexo por nacionalidad de los cónyuges y sexo,,,CSV|JSON,https://datos.comunidad.madrid/catalogo/dataset/matrimonios_mismo_sexo_por_nacionalidad_y_sexo
asociaciones_federaciones_activo_por_ambito_y_tipo,Asociaciones y federaciones en activo por ámbito y tipología,,Sociedad y bienestar,CSV|JSON,https://datos.comunidad.madrid/catalogo/dataset/asociaciones_federaciones_activo_por_ambito_y_tipo
elecciones_congreso_diputados_distritos_madrid,Elecciones al Congreso de los Diputados en los distritos del municipio de Madrid,,Sociedad y bienestar,CSV|JSON,https://datos.comunidad.madrid/catalogo/dataset/elecciones_congreso_diputados_distritos_madrid
alumnos_matriculados_regimen_especial_disenio_por_curso_especialidad_edad_y_sexo,"Alumnos del régimen especial matriculados en Diseño por curso, especialidad, edad y sexo",3_Demografia_talento,Educación,CSV|JSON,https://datos.comunidad.madrid/catalogo/dataset/alumnos_matriculados_regimen_especial_disenio_por_curso_especialidad_edad_y_sexo
alumnos_matriculados_regimen_especial_por_titularidad,Alumnos matriculados en centros de régimen especial por titularidad del centro,3_Demografia_talento,Educación,CSV|JSON,https://datos.comunidad.madrid/catalogo/dataset/alumnos_matriculados_regimen_especial_por_titularidad
alumnos_matriculados_educacion_especial_por_tipo_y_sexo,Alumnos matriculados en educación especial específica por tipo de enseñanzas y sexo,3_Demografia_talento,,CSV|JSON,https://datos.comunidad.madrid/catalogo/dataset/alumnos_matriculados_educacion_especial_por_tipo_y_sexo
alumnos_matriculados_eso_por_ciclo_curso_y_tipo,"Alumnos matriculados en Educación Secundaria Obligatoria (ESO) por ciclo, curso y tipo de centro",3_Demografia_talento,Educación,CSV|JSON,https://datos.comunidad.madrid/catalogo/dataset/alumnos_matriculados_eso_por_ciclo_curso_y_tipo
pensiones_contributivas_importe_medio_mensual_pensionista_por_distritos_y_sexo,Pensiones contributivas. Importe medio mensual por pensionista por distritos y sexo,1_Ayudas_fiscalidad,Sociedad y bienestar,CSV|JSON,https://datos.comunidad.madrid/catalogo/dataset/pensiones_contributivas_importe_medio_mensual_pensionista_por_distritos_y_sexo
porcentaje_paro_por_edad_y_sexo,Porcentaje de parados registrados en las oficinas de empleo por edad y sexo. Municipios,3_Demografia_talento|4_Empleo_economia,Empleo,CSV|JSON,https://datos.comunidad.madrid/catalogo/dataset/porcentaje_paro_por_edad_y_sexo
censo_2011_poblacion_censada_por_edad_y_sexo,Población censada por edad quinquenal y sexo. Censo 2011. Municipios,3_Demografia_talento,Demografía,CSV|JSON,https://datos.comunidad.madrid/catalogo/dataset/censo_2011_poblacion_censada_por_edad_y_sexo
atencion_social_registro_centros,Registro de centros de atención social,,Sociedad y bienestar,CSV|JSON|ZIP,https://datos.comunidad.madrid/catalogo/dataset/atencion_social_registro_centros
atencion_social_registro_servicios,Registro de servicios de atención social,,Sociedad y bienestar,CSV|JSON|ZIP,https://datos.comunidad.madrid/catalogo/dataset/atencion_social_registro_servicios
visados_obra_nueva,"Visados de dirección de obra nueva, por uso de la edificación. Comunidad de Madrid y España",2_Inmobiliario_suelo,Economía,CSV|JSON,https://datos.comunidad.madrid/catalogo/dataset/visados_obra_nueva
1927700,Índice de Precios de Consumo por grupos de gasto (Base 2021),,Economía,CSV|JSON,https://datos.comunidad.madrid/catalogo/dataset/1927700
1921954,Generación de energía,6_Servicios_entorno,Comercio|Energía,CSV|JSON,https://datos.comunidad.madrid/catalogo/dataset/1921954
1919251,Ocupados por ramas de actividad (R66) (Base 2015),4_Empleo_economia,Empleo,CSV|JSON,https://datos.comunidad.madrid/catalogo/dataset/1919251
1918845,Personal civil laboral al servicio de la Administración Militar por tipo de situación y por sexo,,Sector público|Seguridad,CSV|JSON,https://datos.comunidad.madrid/catalogo/dataset/1918845
turismo_residentes_espania_a_cm_por_tipo_alojamiento,Turismo de residentes en España a la Comunidad de Madrid por tipo de alojamiento principal,6_Servicios_entorno,Turismo,CSV|JSON,https://datos.comunidad.madrid/catalogo/dataset/turismo_residentes_espania_a_cm_por_tipo_alojamiento
perceptores_salarios_por_salario_y_sexo,Recursos económicos de los hogares. Óptica perceptores. Salarios por tramos de salario y sexo,3_Demografia_talento|4_Empleo_economia,Economía,CSV|JSON,https://datos.comunidad.madrid/catalogo/dataset/perceptores_salarios_por_salario_y_sexo
valor_tasado_vivienda_municipio_antiguedad,"Valor tasado de la vivienda, por municipio (mayores de 25.000 habitantes) y antigüedad. Comunidad de Madrid",2_Inmobiliario_suelo|3_Demografia_talento,Economía,CSV|JSON,https://datos.comunidad.madrid/catalogo/dataset/valor_tasado_vivienda_municipio_antiguedad
indice_comercio_menor_base_2021,Índice del Comercio al por Menor (ICM). Base 2021. Índice general (precios corrientes y precios constantes) e índice de ocupación. Comunidad de Madrid y España,,Economía,CSV|JSON,https://datos.comunidad.madrid/catalogo/dataset/indice_comercio_menor_base_2021
1917376,Divorcios por diversas características y nulidades,,Demografía,CSV|JSON,https://datos.comunidad.madrid/catalogo/dataset/1917376
101021,Espacios naturales protegidos,,Medio ambiente,CSV|JSON,https://datos.comunidad.madrid/catalogo/dataset/101021
pasajeros_por_zona_geografica_aeropuerto_tipo_y_clase,"Pasajeros por zona geográfica, aeropuerto, tipo de pasajero y clase de vuelo",5_Conectividad_movilidad,Transporte,CSV|JSON,https://datos.comunidad.madrid/catalogo/dataset/pasajeros_por_zona_geografica_aeropuerto_tipo_y_clase
defunciones_por_causa_edad_y_sexo,"Defunciones por causa, edad y sexo",3_Demografia_talento,Salud,CSV|JSON,https://datos.comunidad.madrid/catalogo/dataset/defunciones_por_causa_edad_y_sexo
actividades_fisicas_frecuentes_por_sexo_y_edad,Actividades físicas más frecuentes por sexo y edad,3_Demografia_talento,Salud,CSV|JSON,https://datos.comunidad.madrid/catalogo/dataset/actividades_fisicas_frecuentes_por_sexo_y_edad
convenios_colectivos_por_actividad,Convenios colectivos por sección de actividad,,Empleo,CSV|JSON,https://datos.comunidad.madrid/catalogo/dataset/convenios_colectivos_por_actividad
crt_base_2020_demanda_indices_vol_encad,Contabilidad Regional Trimestral de la Comunidad de Madrid. Base 2020. Demanda. Índices de volumen encadenados,,Economía,CSV|JSON,https://datos.comunidad.madrid/catalogo/dataset/crt_base_2020_demanda_indices_vol_encad
crt_base_2020_demanda_precios_corrientes,Contabilidad Regional Trimestral de la Comunidad de Madrid. Base 2020. Demanda. Precios corrientes,,Economía,CSV|JSON,https://datos.comunidad.madrid/catalogo/dataset/crt_base_2020_demanda_precios_corrientes
crt_base_2020_pib_pm_indices_vol_encad,Contabilidad Regional Trimestral de la Comunidad de Madrid. Base 2020. PIB pm. Índices de volumen encadenados,4_Empleo_economia,Economía,CSV|JSON,https://datos.comunidad.madrid/catalogo/dataset/crt_base_2020_pib_pm_indices_vol_encad
precios_agrarios_base_2020,"Índice de Precios Agrarios (IPA). Base 2020. Precios agrarios, percibidos y pagados por los agricultores. España",,Economía,CSV|JSON,https://datos.comunidad.madrid/catalogo/dataset/precios_agrarios_base_2020
crt_base_2020_impuestos_netos_indices_vol_encad,Contabilidad Regional Trimestral de la Comunidad de Madrid. Base 2020. Impuestos netos sobre los productos. Índices de volumen encadenados,1_Ayudas_fiscalidad,Economía,CSV|JSON,https://datos.comunidad.madrid/catalogo/dataset/crt_base_2020_impuestos_netos_indices_vol_encad
crt_base_2020_vab_pb_indices_vol_encad,Contabilidad Regional Trimestral de la Comunidad de Madrid. Base 2020. VAR pb. Índices de volumen encadenados,,Economía,CSV|JSON,https://datos.comunidad.madrid/catalogo/dataset/crt_base_2020_vab_pb_indices_vol_encad
crt_base_2020_impuestos_netos_precios_corrientes,Contabilidad Regional Trimestral de la Comunidad de Madrid. Base 2020. Impuestos netos sobre los productos. Precios corrientes,1_Ayudas_fiscalidad,Economía,CSV|JSON,https://datos.comunidad.madrid/catalogo/dataset/crt_base_2020_impuestos_netos_precios_corrientes
crt_base_2020_pib_pm_precios_corrientes,Contabilidad Regional Trimestral de la Comunidad de Madrid. Base 2020. PIB pm. Precios corrientes,4_Empleo_economia,Economía,CSV|JSON,https://datos.comunidad.madrid/catalogo/dataset/crt_base_2020_pib_pm_precios_corrientes
crt_base_2020_vab_pb_precios_corrientes,Contabilidad Regional Trimestral de la Comunidad de Madrid. Base 2020. VAB pb. Precios corrientes,,Economía,CSV|JSON,https://datos.comunidad.madrid/catalogo/dataset/crt_base_2020_vab_pb_precios_corrientes
hipotecas_constituidas_base_2003_capital_medio,Hipotecas constituidas. Capital medio. Base 2003. Comunidad de Madrid y España,,Economía,CSV|JSON,https://datos.comunidad.madrid/catalogo/dataset/hipotecas_constituidas_base_2003_capital_medio
hipotecas_constituidas_base_2003_numero_importe,"Hipotecas constituidas. Número e importe, por tipo de finca y tipo de entidad prestataria. Base 2003. Comunidad de Madrid y España",,Economía,CSV|JSON,https://datos.comunidad.madrid/catalogo/dataset/hipotecas_constituidas_base_2003_numero_importe
1925220,Alumnos matriculados en Educación Secundaria Obligatoria (ESO) que terminaron sus estudios por titularidad del centro y por sexo,3_Demografia_talento,Educación,CSV|JSON,https://datos.comunidad.madrid/catalogo/dataset/1925220
1925206,Alumnos matriculados en ciclos formativos de formación profesional básica que terminaron su estudios por titularidad del centro y sexo,3_Demografia_talento,Educación,CSV|JSON,https://datos.comunidad.madrid/catalogo/dataset/1925206
1902301,Hipotecas canceladas,,,CSV|JSON,https://datos.comunidad.madrid/catalogo/dataset/1902301
202010,Indicadores de natalidad y fecundidad,,Demografía,CSV|JSON,https://datos.comunidad.madrid/catalogo/dataset/202010
estancia_media_enfermos_alta_hospitales_por_diagnostico_y_sexo,Estancia media de enfermos dados de alta en hospitales de la región por diagnóstico principal y sexo,6_Servicios_entorno,Salud,CSV|JSON,https://datos.comunidad.madrid/catalogo/dataset/estancia_media_enfermos_alta_hospitales_por_diagnostico_y_sexo
gasto_publico_educacion_resto_consejerias_por_capitulo,Gasto público en Educación del resto de Consejerías por capítulo,3_Demografia_talento,Educación|Hacienda,CSV|JSON,https://datos.comunidad.madrid/catalogo/dataset/gasto_publico_educacion_resto_consejerias_por_capitulo
alumnos_finalizado_cursos_fp_ocupacional_consejeria_economia_hacienda_empleo_por_sexo,"Alumnos que han finalizado cursos de Formación Profesional Ocupacional gestionados por la Consejería de Economía, Hacienda y Empleo por sexo",1_Ayudas_fiscalidad|3_Demografia_talento|4_Empleo_economia,Educación|Empleo,CSV|JSON,https://datos.comunidad.madrid/catalogo/dataset/alumnos_finalizado_cursos_fp_ocupacional_consejeria_economia_hacienda_empleo_por_sexo
tasas_ocupacion_preferencia_adecuacion_universidades_publicas_presenciales_por_rama_y_universidad,"Tasas de ocupación, preferencia y adecuación en universidades públicas presenciales por rama de enseñanza y universidad",,Educación,CSV|JSON,https://datos.comunidad.madrid/catalogo/dataset/tasas_ocupacion_preferencia_adecuacion_universidades_publicas_presenciales_por_rama_y_universidad
tesis_doctorales_aprobadas_universidades_publicas_por_sexo_nacionalidad_y_universidad,"Tesis doctorales aprobadas en universidades públicas por sexo, nacionalidad y universidad",,Educación,CSV|JSON,https://datos.comunidad.madrid/catalogo/dataset/tesis_doctorales_aprobadas_universidades_publicas_por_sexo_nacionalidad_y_universidad
tesis_doctorales_aprobadas_universidades_publicas_por_sexo_edad_y_universidad,"Tesis doctorales aprobadas en universidades públicas por sexo, grupo de edad y universidad",3_Demografia_talento,Educación,CSV|JSON,https://datos.comunidad.madrid/catalogo/dataset/tesis_doctorales_aprobadas_universidades_publicas_por_sexo_edad_y_universidad
alumnos_pau_por_convocatoria_universidad_fase_y_sexo,"Alumnos de Pruebas de Acceso a la Universidad (PAU) por convocatoria, universidad, fase y sexo. Presentados y aprobados",3_Demografia_talento,Educación,CSV|JSON,https://datos.comunidad.madrid/catalogo/dataset/alumnos_pau_por_convocatoria_universidad_fase_y_sexo
elecciones_parlamento_europeo_distritos_madrid,Elecciones al Parlamento Europeo en los distritos del municipio de Madrid,,Sociedad y bienestar,CSV|JSON,https://datos.comunidad.madrid/catalogo/dataset/elecciones_parlamento_europeo_distritos_madrid
transfusiones_realizadas_hospitales_por_tipo,Transfusiones realizadas en hospitales por tipo de transfusión,6_Servicios_entorno,Salud,CSV|JSON,https://datos.comunidad.madrid/catalogo/dataset/transfusiones_realizadas_hospitales_por_tipo
pensiones_contributivas_pensionistas_por_edad_y_sexo,Pensiones contributivas. Pensionistas por grupo de edad y sexo,1_Ayudas_fiscalidad|3_Demografia_talento,Sociedad y bienestar,CSV|JSON,https://datos.comunidad.madrid/catalogo/dataset/pensiones_contributivas_pensionistas_por_edad_y_sexo
perceptores_asalariados_por_edad_nacionalidad_y_sexo,"Recursos económicos de los hogares. Óptica perceptores. Asalariados por grupo de edad, nacionalidad y sexo",3_Demografia_talento|4_Empleo_economia,Economía,CSV|JSON,https://datos.comunidad.madrid/catalogo/dataset/perceptores_asalariados_por_edad_nacionalidad_y_sexo
1905985,Accidentes de trabajo de trabajadores extranjeros,4_Empleo_economia,Empleo|Salud,CSV|JSON,https://datos.comunidad.madrid/catalogo/dataset/1905985
1903741,Adultos extranjeros matriculados por tipo de enseñanza y nacionalidad,3_Demografia_talento,Educación,CSV|JSON,https://datos.comunidad.madrid/catalogo/dataset/1903741
1902481,Fondo europeo agrícola de desarrollo rural FEADER. Programa de desarrollo rural de la Comunidad de Madrid,,Medio Rural,CSV|JSON,https://datos.comunidad.madrid/catalogo/dataset/1902481
1403026,Índice de cotización de acciones. Bolsa de Madrid (Base 2004),,Economía,CSV|JSON,https://datos.comunidad.madrid/catalogo/dataset/1403026
1305009,Investigación y Desarrollo. Total personal en equivalencia a jornada completa,,Ciencia y tecnología,CSV|JSON,https://datos.comunidad.madrid/catalogo/dataset/1305009
1101001,Distribución de la superficie por usos,,Medio Rural,CSV|JSON,https://datos.comunidad.madrid/catalogo/dataset/1101001
1006007,Certificaciones de fin de obra de edificios y viviendas,2_Inmobiliario_suelo,,CSV|JSON,https://datos.comunidad.madrid/catalogo/dataset/1006007
603038,Indicadores de atención especializada del Servicio Madrileño de Salud,,Salud,CSV|JSON,https://datos.comunidad.madrid/catalogo/dataset/603038
1914683,"TIC en los hogares. Personas por edad, nacionalidad y tipo de uso de TIC",3_Demografia_talento,Ciencia y tecnología|Sociedad y bienestar,CSV|JSON,https://datos.comunidad.madrid/catalogo/dataset/1914683
1914481,Alumnos matriculados en educación primaria por lengua extranjera que cursan y titularidad del centro,3_Demografia_talento,Educación,CSV|JSON,https://datos.comunidad.madrid/catalogo/dataset/1914481
1914125,Violencia doméstica: Relaciones víctima/persona denunciada por sexo de la víctima,,Legislación y justicia,CSV|JSON,https://datos.comunidad.madrid/catalogo/dataset/1914125
1913540,Teatro por diversas características,,Cultura y ocio,CSV|JSON,https://datos.comunidad.madrid/catalogo/dataset/1913540
1913140,Pernoctaciones de los viajeros en establecimientos hoteleros por categorías,4_Empleo_economia,Turismo,CSV|JSON,https://datos.comunidad.madrid/catalogo/dataset/1913140
1912971,Dinámica de la ocupación por zona geográfica de residencia,6_Servicios_entorno,Empleo,CSV|JSON,https://datos.comunidad.madrid/catalogo/dataset/1912971
tesis_doctorales_aprobadas_universidades_privadas_por_sexo_nacionalidad_y_universidad,"Tesis doctorales aprobadas en universidades privadas por sexo, nacionalidad y universidad",,Educación,CSV|JSON,https://datos.comunidad.madrid/catalogo/dataset/tesis_doctorales_aprobadas_universidades_privadas_por_sexo_nacionalidad_y_universidad
perceptores_salarios_por_edad_nacionalidad_y_sexo,"Recursos económicos de los hogares. Óptica perceptores. Salarios por grupo de edad, nacionalidad y sexo",3_Demografia_talento|4_Empleo_economia,Economía,CSV|JSON,https://datos.comunidad.madrid/catalogo/dataset/perceptores_salarios_por_edad_nacionalidad_y_sexo
alumnos_matriculados_educacion_especial_por_titularidad_sexo_y_discapacidad,"Alumnos matriculados en Educación Especial por titularidad, sexo y discapacidad",3_Demografia_talento,Educación,CSV|JSON,https://datos.comunidad.madrid/catalogo/dataset/alumnos_matriculados_educacion_especial_por_titularidad_sexo_y_discapacidad
etdp_compraventa,"Transmisiones de derechos de la propiedad a través de compraventa, por tipología. Comunidad de Madrid y España",3_Demografia_talento,Economía,CSV|JSON,https://datos.comunidad.madrid/catalogo/dataset/etdp_compraventa
etdp_rusticas_urbanas,"Transmisiones de derechos de la propiedad, fincas rústicas y urbanas. Comunidad de Madrid y España",3_Demografia_talento,Economía,CSV|JSON,https://datos.comunidad.madrid/catalogo/dataset/etdp_rusticas_urbanas
depositos_creditos,Depósitos y créditos. Comunidad de Madrid y España,,Economía,CSV|JSON,https://datos.comunidad.madrid/catalogo/dataset/depositos_creditos
oficinas_entidades_financieras,Número de oficinas de entidades de depósito y establecimientos financieros de crédito. Comunidad de Madrid y España,4_Empleo_economia,Economía,CSV|JSON,https://datos.comunidad.madrid/catalogo/dataset/oficinas_entidades_financieras
1926940,Convocatoria de ayudas de la Dirección General de Juventud,1_Ayudas_fiscalidad,Cultura y ocio,CSV|JSON,https://datos.comunidad.madrid/catalogo/dataset/1926940
1925493,Estudiantes egresados en estudios de Grado por universidad,3_Demografia_talento,Educación,CSV|JSON,https://datos.comunidad.madrid/catalogo/dataset/1925493
1917324,Extranjeros con certificado de registro o tarjeta de residencia en vigor por grupos de edad y tipo de documentación,3_Demografia_talento|6_Servicios_entorno,Demografía,CSV|JSON,https://datos.comunidad.madrid/catalogo/dataset/1917324
202013,Partos de madres residentes por multiplicidad,,Demografía,CSV|JSON,https://datos.comunidad.madrid/catalogo/dataset/202013
ipri_destino_bienes_base_2021,"Índice de Precios Industriales (IPRI), por destino de los bienes. Base 2021. Comunidad de Madrid y España",,Economía,CSV|JSON,https://datos.comunidad.madrid/catalogo/dataset/ipri_destino_bienes_base_2021
ipri_actividad_base_2021,"Índice de Precios Industriales (IPRI), por sección y división CNAE. Base 2021. Comunidad de Madrid",,Economía,CSV|JSON,https://datos.comunidad.madrid/catalogo/dataset/ipri_actividad_base_2021
1913861,Archivos totales por categorías,,Cultura y ocio,CSV|JSON,https://datos.comunidad.madrid/catalogo/dataset/1913861
1911321,Metro de Madrid. Cuenta de Pérdidas y Ganancias,5_Conectividad_movilidad,Transporte,CSV|JSON,https://datos.comunidad.madrid/catalogo/dataset/1911321
1909520,Permisos de conducir expedidos por clase y sexo,,Transporte,CSV|JSON,https://datos.comunidad.madrid/catalogo/dataset/1909520
1908153,T-km del transporte interior interregional de mercancías por carretera por clase de mercancía transportada,5_Conectividad_movilidad,Transporte,CSV|JSON,https://datos.comunidad.madrid/catalogo/dataset/1908153
1907940,Vehículos autorizados y capacidad de carga para el transporte de mercancías por carretera por tipo de transporte y ámbito,5_Conectividad_movilidad,Transporte,CSV|JSON,https://datos.comunidad.madrid/catalogo/dataset/1907940
comercio_exterior_tasa_cobertura_saldo_comercial,Comercio exterior. Tasa de cobertura y saldo comercial. Comunidad de Madrid y España,,Economía,CSV|JSON,https://datos.comunidad.madrid/catalogo/dataset/comercio_exterior_tasa_cobertura_saldo_comercial
comercio_exterior_espania,Comercio exterior. Importaciones y exportaciones. Total y no energéticas. España,6_Servicios_entorno,Economía,CSV|JSON,https://datos.comunidad.madrid/catalogo/dataset/comercio_exterior_espania
1923303,Importe de las becas y ayudas concedidas para enseñanzas no universitarias postobligatorias por administración financiadora,1_Ayudas_fiscalidad|3_Demografia_talento,Educación,CSV|JSON,https://datos.comunidad.madrid/catalogo/dataset/1923303
1920067,Recursos humanos del Instituto Social de las Fuerzas Armadas (ISFAS),,Sector público,CSV|JSON,https://datos.comunidad.madrid/catalogo/dataset/1920067
1920041,Recursos materiales de la Unidad Central de Radiodiagnóstico,,Salud,CSV|JSON,https://datos.comunidad.madrid/catalogo/dataset/1920041
1906680,Coste laboral. Dietas y gastos de viaje por actividad y estrato de trabajadores (Base 2008),,,CSV|JSON,https://datos.comunidad.madrid/catalogo/dataset/1906680
censo_2021_viviendas_por_superficie_tamanio_municipio_y_tipo,"Censo 2021. Viviendas según superficie, tamaño del municipio y tipo de vivienda",2_Inmobiliario_suelo|3_Demografia_talento,,CSV|JSON,https://datos.comunidad.madrid/catalogo/dataset/censo_2021_viviendas_por_superficie_tamanio_municipio_y_tipo
precios_hoteleros,Índice de Precios hoteleros (IPH). Comunidad de Madrid y España,,Economía,CSV|JSON,https://datos.comunidad.madrid/catalogo/dataset/precios_hoteleros
comercio_exterior_tipo_bien,"Comercio exterior. Importaciones y exportaciones, por tipo de bien. Comunidad de Madrid",,Economía,CSV|JSON,https://datos.comunidad.madrid/catalogo/dataset/comercio_exterior_tipo_bien
bono_social_electrico,"Beneficiarios del bono social eléctrico, por categoría. Comunidad de Madrid y España",,Economía,CSV|JSON,https://datos.comunidad.madrid/catalogo/dataset/bono_social_electrico
comercio_exterior_producto,"Comercio exterior. Importaciones y exportaciones, por productos. Comunidad de Madrid",,Economía,CSV|JSON,https://datos.comunidad.madrid/catalogo/dataset/comercio_exterior_producto
encuesta_ocupacion_hotelera,Encuesta de ocupación hotelera. Comunidad de Madrid y España,,Economía,CSV|JSON,https://datos.comunidad.madrid/catalogo/dataset/encuesta_ocupacion_hotelera
1920522,Datos económicos del IRPF de las personas con discapacidad,,Economía,CSV|JSON,https://datos.comunidad.madrid/catalogo/dataset/1920522
1919141,Viviendas con ejecución hipotecaria iniciada por estado y titular de la vivienda,2_Inmobiliario_suelo,Vivienda,CSV|JSON,https://datos.comunidad.madrid/catalogo/dataset/1919141
1919140,Ejecuciones hipotecarias iniciadas e inscritas en los registros de la propiedad sobre finas rústicas y urbanas,3_Demografia_talento,Vivienda,CSV|JSON,https://datos.comunidad.madrid/catalogo/dataset/1919140
concesiones_nacionalidad_por_plazo_y_sexo,Concesiones de nacionalidad española por plazo exigido de la concesión y sexo,,Demografía,CSV|JSON,https://datos.comunidad.madrid/catalogo/dataset/concesiones_nacionalidad_por_plazo_y_sexo
iass_base_2021,Indicadores de Actividad del Sector Servicios (IASS). Base 2021. Cifra de negocios e índice de ocupación. Comunidad de Madrid y España,,Economía,CSV|JSON,https://datos.comunidad.madrid/catalogo/dataset/iass_base_2021
1934225,Calificaciones de vivienda protegida provisionales según planes de vivienda y tipo de promotor. Plantes estatales y planes autómicos,2_Inmobiliario_suelo,Vivienda,CSV|JSON,https://datos.comunidad.madrid/catalogo/dataset/1934225
1934045,Migraciones desde el extranjero con destino la Comunidad de Madrid por país de procedencia,3_Demografia_talento,,CSV|JSON,https://datos.comunidad.madrid/catalogo/dataset/1934045
1917184,Delitos cometidos por adultos por tipo,6_Servicios_entorno,Legislación y justicia,CSV|JSON,https://datos.comunidad.madrid/catalogo/dataset/1917184
1904580,Gasto sanitario público. Clasificación Económico - Presupuestaria (principio de devengo),1_Ayudas_fiscalidad|6_Servicios_entorno,Salud,CSV|JSON,https://datos.comunidad.madrid/catalogo/dataset/1904580
1904440,Concentraciones,,Sociedad y bienestar,CSV|JSON,https://datos.comunidad.madrid/catalogo/dataset/1904440
1903202,"Población reclusa por centros penitenciarios, nacionalidad y sexo",3_Demografia_talento,Legislación y justicia,CSV|JSON,https://datos.comunidad.madrid/catalogo/dataset/1903202
estudiantes_grado_por_sexo_y_nacionalidad,Estudiantes en estudios de Grado por sexo y nacionalidad,3_Demografia_talento,Educación,CSV|JSON,https://datos.comunidad.madrid/catalogo/dataset/estudiantes_grado_por_sexo_y_nacionalidad
explotaciones_2023_jefes_por_ote_edad_relacion_titular_y_sexo,"Estructura explotaciones agrícolas 2023. Jefes/as de la explotación por orientación técnico-económica (OTE), edad, relación con el titular y sexo",3_Demografia_talento,,CSV|JSON,https://datos.comunidad.madrid/catalogo/dataset/explotaciones_2023_jefes_por_ote_edad_relacion_titular_y_sexo
etcl_vacantes_base_2008,"Encuesta Trimestral de Coste Laboral (ETCL). Base 2008. Vacantes, por territorio y motivos por los que no existen vacantes. Comunidad de Madrid y España",,Economía,CSV|JSON,https://datos.comunidad.madrid/catalogo/dataset/etcl_vacantes_base_2008
valor_tasado_vivienda_antiguedad,"Valor tasado de la vivienda, por antigüedad. Comunidad de Madrid y España",2_Inmobiliario_suelo|3_Demografia_talento,Economía,CSV|JSON,https://datos.comunidad.madrid/catalogo/dataset/valor_tasado_vivienda_antiguedad
valor_tasado_vivienda_tipo,Valor tasado de la vivienda libre y protegida. Comunidad de Madrid y España,2_Inmobiliario_suelo,Economía,CSV|JSON,https://datos.comunidad.madrid/catalogo/dataset/valor_tasado_vivienda_tipo
tasaciones_vivienda,Número de tasaciones de vivienda. Comunidad de Madrid y España,2_Inmobiliario_suelo,Economía,CSV|JSON,https://datos.comunidad.madrid/catalogo/dataset/tasaciones_vivienda
etcl_costes_laborales_base_2008,Encuesta Trimestral de Coste Laboral (ETCL). Base 2008. Costes laborales. Comunidad de Madrid y España,,Economía,CSV|JSON,https://datos.comunidad.madrid/catalogo/dataset/etcl_costes_laborales_base_2008
1925489,Estudiantes matriculados en estudios de Grado presenciales por universidad,3_Demografia_talento,Educación,CSV|JSON,https://datos.comunidad.madrid/catalogo/dataset/1925489
1923862,Viajeros subidos y bajados en trenes de cercanias por ciudades,,Transporte,CSV|JSON,https://datos.comunidad.madrid/catalogo/dataset/1923862
1921202,Años cotizados por personas que perciben una pensión de jubilación por sexo y por edad,3_Demografia_talento,Empleo|Sociedad y bienestar,CSV|JSON,https://datos.comunidad.madrid/catalogo/dataset/1921202
1920821,Mutualistas activos de MUFACE por grupo de clasificación profesional y grupo de edad,3_Demografia_talento,Empleo|Sector público,CSV|JSON,https://datos.comunidad.madrid/catalogo/dataset/1920821
1502013,Presupuestos Generales Iniciales. Gastos consolidados por capítulos,1_Ayudas_fiscalidad,Hacienda,CSV|JSON,https://datos.comunidad.madrid/catalogo/dataset/1502013
705009,Información directa a jóvenes,3_Demografia_talento,Cultura y ocio,CSV|JSON,https://datos.comunidad.madrid/catalogo/dataset/705009
304006,Autorizaciones de trabajo concedidas y denegadas a extranjeros por diversas características,4_Empleo_economia,Empleo,CSV|JSON,https://datos.comunidad.madrid/catalogo/dataset/304006
gasto_por_subgrupo_gasto_4_digitos_coicop_epf_base_2006,Gasto medio de los hogares por subgrupo de gasto (4 dígitos COICOP/EPF) (Base 2006),3_Demografia_talento,Sociedad y bienestar,CSV|JSON,https://datos.comunidad.madrid/catalogo/dataset/gasto_por_subgrupo_gasto_4_digitos_coicop_epf_base_2006
registro_agentes_inmobiliarios,Registro de Agentes Inmobiliarios (RAIN),,Vivienda,CSV|JSON|ZIP,https://datos.comunidad.madrid/catalogo/dataset/registro_agentes_inmobiliarios
ebds_0001519123,Índice de Referencia de Arrendamientos de Vivienda,2_Inmobiliario_suelo,Economía,CSV|JSON,https://datos.comunidad.madrid/catalogo/dataset/ebds_0001519123
afiliados_seg_social_ultimo_dia_mes_cnae_09_r12,"Afiliados a la Seguridad Social en alta laboral a último día de mes, por actividad económica de la empresa (CNAE_2009, R-12). Comunidad de Madrid",4_Empleo_economia|6_Servicios_entorno,Economía,CSV|JSON,https://datos.comunidad.madrid/catalogo/dataset/afiliados_seg_social_ultimo_dia_mes_cnae_09_r12
afiliados_seg_social_ultimo_dia_mes_cnae_25_r12,"Afiliados a la Seguridad Social en alta laboral a último día de mes, por actividad económica de la empresa (CNAE_2025, R-12). Comunidad de Madrid",4_Empleo_economia|6_Servicios_entorno,Economía,CSV|JSON,https://datos.comunidad.madrid/catalogo/dataset/afiliados_seg_social_ultimo_dia_mes_cnae_25_r12
demografia_empresarial_comparativa_actividad_cnae09,"Demografía empresarial de la Comunidad de Madrid y comparativa con España. Unidades empresariales y puestos de trabajo asociados a las unidades empresariales al final del semestre, por rama de actividad (CNAE-2009)",4_Empleo_economia,Economía,CSV|JSON,https://datos.comunidad.madrid/catalogo/dataset/demografia_empresarial_comparativa_actividad_cnae09
demografia_empresarial_comparativa_actividad_cnae25,"Demografía empresarial de la Comunidad de Madrid y comparativa con España. Unidades empresariales y puestos de trabajo asociados a las unidades empresariales al final del semestre, por rama de actividad (CNAE-2025)",4_Empleo_economia,Economía,CSV|JSON,https://datos.comunidad.madrid/catalogo/dataset/demografia_empresarial_comparativa_actividad_cnae25
afiliados_seg_social_ultimo_dia_mes_cc_cnae09,"Afiliados a la Seguridad Social en alta laboral a último día de mes según cuentas de cotización, por regímenes y división de actividad (CNAE-2009). Comunidad de Madrid",4_Empleo_economia|6_Servicios_entorno,Economía,CSV|JSON,https://datos.comunidad.madrid/catalogo/dataset/afiliados_seg_social_ultimo_dia_mes_cc_cnae09
demografia_empresarial_tipo_persona,"Demografía empresarial de la Comunidad de Madrid. Unidades empresariales y puestos de trabajo asociados a las unidades empresariales, según titularidad persona física o jurídica",4_Empleo_economia,Economía,CSV|JSON,https://datos.comunidad.madrid/catalogo/dataset/demografia_empresarial_tipo_persona
demografia_empresarial_cnae25,"Demografía empresarial de la Comunidad de Madrid. Unidades empresariales y puestos de trabajo asociados a las unidades empresariales, por rama de actividad (CNAE-2025)",4_Empleo_economia,Economía,CSV|JSON,https://datos.comunidad.madrid/catalogo/dataset/demografia_empresarial_cnae25
afiliados_seg_social_ultimo_dia_mes_cc_sector_cnae25,"Afiliados a la Seguridad Social en alta laboral a último día de mes según cuentas de cotización, por sector de actividad (CNAE-2025). España",4_Empleo_economia|6_Servicios_entorno,Economía,CSV|JSON,https://datos.comunidad.madrid/catalogo/dataset/afiliados_seg_social_ultimo_dia_mes_cc_sector_cnae25
demografia_empresarial_ambito_geografico,"Demografía empresarial de la Comunidad de Madrid. Unidades empresariales y puestos de trabajo asociados a las unidades empresariales, según sean de ámbito local o nacional",4_Empleo_economia,Economía,CSV|JSON,https://datos.comunidad.madrid/catalogo/dataset/demografia_empresarial_ambito_geografico
ejecuciones_hipotecarias,"Ejecuciones hipotecarias iniciadas e inscritas en los registros de la propiedad, por tipo de finca. Comunidad de Madrid",3_Demografia_talento,Economía,CSV|JSON,https://datos.comunidad.madrid/catalogo/dataset/ejecuciones_hipotecarias
1934526,Principales magnitudes del sector de la Construcción según estrato de número de trabajadores de la empresa,4_Empleo_economia,,CSV|JSON,https://datos.comunidad.madrid/catalogo/dataset/1934526
1932805,Coste laboral y sus componentes según forma de regulación de la relación laboral (Base 2008),,,CSV|JSON,https://datos.comunidad.madrid/catalogo/dataset/1932805
1932087,"Personas empleadas de hogar por sexo, grupo de edad y situación previa al inicio del último episodio",3_Demografia_talento,,CSV|JSON,https://datos.comunidad.madrid/catalogo/dataset/1932087
1931428,Gasto por tamaño del hogar (Base 2006)  (COICOP 2018),3_Demografia_talento,Sociedad y bienestar,CSV|JSON,https://datos.comunidad.madrid/catalogo/dataset/1931428
1924082,Trasplantes de progenitores hematopoyéticos por tipos y por centros,,Salud,CSV|JSON,https://datos.comunidad.madrid/catalogo/dataset/1924082
1923922,El empleo de las personas con discapacidad por grado de discapacidad,4_Empleo_economia,Empleo,CSV|JSON,https://datos.comunidad.madrid/catalogo/dataset/1923922
1921206,"Base de cotización anual media por persona, por sector de actividad, sexo, grupos de edad y nacionalidad",3_Demografia_talento,Empleo|Sociedad y bienestar,CSV|JSON,https://datos.comunidad.madrid/catalogo/dataset/1921206
1920820,Mutualistas activos de MUFACE por sexo y grupo de edad,3_Demografia_talento,Empleo|Sector público,CSV|JSON,https://datos.comunidad.madrid/catalogo/dataset/1920820
1919364,Resto de categorías de alumnos con necesidad específica de apoyo educativo por tipo de necesidad y sexo,3_Demografia_talento,Educación,CSV|JSON,https://datos.comunidad.madrid/catalogo/dataset/1919364
1918821,Altas en el Hospital Central de la Defensa Gómez Ulla por tipo del alta,6_Servicios_entorno,Salud|Seguridad,CSV|JSON,https://datos.comunidad.madrid/catalogo/dataset/1918821
1917746,Matrimonios de distinto sexo que fijan su residencia en la Comunidad de Madrid por sexo y por grupos de edad de los contrayentes,3_Demografia_talento|6_Servicios_entorno,Demografía,CSV|JSON,https://datos.comunidad.madrid/catalogo/dataset/1917746
1917142,Medidas adoptadas para menores condenados por edad,3_Demografia_talento,Legislación y justicia,CSV|JSON,https://datos.comunidad.madrid/catalogo/dataset/1917142
1917141,Medidas adoptadas para menores condenados por sexo,,Legislación y justicia,CSV|JSON,https://datos.comunidad.madrid/catalogo/dataset/1917141
1914686,TIC en los hogares. Personas por situación laboral y tipo de uso de TIC,3_Demografia_talento,Ciencia y tecnología|Sociedad y bienestar,CSV|JSON,https://datos.comunidad.madrid/catalogo/dataset/1914686
1914580,Médicos vinculados por especialidad,,Salud,CSV|JSON,https://datos.comunidad.madrid/catalogo/dataset/1914580
1914023,Autónomos por edad quinquenal,3_Demografia_talento|4_Empleo_economia,Empleo,CSV|JSON,https://datos.comunidad.madrid/catalogo/dataset/1914023
1913144,Pernoctaciones de los viajeros en establecimientos hoteleros por país de residencia,4_Empleo_economia|6_Servicios_entorno,Turismo,CSV|JSON,https://datos.comunidad.madrid/catalogo/dataset/1913144
1912969,Dinámica de la ocupación por grupo de cotización,,Empleo,CSV|JSON,https://datos.comunidad.madrid/catalogo/dataset/1912969
1912965,Dinámica de la ocupación por edad quinquenal,3_Demografia_talento,Empleo,CSV|JSON,https://datos.comunidad.madrid/catalogo/dataset/1912965
1912740,"Quirófanos, plazas en hospitales de día y dotación tecnológica",6_Servicios_entorno,Salud,CSV|JSON,https://datos.comunidad.madrid/catalogo/dataset/1912740
1904021,Clubes federados por tipo de deporte,6_Servicios_entorno,Deporte,CSV|JSON,https://datos.comunidad.madrid/catalogo/dataset/1904021
1903420,Alumnos matriculados en bachillerato por lengua extranjera que cursan,3_Demografia_talento,Educación,CSV|JSON,https://datos.comunidad.madrid/catalogo/dataset/1903420
1101005,Censo ganadero por especies,3_Demografia_talento,Medio Rural,CSV|JSON,https://datos.comunidad.madrid/catalogo/dataset/1101005
1101004,Principales producciones agrícolas,,Medio Rural,CSV|JSON,https://datos.comunidad.madrid/catalogo/dataset/1101004
903006,Salida de pasajeros por comunidad autonóma de destino,,Transporte,CSV|JSON,https://datos.comunidad.madrid/catalogo/dataset/903006
702003,Festejos y recaudación en la plaza de toros de Las Ventas,1_Ayudas_fiscalidad,Cultura y ocio,CSV|JSON,https://datos.comunidad.madrid/catalogo/dataset/702003
604009,Renta mínima de inserción,3_Demografia_talento,Sociedad y bienestar,CSV|JSON,https://datos.comunidad.madrid/catalogo/dataset/604009
602180,Fallecidos infectados por VIH que no están notificados como casos de SIDA,,Salud,CSV|JSON,https://datos.comunidad.madrid/catalogo/dataset/602180
602175,Accidentes de trabajo por gravedad y tipo de contrato,3_Demografia_talento|4_Empleo_economia,Empleo|Salud,CSV|JSON,https://datos.comunidad.madrid/catalogo/dataset/602175
602042,Fallecidos por SIDA por diversas características,,Salud,CSV|JSON,https://datos.comunidad.madrid/catalogo/dataset/602042
602024,Enfermos dados de alta en hospitales de la región por sexo y grupos de edad,3_Demografia_talento|6_Servicios_entorno,Salud,CSV|JSON,https://datos.comunidad.madrid/catalogo/dataset/602024
601028,Nuevos casos de personas drogodependientes tratadas por diversas características,,Salud,CSV|JSON,https://datos.comunidad.madrid/catalogo/dataset/601028
402005,Beneficiarios e importe de prestaciones a personas con discapacidad por tipo de prestación,,Sociedad y bienestar,CSV|JSON,https://datos.comunidad.madrid/catalogo/dataset/402005
302002,Actividad de las empresas de trabajo temporal,4_Empleo_economia,Empleo,CSV|JSON,https://datos.comunidad.madrid/catalogo/dataset/302002
204015,Migraciones con destino la Comunidad de Madrid y procedencia la Comunidad de  Madrid y otras Comunidades por sexo y grupos de edad,3_Demografia_talento,,CSV|JSON,https://datos.comunidad.madrid/catalogo/dataset/204015
detenidos_investigados_menores_penales_por_tipologia_nacionalidad_y_sexo,"Detenidos e investigados menores por infracciones penales por tipología penal, nacionalidad y sexo",,Legislación y justicia,CSV|JSON,https://datos.comunidad.madrid/catalogo/dataset/detenidos_investigados_menores_penales_por_tipologia_nacionalidad_y_sexo
delitos_odio_por_tipologia_penal,Hechos conocidos de delitos de odio por tipología penal,6_Servicios_entorno,Legislación y justicia,CSV|JSON,https://datos.comunidad.madrid/catalogo/dataset/delitos_odio_por_tipologia_penal
presupuestos_liquidados_ingresos_consolidados_por_capitulo_y_fase_ejecucion,Presupuestos liquidados. Ingresos consolidados por capítulo y fase de ejecución,1_Ayudas_fiscalidad,Hacienda,CSV|JSON,https://datos.comunidad.madrid/catalogo/dataset/presupuestos_liquidados_ingresos_consolidados_por_capitulo_y_fase_ejecucion
jueces_magistrados_activo_por_edad_y_sexo,Jueces y magistrados en activo por grupo de edad y sexo,3_Demografia_talento,Legislación y justicia,CSV|JSON,https://datos.comunidad.madrid/catalogo/dataset/jueces_magistrados_activo_por_edad_y_sexo
turismo_residentes_cm_por_destino,Turismo de residentes en la Comunidad de Madrid por destino del viaje,6_Servicios_entorno,Turismo,CSV|JSON,https://datos.comunidad.madrid/catalogo/dataset/turismo_residentes_cm_por_destino
tic_empresas_mas_10_empleados_por_actividad,Tecnologías de la información y la comunicación en las empresas con más de 10 empleados por actividad,3_Demografia_talento|4_Empleo_economia,Ciencia y tecnología,CSV|JSON,https://datos.comunidad.madrid/catalogo/dataset/tic_empresas_mas_10_empleados_por_actividad
industria_extractiva_magnitudes_basicas_por_producto,Industria extractiva. Magnitudes básicas por producto,,Industria,CSV|JSON,https://datos.comunidad.madrid/catalogo/dataset/industria_extractiva_magnitudes_basicas_por_producto
explotaciones_agricolas_tierras_labradas_sau_por_tipo,Explotaciones agrícolas con tierras labradas con SAU por tipo de riego,,Medio Rural,CSV|JSON,https://datos.comunidad.madrid/catalogo/dataset/explotaciones_agricolas_tierras_labradas_sau_por_tipo
magnitudes_economicas_construccion_por_actividad_principal,Encuesta de la Estructura de la Industria de la Construcción. Principales magnitudes económicas del sector de la Construcción por actividad principal y sede en la Comunidad de Madrid,,,CSV|JSON,https://datos.comunidad.madrid/catalogo/dataset/magnitudes_economicas_construccion_por_actividad_principal
gasto_por_subgrupo_gasto_3_digitos_coicop_epf_base_2006,Gasto medio de los hogares por subgrupo de gasto (3 dígitos COICOP/EPF) (Base 2006),3_Demografia_talento,Sociedad y bienestar,CSV|JSON,https://datos.comunidad.madrid/catalogo/dataset/gasto_por_subgrupo_gasto_3_digitos_coicop_epf_base_2006
colectivo_empresarial_base_2015_por_distrito_y_estrato_empleo,Colectivo Empresarial. Base 2015. Unidades productivas y ocupados por distrito y estrato de empleo,4_Empleo_economia,Empleo,CSV|JSON,https://datos.comunidad.madrid/catalogo/dataset/colectivo_empresarial_base_2015_por_distrito_y_estrato_empleo
matriculacion_vehiculos,Matriculación de vehículos. Base imponible y cuota a ingresar,3_Demografia_talento|5_Conectividad_movilidad,Hacienda,CSV|JSON,https://datos.comunidad.madrid/catalogo/dataset/matriculacion_vehiculos
explotaciones_2023_jefes_por_pet_edad_relacion_titular_y_sexo,"Estructura explotaciones agrícolas 2023. Jefes/as de la explotación por tamaño según producción estándar total (PET), edad, relación con el titular y sexo",3_Demografia_talento,,CSV|JSON,https://datos.comunidad.madrid/catalogo/dataset/explotaciones_2023_jefes_por_pet_edad_relacion_titular_y_sexo
explotaciones_2023_jefes_por_sau_edad_relacion_titular_y_sexo,"Estructura explotaciones agrícolas 2023. Jefes/as de la explotación por tamaño según superficie agrícola utilizada (SAU) de la explotación, edad, relación con el titular y sexo",3_Demografia_talento,,CSV|JSON,https://datos.comunidad.madrid/catalogo/dataset/explotaciones_2023_jefes_por_sau_edad_relacion_titular_y_sexo
catastro_inmuebles_por_distrito_y_uso,Catastro Inmobiliario. Inmuebles por distrito y uso,2_Inmobiliario_suelo,Vivienda,CSV|JSON,https://datos.comunidad.madrid/catalogo/dataset/catastro_inmuebles_por_distrito_y_uso
raciones_medias_diarias_per_capita_adultos_por_sexo,Raciones medias diarias per cápita. Adultos de 18 a 64 años por sexo,,Salud,CSV|JSON,https://datos.comunidad.madrid/catalogo/dataset/raciones_medias_diarias_per_capita_adultos_por_sexo
consumos_deficitarios_excesivos_alimentos_jovenes_por_sexo,Consumos deficitarios o excesivos de alimentos. Jóvenes por sexo,,Salud,CSV|JSON,https://datos.comunidad.madrid/catalogo/dataset/consumos_deficitarios_excesivos_alimentos_jovenes_por_sexo
tasas_netas_escolarizacion_16_24_anios_sistema_educativo_por_sexo,Tasas netas de escolarización de 16 a 24 años en el sistema educativo por sexo,,Educación,CSV|JSON,https://datos.comunidad.madrid/catalogo/dataset/tasas_netas_escolarizacion_16_24_anios_sistema_educativo_por_sexo
gasto_publico_educacion_consejeria_competencias_por_capitulo,Gasto público en Educación de la Consejería con las competencias en Educación por capítulo,3_Demografia_talento,Educación|Hacienda,CSV|JSON,https://datos.comunidad.madrid/catalogo/dataset/gasto_publico_educacion_consejeria_competencias_por_capitulo
victimas_cibercriminalidad_por_grupo_penal_sexo_y_edad,"Víctimas por causas de cibercriminalidad por grupo penal, sexo y grupo de edad",3_Demografia_talento,Legislación y justicia,CSV|JSON,https://datos.comunidad.madrid/catalogo/dataset/victimas_cibercriminalidad_por_grupo_penal_sexo_y_edad
datos_estadisticos_por_partidos_judiciales_y_jurisdiccion,Datos estadísticos en los juzgados por Partidos Judiciales y jurisdicción,,Legislación y justicia,CSV|JSON,https://datos.comunidad.madrid/catalogo/dataset/datos_estadisticos_por_partidos_judiciales_y_jurisdiccion
licencias_federadas_por_deporte_y_sexo,Licencias federadas por tipo de deporte y sexo,2_Inmobiliario_suelo|6_Servicios_entorno,Deporte,CSV|JSON,https://datos.comunidad.madrid/catalogo/dataset/licencias_federadas_por_deporte_y_sexo
alumnos_extranjeros_matriculados_por_tipo_y_titularidad,Alumnos extranjeros matriculados por tipo de enseñanza y titularidad del centro,3_Demografia_talento,Educación,CSV|JSON,https://datos.comunidad.madrid/catalogo/dataset/alumnos_extranjeros_matriculados_por_tipo_y_titularidad
alumnos_matriculados_ciclos_grado_medio_por_titularidad,Alumnos matriculados en ciclos formativos de grado medio en centros escolares por titularidad del centro,3_Demografia_talento,Educación,CSV|JSON,https://datos.comunidad.madrid/catalogo/dataset/alumnos_matriculados_ciclos_grado_medio_por_titularidad
alumnos_matriculados_fp_basica_por_ciclo_y_tipo,Alumnos matriculados en ciclos formativos de formación profesional básica por ciclo formativo y tipo de centro,3_Demografia_talento,Educación,CSV|JSON,https://datos.comunidad.madrid/catalogo/dataset/alumnos_matriculados_fp_basica_por_ciclo_y_tipo
alumnos_matriculados_eso_promocionaron_por_titularidad_y_sexo,Alumnos matriculados en Educación Secundaria Obligatoria (ESO) que promocionaron sus estudios por titularidad del centro y sexo,3_Demografia_talento,Educación,CSV|JSON,https://datos.comunidad.madrid/catalogo/dataset/alumnos_matriculados_eso_promocionaron_por_titularidad_y_sexo
alumnos_primaria_repetidores_por_ciclo_y_sexo,Alumnos de educación primaria repetidores por ciclo y sexo,3_Demografia_talento,Educación,CSV|JSON,https://datos.comunidad.madrid/catalogo/dataset/alumnos_primaria_repetidores_por_ciclo_y_sexo
alumnos_matriculados_primaria_por_curso_titularidad_y_sexo,"Alumnos matriculados en educación primaria por curso, titularidad del centro y sexo",3_Demografia_talento,Educación,CSV|JSON,https://datos.comunidad.madrid/catalogo/dataset/alumnos_matriculados_primaria_por_curso_titularidad_y_sexo
alumnos_general_matriculados_usuarios,"Alumnos del régimen general matriculados usuarios del comedor, residencia o transporte escolar por tipo de enseñanza",3_Demografia_talento|5_Conectividad_movilidad|6_Servicios_entorno,Educación,CSV|JSON,https://datos.comunidad.madrid/catalogo/dataset/alumnos_general_matriculados_usuarios
pensiones_contributivas_pensionistas_por_pension_y_sexo,Pensiones contributivas. Pensionistas por tramo de pensión y sexo,1_Ayudas_fiscalidad,Sociedad y bienestar,CSV|JSON,https://datos.comunidad.madrid/catalogo/dataset/pensiones_contributivas_pensionistas_por_pension_y_sexo
perceptores_salario_medio_anual_por_edad_nacionalidad_y_sexo,"Recursos económicos de los hogares. Óptica perceptores. Salario medio anual por grupo de edad, nacionalidad y sexo",3_Demografia_talento|4_Empleo_economia,Economía,CSV|JSON,https://datos.comunidad.madrid/catalogo/dataset/perceptores_salario_medio_anual_por_edad_nacionalidad_y_sexo
perceptores_salario_medio_anual_por_salario_y_sexo,Recursos económicos de los hogares. Óptica perceptores. Salario medio anual por tramo de salario y sexo,3_Demografia_talento|4_Empleo_economia,Economía,CSV|JSON,https://datos.comunidad.madrid/catalogo/dataset/perceptores_salario_medio_anual_por_salario_y_sexo
perceptores_percepciones_persona_por_salario_y_sexo,Recursos económicos de los hogares. Óptica perceptores. Percepciones por persona por tramo de salario y sexo,3_Demografia_talento|4_Empleo_economia,Economía,CSV|JSON,https://datos.comunidad.madrid/catalogo/dataset/perceptores_percepciones_persona_por_salario_y_sexo
perceptores_asalariados_por_salario_y_sexo,Recursos económicos de los hogares. Óptica perceptores. Asalariados por tramo de salario y sexo,3_Demografia_talento|4_Empleo_economia,Economía,CSV|JSON,https://datos.comunidad.madrid/catalogo/dataset/perceptores_asalariados_por_salario_y_sexo
personas_por_situacion_residencia_sexo_y_comunidad,"Personas por situación profesional, lugar de residencia, sexo y comunidad autónoma de trabajo",4_Empleo_economia|6_Servicios_entorno,Empleo|Sociedad y bienestar,CSV|JSON,https://datos.comunidad.madrid/catalogo/dataset/personas_por_situacion_residencia_sexo_y_comunidad
proyecciones_defunciones_por_sexo,Proyecciones de defunciones por sexo,3_Demografia_talento,Demografía,CSV|JSON,https://datos.comunidad.madrid/catalogo/dataset/proyecciones_defunciones_por_sexo
extranjeros_certificado_por_continente_pais_y_sexo,"Extranjeros con certificado de registro o tarjeta de residencia en vigor por continente, país de nacionalidad y sexo",6_Servicios_entorno,Demografía,CSV|JSON,https://datos.comunidad.madrid/catalogo/dataset/extranjeros_certificado_por_continente_pais_y_sexo
adquisiciones_nacionalidad_por_sexo_y_nacionalidad,Adquisiciones de nacionalidad española por sexo y nacionalidad previa,,Demografía,CSV|JSON,https://datos.comunidad.madrid/catalogo/dataset/adquisiciones_nacionalidad_por_sexo_y_nacionalidad
concesiones_nacionalidad_por_nacionalidad_y_sexo,Concesiones de nacionalidad española por principales nacionalidades y sexo,,Demografía,CSV|JSON,https://datos.comunidad.madrid/catalogo/dataset/concesiones_nacionalidad_por_nacionalidad_y_sexo
censo_2011_poblacion_por_nacionalidad_pais_y_sexo,"Población española censada por nacionalidad, país de nacimiento y sexo. Censo 2011",3_Demografia_talento,Demografía,CSV|JSON,https://datos.comunidad.madrid/catalogo/dataset/censo_2011_poblacion_por_nacionalidad_pais_y_sexo
humedales,Humedales incluidos en el Catálogo de Embalses y Humedales de la Comunidad de Madrid,,Medio ambiente,CSV|JSON,https://datos.comunidad.madrid/catalogo/dataset/humedales
centros_universitarios_publicos_por_universidad_tipo_naturaleza_y_modalidad,"Centros universitarios públicos por universidad, tipo, naturaleza y modalidad",3_Demografia_talento,Educación,CSV|JSON,https://datos.comunidad.madrid/catalogo/dataset/centros_universitarios_publicos_por_universidad_tipo_naturaleza_y_modalidad
alumnos_necesidades_educativas_especiales_integrados_por_titularidad_sexo_y_discapacidad,"Alumnos con necesidades educativas especiales integrados por titularidad, sexo y discapacidad",3_Demografia_talento,Educación,CSV|JSON,https://datos.comunidad.madrid/catalogo/dataset/alumnos_necesidades_educativas_especiales_integrados_por_titularidad_sexo_y_discapacidad
adultos_matriculados_por_tipo_y_sexo,Adultos matriculados por tipo de enseñanza y sexo,3_Demografia_talento,Educación,CSV|JSON,https://datos.comunidad.madrid/catalogo/dataset/adultos_matriculados_por_tipo_y_sexo
alumnos_regimen_especial_matriculados_musica_por_titularidad_grado_y_sexo,"Alumnos del régimen especial matriculados en Música por titularidad, grado y sexo",3_Demografia_talento,Educación,CSV|JSON,https://datos.comunidad.madrid/catalogo/dataset/alumnos_regimen_especial_matriculados_musica_por_titularidad_grado_y_sexo
demografia_empresarial_total,Demografía empresarial de la Comunidad de Madrid. Unidades empresariales y puestos de trabajo asociados a las unidades empresariales,4_Empleo_economia,Economía,CSV|JSON,https://datos.comunidad.madrid/catalogo/dataset/demografia_empresarial_total
transporte_carretera_toneladas_km,Transporte de mercancías por carretera. Toneladas kilómetro transportadas. España,5_Conectividad_movilidad,Economía,CSV|JSON,https://datos.comunidad.madrid/catalogo/dataset/transporte_carretera_toneladas_km
transporte_carretera_toneladas,Transporte de mercancías por carretera. Toneladas transportadas. Comunidad de Madrid y España,5_Conectividad_movilidad,Economía,CSV|JSON,https://datos.comunidad.madrid/catalogo/dataset/transporte_carretera_toneladas
ipc_base_2025,"Índice de Precios de Consumo (IPC), por grupo. Base 2025. Comunidad de Madrid y España",,Economía,CSV|JSON,https://datos.comunidad.madrid/catalogo/dataset/ipc_base_2025
demografia_empresarial_numero_trabajadores,"Demografía empresarial de la Comunidad de Madrid. Unidades empresariales y puestos de trabajo asociados a las unidades empresariales, por número de trabajadores",4_Empleo_economia,Economía,CSV|JSON,https://datos.comunidad.madrid/catalogo/dataset/demografia_empresarial_numero_trabajadores
1919322,"Viajeros, pernoctaciones, grado de ocupación y estancia media en albergues",,Turismo,CSV|JSON,https://datos.comunidad.madrid/catalogo/dataset/1919322
1913143,Viajeros entrados en establecimientos hoteleros por país de residencia,4_Empleo_economia|6_Servicios_entorno,Turismo,CSV|JSON,https://datos.comunidad.madrid/catalogo/dataset/1913143
1902168,Detenidos y denunciados por tráfico ilícito de drogas por nacionalidad,5_Conectividad_movilidad,Legislación y justicia,CSV|JSON,https://datos.comunidad.madrid/catalogo/dataset/1902168
1901623,Grado de ocupación de los establecimientos hoteleros por plazas y habitaciones,4_Empleo_economia,Turismo,CSV|JSON,https://datos.comunidad.madrid/catalogo/dataset/1901623
1302121,Estancia media en establecimientos hoteleros,4_Empleo_economia,Turismo,CSV|JSON,https://datos.comunidad.madrid/catalogo/dataset/1302121
1302010,"Viajeros, pernoctaciones, grado de ocupación y estancia media en alojamientos rurales",,Turismo,CSV|JSON,https://datos.comunidad.madrid/catalogo/dataset/1302010
1302009,"Viajeros, pernoctaciones, grado de ocupación y estancia media en apartamentos turísticos",,Turismo,CSV|JSON,https://datos.comunidad.madrid/catalogo/dataset/1302009
1302004,"Viajeros, pernoctaciones, grado de ocupación y estancia media en campings turísticos",,Turismo,CSV|JSON,https://datos.comunidad.madrid/catalogo/dataset/1302004
1302003,Viajeros entrados en establecimientos hoteleros por categorías,4_Empleo_economia,Turismo,CSV|JSON,https://datos.comunidad.madrid/catalogo/dataset/1302003
afiliados_seg_social_media_mes_extranjeros_regimen_cnae25,"Afiliados al Régimen General de la Seguridad Social en alta laboral, media mensual, extranjeros (total y solo UE) por actividad (CNAE-2025). Comunidad de Madrid",4_Empleo_economia|6_Servicios_entorno,Economía,CSV|JSON,https://datos.comunidad.madrid/catalogo/dataset/afiliados_seg_social_media_mes_extranjeros_regimen_cnae25
afiliados_seg_social_media_mes_extranjeros_regimen_sexo_e,"Afiliados a la Seguridad Social en alta laboral, media mensual, extranjeros (UE y no UE) por régimen y sexo. España",4_Empleo_economia|6_Servicios_entorno,Economía,CSV|JSON,https://datos.comunidad.madrid/catalogo/dataset/afiliados_seg_social_media_mes_extranjeros_regimen_sexo_e
afiliados_seg_social_media_mes_extranjeros_regimen_sexo_cm,"Afiliados a la Seguridad Social en alta laboral, media mensual, extranjeros (UE y no UE) por régimen y sexo. Comunidad de Madrid",4_Empleo_economia|6_Servicios_entorno,Economía,CSV|JSON,https://datos.comunidad.madrid/catalogo/dataset/afiliados_seg_social_media_mes_extranjeros_regimen_sexo_cm
consumo_combustibles,"Consumo de combustibles (gasolina, gasóleo y fuelóleo) en la Comunidad de Madrid y España",,Economía,CSV|JSON,https://datos.comunidad.madrid/catalogo/dataset/consumo_combustibles
pnc_incapacidad_sexo_edad_complemento_ayuda,"Pensiones no contributivas. Pensionistas y pensión media, por sexo, edad y complemento de ayuda",1_Ayudas_fiscalidad|3_Demografia_talento,Economía,CSV|JSON,https://datos.comunidad.madrid/catalogo/dataset/pnc_incapacidad_sexo_edad_complemento_ayuda
pnc_sexo_unidad_convivencia_tipo,"Pensiones no contributivas. Pensionistas y pensión media, por sexo, tipo de unidad de convivencia y tipo de pensión",1_Ayudas_fiscalidad,Economía,CSV|JSON,https://datos.comunidad.madrid/catalogo/dataset/pnc_sexo_unidad_convivencia_tipo
pnc_sexo_antiguedad_tipo,"Pensiones no contributivas. Importe total, pensionistas y pensión media, por sexo, antigüedad y tipo de pensión",1_Ayudas_fiscalidad|3_Demografia_talento,Economía,CSV|JSON,https://datos.comunidad.madrid/catalogo/dataset/pnc_sexo_antiguedad_tipo
pnc_sexo_estado_civil_tipo,"Pensiones no contributivas. Pensionistas y pensión media, por sexo, estado civil y tipo de pensión",1_Ayudas_fiscalidad,Economía,CSV|JSON,https://datos.comunidad.madrid/catalogo/dataset/pnc_sexo_estado_civil_tipo
pnc_sexo_edad_tipo,"Pensiones no contributivas. Pensionistas y pensión media, por sexo, edad y tipo de pensión",1_Ayudas_fiscalidad|3_Demografia_talento,Economía,CSV|JSON,https://datos.comunidad.madrid/catalogo/dataset/pnc_sexo_edad_tipo
1932111,"Población ocupada por cuenta propia por sexo, grupo de edad e intervalos de bases de cotización mensuales del último emprendimiento",3_Demografia_talento|4_Empleo_economia,,CSV|JSON,https://datos.comunidad.madrid/catalogo/dataset/1932111
1931748,"Porcentaje de viviendas familiares según el gasto en alquiler/hipoteca mensual, para cada tamaño del municipio",2_Inmobiliario_suelo,,CSV|JSON,https://datos.comunidad.madrid/catalogo/dataset/1931748
1931747,Porcentaje de viviendas familiares según superficie para cada nivel de ingresos del hogar,2_Inmobiliario_suelo|3_Demografia_talento,,CSV|JSON,https://datos.comunidad.madrid/catalogo/dataset/1931747
1924240,Menores atendidos  por el sistema de protección a la infancia,,Sociedad y bienestar,CSV|JSON,https://datos.comunidad.madrid/catalogo/dataset/1924240
declaraciones_actividad_viviendas_uso_turistico,Declaraciones responsables de actividad de viviendas de uso turístico de la Comunidad de Madrid presentadas,2_Inmobiliario_suelo,Turismo,CSV|JSON|ZIP,https://datos.comunidad.madrid/catalogo/dataset/declaraciones_actividad_viviendas_uso_turistico
transporte_urbano_pasajeros_transportados,Transporte urbano. Pasajeros transportados por tipo de medio de transporte en la Comunidad de Madrid,5_Conectividad_movilidad,Economía,CSV|JSON,https://datos.comunidad.madrid/catalogo/dataset/transporte_urbano_pasajeros_transportados
ipi_base_2021_actividad,Índice de Producción Industrial. Base 2021. Por ramas de actividad. Comunidad de Madrid,,Economía,CSV|JSON,https://datos.comunidad.madrid/catalogo/dataset/ipi_base_2021_actividad
ipi_base_2021_destino_bienes,Índice de Producción Industrial. Base 2021. Por destino de los bienes. Comunidad de Madrid y España,,Economía,CSV|JSON,https://datos.comunidad.madrid/catalogo/dataset/ipi_base_2021_destino_bienes
sociedades_mercantiles,Sociedades mercantiles. Comunidad de Madrid y España,3_Demografia_talento,Economía,CSV|JSON,https://datos.comunidad.madrid/catalogo/dataset/sociedades_mercantiles
afiliados_seg_social_ultimo_dia_mes_cc_sector_cnae09,"Afiliados a la Seguridad Social en alta laboral a último día de mes según cuentas de cotización, por sector de actividad (CNAE-2009). Comunidad de Madrid y España",4_Empleo_economia|6_Servicios_entorno,Economía,CSV|JSON,https://datos.comunidad.madrid/catalogo/dataset/afiliados_seg_social_ultimo_dia_mes_cc_sector_cnae09
302035,Contratos registrados a extranjeros por nacionalidad,4_Empleo_economia,Empleo,CSV|JSON,https://datos.comunidad.madrid/catalogo/dataset/302035
demografia_empresarial_comparativa_numero_trabajadores,"Demografía empresarial de la Comunidad de Madrid y comparativa con España. Unidades empresariales y puestos de trabajo asociados a las unidades empresariales al final del semestre, por número de trabajadores",4_Empleo_economia,Economía,CSV|JSON,https://datos.comunidad.madrid/catalogo/dataset/demografia_empresarial_comparativa_numero_trabajadores
demografia_empresarial_comparativa_tipo_persona,"Demografía empresarial de la Comunidad de Madrid y comparativa con España. Unidades empresariales y puestos de trabajo asociados a las unidades empresariales al final del semestre, según titularidad persona física o jurídica",4_Empleo_economia,Economía,CSV|JSON,https://datos.comunidad.madrid/catalogo/dataset/demografia_empresarial_comparativa_tipo_persona
demografia_empresarial_comparativa_ambito_geografico,"Demografía empresarial de la Comunidad de Madrid y comparativa con España. Unidades empresariales y puestos de trabajo asociados a las unidades empresariales al final del semestre, según sean de ámbito local, regional o nacional",4_Empleo_economia,Economía,CSV|JSON,https://datos.comunidad.madrid/catalogo/dataset/demografia_empresarial_comparativa_ambito_geografico
demografia_empresarial_comparativa_total,Demografía empresarial de la Comunidad de Madrid y comparativa con España. Unidades empresariales y puestos de trabajo asociados a las unidades empresariales,4_Empleo_economia,Economía,CSV|JSON,https://datos.comunidad.madrid/catalogo/dataset/demografia_empresarial_comparativa_total
1902399,Tecnología de la información en la enseñanza no universitaria. Profesores por ordenador,3_Demografia_talento,Ciencia y tecnología|Educación,CSV|JSON,https://datos.comunidad.madrid/catalogo/dataset/1902399
1902398,Tecnología de la información en la enseñanza no universitaria. Alumnos por ordenador,3_Demografia_talento,Ciencia y tecnología|Educación,CSV|JSON,https://datos.comunidad.madrid/catalogo/dataset/1902398
1303029,IFEMA. Ingresos y gastos de explotación,,Economía,CSV|JSON,https://datos.comunidad.madrid/catalogo/dataset/1303029
ipv_ine_base_2025,"Índice de precios de vivienda (IPV). Base 2025. General, vivienda nueva y vivienda de segunda mano. Comunidad de Madrid y España",2_Inmobiliario_suelo,Economía,CSV|JSON,https://datos.comunidad.madrid/catalogo/dataset/ipv_ine_base_2025
afiliados_seg_social_ultimo_dia_mes_regimen_sexo,"Afiliados a la Seguridad Social en alta laboral a último día de mes, por régimen y sexo. Comunidad de Madrid",4_Empleo_economia|6_Servicios_entorno,Economía,CSV|JSON,https://datos.comunidad.madrid/catalogo/dataset/afiliados_seg_social_ultimo_dia_mes_regimen_sexo
contratos_trabajo_municipio,"Movimiento Laboral Registrado. Contratos de trabajo, por municipio. Comunidad de Madrid",4_Empleo_economia,Economía,CSV|JSON,https://datos.comunidad.madrid/catalogo/dataset/contratos_trabajo_municipio
paro_registrado_extranjeros_sexo,"Movimiento Laboral Registrado. Paro registrado, extranjeros, por sexo. Comunidad de Madrid",4_Empleo_economia,Economía,CSV|JSON,https://datos.comunidad.madrid/catalogo/dataset/paro_registrado_extranjeros_sexo
paro_registrado_edad_municipio,"Movimiento Laboral Registrado. Paro registrado, por edad y municipio. Comunidad de Madrid",3_Demografia_talento|4_Empleo_economia,Economía,CSV|JSON,https://datos.comunidad.madrid/catalogo/dataset/paro_registrado_edad_municipio
afiliados_seg_social_ultimo_dia_mes_municipio,"Afiliados a la Seguridad Social en alta laboral a último día de mes, por municipio. Comunidad de Madrid",4_Empleo_economia|6_Servicios_entorno,Economía,CSV|JSON,https://datos.comunidad.madrid/catalogo/dataset/afiliados_seg_social_ultimo_dia_mes_municipio
paro_registrado_sexo_municipio,"Movimiento Laboral Registrado. Paro registrado, por sexo y municipio. Comunidad de Madrid",4_Empleo_economia,Economía,CSV|JSON,https://datos.comunidad.madrid/catalogo/dataset/paro_registrado_sexo_municipio
indicadores_clave_por_jurisdiccion,Estadísticas judiciales. Indicadores clave por jurisdicción,,Legislación y justicia,CSV|JSON,https://datos.comunidad.madrid/catalogo/dataset/indicadores_clave_por_jurisdiccion
proyecciones_poblacion_emigrante_por_sexo_y_destino,Proyecciones de población emigrante por sexo y destino,3_Demografia_talento,Demografía,CSV|JSON,https://datos.comunidad.madrid/catalogo/dataset/proyecciones_poblacion_emigrante_por_sexo_y_destino
paro_100_por_sexo,Paro registrado en las oficinas de empleo por 100 habitantes por sexo. Municipios,4_Empleo_economia,Empleo,CSV|JSON,https://datos.comunidad.madrid/catalogo/dataset/paro_100_por_sexo
afiliados_seg_social_ultimo_dia_mes_cc_municipio,"Afiliados a la Seguridad Social en alta laboral a último día de mes según cuentas de cotización, por municipio. Comunidad de Madrid",4_Empleo_economia|6_Servicios_entorno,Economía,CSV|JSON,https://datos.comunidad.madrid/catalogo/dataset/afiliados_seg_social_ultimo_dia_mes_cc_municipio
afiliados_seg_social_ultimo_dia_mes_cc_cnae93_c2,"Afiliados a la Seguridad Social en alta laboral a último día de mes según cuentas de cotización, cuenta propia y cuenta ajena, por ramas de actividad (CNAE-1993). Comunidad de Madrid",4_Empleo_economia|6_Servicios_entorno,Economía,CSV|JSON,https://datos.comunidad.madrid/catalogo/dataset/afiliados_seg_social_ultimo_dia_mes_cc_cnae93_c2
afiliados_seg_social_ultimo_dia_mes_cc_cnae93,"Afiliados a la Seguridad Social en alta laboral a último día de mes según cuentas de cotización, por regímenes y ramas de actividad (CNAE-1993). Comunidad de Madrid",4_Empleo_economia|6_Servicios_entorno,Economía,CSV|JSON,https://datos.comunidad.madrid/catalogo/dataset/afiliados_seg_social_ultimo_dia_mes_cc_cnae93
1915801,Porcentaje de parados extranjeros registrados. Municipios,,Empleo,CSV|JSON,https://datos.comunidad.madrid/catalogo/dataset/1915801
pensiones_contributivas_persona_por_pension_y_sexo,Pensiones contributivas. Pensiones por persona por tramo de pensión y sexo,1_Ayudas_fiscalidad,Sociedad y bienestar,CSV|JSON,https://datos.comunidad.madrid/catalogo/dataset/pensiones_contributivas_persona_por_pension_y_sexo
porcentaje_paro_por_nacionalidad_25,Porcentaje de paro registrado en las oficinas de empleo por nacionalidad CNAE 25. Municipios,4_Empleo_economia,,CSV|JSON,https://datos.comunidad.madrid/catalogo/dataset/porcentaje_paro_por_nacionalidad_25
porcentaje_paro_por_sector_25,Porcentaje de paro registrado en las oficinas de empleo por sector de actividad CNAE 25. Municipios,4_Empleo_economia,,CSV|JSON,https://datos.comunidad.madrid/catalogo/dataset/porcentaje_paro_por_sector_25
paro_por_nacionalidad_sector_y_sexo_25,"Paro registrado en las oficinas de empleo por nacionalidad, sector de actividad y sexo CNAE 25. Municipios",4_Empleo_economia,,CSV|JSON,https://datos.comunidad.madrid/catalogo/dataset/paro_por_nacionalidad_sector_y_sexo_25
porcentaje_paro_por_sector_09,Porcentaje de paro registrado en las oficinas de empleo por sector de actividad CNAE 09. Municipios,4_Empleo_economia,Empleo,CSV|JSON,https://datos.comunidad.madrid/catalogo/dataset/porcentaje_paro_por_sector_09
paro_por_nacionalidad_sector_y_sexo_09,"Paro registrado en las oficinas de empleo por nacionalidad, sector de actividad y sexo CNAE 09. Municipios",4_Empleo_economia,Empleo,CSV|JSON,https://datos.comunidad.madrid/catalogo/dataset/paro_por_nacionalidad_sector_y_sexo_09
trafico_aereo,Tráfico aéreo de mercancías y pasajeros. Comunidad de Madrid y España,5_Conectividad_movilidad,Economía,CSV|JSON,https://datos.comunidad.madrid/catalogo/dataset/trafico_aereo
afiliados_seg_social_media_mes_extranjeros_regimen_cnae09,"Afiliados al Régimen General de la Seguridad Social en alta laboral, media mensual, extranjeros (total y solo UE) por actividad (CNAE-2009). Comunidad de Madrid",4_Empleo_economia|6_Servicios_entorno,Economía,CSV|JSON,https://datos.comunidad.madrid/catalogo/dataset/afiliados_seg_social_media_mes_extranjeros_regimen_cnae09
1930906,Alumnos no universitarios del régimen general sobre población de 0 a 19 años matriculados en centros escolares. Municipios,3_Demografia_talento,Educación,CSV|JSON,https://datos.comunidad.madrid/catalogo/dataset/1930906
1501018,Altos cargos,,Sector público,CSV|JSON,https://datos.comunidad.madrid/catalogo/dataset/1501018
montes_por_comarca,Montes de Utilidad Pública por Comarca forestal,,Medio ambiente,CSV|JSON,https://datos.comunidad.madrid/catalogo/dataset/montes_por_comarca
ipvcm_base_2022_municipio,Índice de precios de vivienda de segunda mano de la Comunidad de Madrid (IPVCM). Base 2022. Por municipio (mayor de 30.000 habitantes),2_Inmobiliario_suelo,Economía,CSV|JSON,https://datos.comunidad.madrid/catalogo/dataset/ipvcm_base_2022_municipio
ipvcm_base_2022_antiguedad,Índice de precios de vivienda de segunda mano de la Comunidad de Madrid (IPVCM). Base 2022. Por antigüedad del edificio,2_Inmobiliario_suelo|3_Demografia_talento,Economía,CSV|JSON,https://datos.comunidad.madrid/catalogo/dataset/ipvcm_base_2022_antiguedad
ipvcm_base_2022_tipo_superficie,Índice de precios de vivienda de segunda mano de la Comunidad de Madrid (IPVCM). Base 2022. Por tipología constructiva del edificio y superficie de la vivienda,2_Inmobiliario_suelo,Economía,CSV|JSON,https://datos.comunidad.madrid/catalogo/dataset/ipvcm_base_2022_tipo_superficie
ipvcm_base_2022_distrito_madrid,Índice de precios de vivienda de segunda mano de la Comunidad de Madrid (IPVCM). Base 2022. Por distrito del municipio de Madrid,2_Inmobiliario_suelo,Economía,CSV|JSON,https://datos.comunidad.madrid/catalogo/dataset/ipvcm_base_2022_distrito_madrid
ipvcm_base_2022_zona_estadistica,Índice de precios de vivienda de segunda mano de la Comunidad de Madrid (IPVCM). Base 2022. Por zona estadística,2_Inmobiliario_suelo,Economía,CSV|JSON,https://datos.comunidad.madrid/catalogo/dataset/ipvcm_base_2022_zona_estadistica
1923962,Teatros por municipios. Municipios,,Cultura y ocio,CSV|JSON,https://datos.comunidad.madrid/catalogo/dataset/1923962
1923960,Museos por municipios. Municipios,,Cultura y ocio,CSV|JSON,https://datos.comunidad.madrid/catalogo/dataset/1923960
1920071,Asegurados beneficiarios de la Mutualidad General Judicial (MUGEJU) por relación de parentesco con el titular,,Empleo|Sector público,CSV|JSON,https://datos.comunidad.madrid/catalogo/dataset/1920071
1920070,Pensionistas de la Mutualidad General Judicial (MUGEJU),,,CSV|JSON,https://datos.comunidad.madrid/catalogo/dataset/1920070
1920063,Asegurados titulares de la Mutualidad General Judicial (MUGEJU) por situación administrativa,,Empleo|Sector público,CSV|JSON,https://datos.comunidad.madrid/catalogo/dataset/1920063
1918167,Producción de miel y cera por tipo de colmena,,Medio Rural,CSV|JSON,https://datos.comunidad.madrid/catalogo/dataset/1918167
1917301,Helipuertos por municipios. Municipios,,Transporte,CSV|JSON,https://datos.comunidad.madrid/catalogo/dataset/1917301
1917280,Galerías de alimentación por municipios,,Comercio,CSV|JSON,https://datos.comunidad.madrid/catalogo/dataset/1917280
1917222,Mercados de abastos por municipios,,Comercio,CSV|JSON,https://datos.comunidad.madrid/catalogo/dataset/1917222
1914400,Festejos taurinos celebrados por tipo de festejo,,Cultura y ocio,CSV|JSON,https://datos.comunidad.madrid/catalogo/dataset/1914400
venta_ambulante_por_distritos,Venta ambulante por distritos,,Comercio,CSV|JSON,https://datos.comunidad.madrid/catalogo/dataset/venta_ambulante_por_distritos
entidades_credito,Entidades de crédito. Municipios,,Economía,CSV|JSON,https://datos.comunidad.madrid/catalogo/dataset/entidades_credito
venta_ambulante,Venta ambulante: mercadillos y puestos en mercadillos. Municipios,,Comercio,CSV|JSON,https://datos.comunidad.madrid/catalogo/dataset/venta_ambulante
farmacias,Recursos sanitarios. Farmacias. Municipios,6_Servicios_entorno,Salud,CSV|JSON,https://datos.comunidad.madrid/catalogo/dataset/farmacias
accidentes_trabajo_por_edad_y_sexo,Accidentes de trabajo por edad y sexo,3_Demografia_talento|4_Empleo_economia,Empleo|Salud,CSV|JSON,https://datos.comunidad.madrid/catalogo/dataset/accidentes_trabajo_por_edad_y_sexo
material_recuperado_por_planta,Materiales recuperados en las plantas de clasificación de envases por planta,,Medio ambiente,CSV|JSON,https://datos.comunidad.madrid/catalogo/dataset/material_recuperado_por_planta
1914020,Autónomos por sexo,4_Empleo_economia,Empleo,CSV|JSON,https://datos.comunidad.madrid/catalogo/dataset/1914020
1903761,Otro personal no docente en centros escolares por titularidad del centro,,Educación,CSV|JSON,https://datos.comunidad.madrid/catalogo/dataset/1903761
901021,"Vehículos, plazas y empresas autorizadas para transporte de viajeros por tipo de vehículos",4_Empleo_economia|5_Conectividad_movilidad,,CSV|JSON,https://datos.comunidad.madrid/catalogo/dataset/901021
1934705,Productos vendidos en las empresas industriales por agrupación de actividad (CNAE 2025),4_Empleo_economia,Industria,CSV|JSON,https://datos.comunidad.madrid/catalogo/dataset/1934705
1934685,Consumos energéticos que realizan las industriaes extractivas y manufactureras,6_Servicios_entorno,Comercio|Energía,CSV|JSON,https://datos.comunidad.madrid/catalogo/dataset/1934685
1932807,Proporción de centros y trabajadores según hayan modificado o no las condiciones del convenio colectivo (Base 2008),,,CSV|JSON,https://datos.comunidad.madrid/catalogo/dataset/1932807
1932808,Coste laboral y sus componentes según hayan modificado o no las condiciones del convenio colectivo (Base 2008),,,CSV|JSON,https://datos.comunidad.madrid/catalogo/dataset/1932808
perceptores_asalariados_por_sector_y_sexo,Recursos económicos de los hogares. Óptica perceptores. Asalariados por sector y sexo,3_Demografia_talento|4_Empleo_economia,Economía,CSV|JSON,https://datos.comunidad.madrid/catalogo/dataset/perceptores_asalariados_por_sector_y_sexo
matriculacion_vehiculos_tipo,"Matriculación de vehículos, por tipo de vehículo. Comunidad de Madrid y España",3_Demografia_talento|5_Conectividad_movilidad,Economía,CSV|JSON,https://datos.comunidad.madrid/catalogo/dataset/matriculacion_vehiculos_tipo
1918032,Productos vendidos en las empresas industriales por agrupación de actividad (2008-2020),4_Empleo_economia,Industria,CSV|JSON,https://datos.comunidad.madrid/catalogo/dataset/1918032
1917143,Medidas adoptadas para menores condenados por nacionalidad,,Legislación y justicia,CSV|JSON,https://datos.comunidad.madrid/catalogo/dataset/1917143
1903260,Evolución  del porcentaje de paro registrado. Municipios,4_Empleo_economia,,CSV|JSON,https://datos.comunidad.madrid/catalogo/dataset/1903260
1902280,Paro registrado por 100 habitantes. Municipios,4_Empleo_economia,,CSV|JSON,https://datos.comunidad.madrid/catalogo/dataset/1902280
1901701,Variación relativa del paro registrado. Municipios,4_Empleo_economia,,CSV|JSON,https://datos.comunidad.madrid/catalogo/dataset/1901701
302038,Total paro registrado. Municipios,4_Empleo_economia,,CSV|JSON,https://datos.comunidad.madrid/catalogo/dataset/302038
censo_89_99_09_asalariados_fijos_jefes_explotacion_por_edad_sexo_y_tipo,"Censo agrario (1989, 1999, 2009). Trabajadores asalariados fijos jefes de explotación por grupos de edad, sexo y tipo de explotación",3_Demografia_talento|4_Empleo_economia,Medio Rural,CSV|JSON,https://datos.comunidad.madrid/catalogo/dataset/censo_89_99_09_asalariados_fijos_jefes_explotacion_por_edad_sexo_y_tipo
paro_por_edad_y_sexo,Paro registrado en las oficinas de empleo por edad y sexo. Municipios,3_Demografia_talento|4_Empleo_economia,Empleo,CSV|JSON,https://datos.comunidad.madrid/catalogo/dataset/paro_por_edad_y_sexo
base_cotizacion_media_sexo_nacionalidad_cnae09,"Base media de cotización a la Seguridad Social, por sexo y nacionalidad (españoles y extranjeros) y rama de actividad (CNAE-2009). Comunidad de Madrid",6_Servicios_entorno,Economía,CSV|JSON,https://datos.comunidad.madrid/catalogo/dataset/base_cotizacion_media_sexo_nacionalidad_cnae09
base_cotizacion_media_sexo_nacionalidad_tipo_contrato,"Base media de cotización a la Seguridad Social, por sexo, nacionalidad (españoles y extranjeros), tipo de contrato y tipo de jornada. Comunidad de Madrid",4_Empleo_economia|6_Servicios_entorno,Economía,CSV|JSON,https://datos.comunidad.madrid/catalogo/dataset/base_cotizacion_media_sexo_nacionalidad_tipo_contrato
base_cotizacion_media_sexo_edad_cnae09,"Base media de cotización a la Seguridad Social, por sexo y edad y rama de actividad (CNAE-2009). Comunidad de Madrid",3_Demografia_talento|6_Servicios_entorno,Economía,CSV|JSON,https://datos.comunidad.madrid/catalogo/dataset/base_cotizacion_media_sexo_edad_cnae09
base_cotizacion_media_sexo_grupo_cotizacion,"Base media de cotización a la Seguridad Social, por sexo y grupo de cotización. Comunidad de Madrid",6_Servicios_entorno,Economía,CSV|JSON,https://datos.comunidad.madrid/catalogo/dataset/base_cotizacion_media_sexo_grupo_cotizacion
base_cotizacion_media_sexo,"Base media de cotización a la Seguridad Social, por sexo. Comunidad de Madrid",6_Servicios_entorno,Economía,CSV|JSON,https://datos.comunidad.madrid/catalogo/dataset/base_cotizacion_media_sexo
turismo_residentes_espania_a_cm_por_duracion,Turismo de residentes en España a la Comunidad de Madrid por duración del viaje,6_Servicios_entorno,Turismo,CSV|JSON,https://datos.comunidad.madrid/catalogo/dataset/turismo_residentes_espania_a_cm_por_duracion
turismo_residentes_espania_a_cm_por_motivo,Turismo de residentes en España a la Comunidad de Madrid por motivo principal del viaje,6_Servicios_entorno,Turismo,CSV|JSON,https://datos.comunidad.madrid/catalogo/dataset/turismo_residentes_espania_a_cm_por_motivo
turismo_residentes_cm_por_tipo_transporte,Turismo de residentes en la Comunidad de Madrid por tipo de transporte,5_Conectividad_movilidad|6_Servicios_entorno,Turismo,CSV|JSON,https://datos.comunidad.madrid/catalogo/dataset/turismo_residentes_cm_por_tipo_transporte
personas_discapacidad_por_tipo_y_sexo,Personas con discapacidad por tipo de discapacidad y sexo. Municipios,,Sociedad y bienestar,CSV|JSON,https://datos.comunidad.madrid/catalogo/dataset/personas_discapacidad_por_tipo_y_sexo
1933606,Sintomatología depresiva por gravedad según PHQ-8 por sexo y grupos de edad,3_Demografia_talento,,CSV|JSON,https://datos.comunidad.madrid/catalogo/dataset/1933606
1933605,Índice de masa corporal de la población por sexo y grupos de edad,3_Demografia_talento,,CSV|JSON,https://datos.comunidad.madrid/catalogo/dataset/1933605
1928121,Cobertura de vacunación por cohortes de nacimiento de la población,3_Demografia_talento,Salud,CSV|JSON,https://datos.comunidad.madrid/catalogo/dataset/1928121
1923597,Prácticas preventivas de las personas de 18 a 64 años,,Salud,CSV|JSON,https://datos.comunidad.madrid/catalogo/dataset/1923597
1919460,Alumnos matriculados en educación infantil por titularidad ciclo y sexo,3_Demografia_talento,Educación,CSV|JSON,https://datos.comunidad.madrid/catalogo/dataset/1919460
1918820,Hospitalizados en el Hospital Central de la Defensa Gómez Ulla por diagnóstico,6_Servicios_entorno,Salud|Seguridad,CSV|JSON,https://datos.comunidad.madrid/catalogo/dataset/1918820
1917511,Trasplantes pancreáticos realizados por hospitales,6_Servicios_entorno,Salud,CSV|JSON,https://datos.comunidad.madrid/catalogo/dataset/1917511
1917509,Trasplantes intestinales realizados por hospitales,6_Servicios_entorno,Salud,CSV|JSON,https://datos.comunidad.madrid/catalogo/dataset/1917509
1917507,Trasplantes pulmonares realizados por hospitales,6_Servicios_entorno,Salud,CSV|JSON,https://datos.comunidad.madrid/catalogo/dataset/1917507
1917505,Trasplantes cardíacos realizados por hospitales,6_Servicios_entorno,Salud,CSV|JSON,https://datos.comunidad.madrid/catalogo/dataset/1917505
1917503,Trasplantes hepáticos realizados por hospitales,6_Servicios_entorno,Salud,CSV|JSON,https://datos.comunidad.madrid/catalogo/dataset/1917503
1904100,Alumnos extranjeros matriculados por grupos de países y por titularidad del centro,3_Demografia_talento,Educación,CSV|JSON,https://datos.comunidad.madrid/catalogo/dataset/1904100
1903453,Centros escolares públicos por enseñanza que imparten,,Educación,CSV|JSON,https://datos.comunidad.madrid/catalogo/dataset/1903453
1903444,Centros escolares públicos,,Educación,CSV|JSON,https://datos.comunidad.madrid/catalogo/dataset/1903444
1903443,Total centros escolares del régimen general,,Educación,CSV|JSON,https://datos.comunidad.madrid/catalogo/dataset/1903443
102026,Explotación en depuración de agua,6_Servicios_entorno,Medio ambiente|Urbanismo e infraestructuras,CSV|JSON,https://datos.comunidad.madrid/catalogo/dataset/102026
102014,Indicadores de distribución y consumo de agua,6_Servicios_entorno,Medio ambiente|Urbanismo e infraestructuras,CSV|JSON,https://datos.comunidad.madrid/catalogo/dataset/102014
consumo_alimentos_24_horas_adultos_por_edad,Consumo de diversos alimentos en las últimas 24 horas. Adultos por edad,3_Demografia_talento,Salud,CSV|JSON,https://datos.comunidad.madrid/catalogo/dataset/consumo_alimentos_24_horas_adultos_por_edad
profesores_regimen_general_por_edad_y_sexo,Profesores de centros del régimen general por edad y sexo,3_Demografia_talento,Educación,CSV|JSON,https://datos.comunidad.madrid/catalogo/dataset/profesores_regimen_general_por_edad_y_sexo
alumnos_matriculados_ciclos_grado_superior_por_regimenes_y_titularidad,Alumnos matriculados en ciclos formativos de grado superior por regímenes y titularidad del centro,3_Demografia_talento,Educación,CSV|JSON,https://datos.comunidad.madrid/catalogo/dataset/alumnos_matriculados_ciclos_grado_superior_por_regimenes_y_titularidad
alumnos_matriculados_ciclos_grado_medio_por_titularidad_y_sexo,Alumnos matriculados en ciclos formativos de grado medio por titularidad del centro y sexo,3_Demografia_talento,Educación,CSV|JSON,https://datos.comunidad.madrid/catalogo/dataset/alumnos_matriculados_ciclos_grado_medio_por_titularidad_y_sexo
alumnos_matriculados_fp_basica_por_tipo,Alumnos matriculados en ciclos formativos de formación profesional básica por tipo de centro,3_Demografia_talento,Educación,CSV|JSON,https://datos.comunidad.madrid/catalogo/dataset/alumnos_matriculados_fp_basica_por_tipo
alumnos_matriculados_bachillerato_por_regimenes_y_tipo,Alumnos matriculados en bachillerato por regímenes escolares y tipo de centro,3_Demografia_talento,Educación,CSV|JSON,https://datos.comunidad.madrid/catalogo/dataset/alumnos_matriculados_bachillerato_por_regimenes_y_tipo
alumnos_matriculados_eso_repetidores_por_ciclo_curso_titularidad_y_sexo,"Alumnos matriculados en Educación Secundaria Obligatoria (ESO) repetidores por ciclo, curso, titularidad del centro y sexo",3_Demografia_talento,Educación,CSV|JSON,https://datos.comunidad.madrid/catalogo/dataset/alumnos_matriculados_eso_repetidores_por_ciclo_curso_titularidad_y_sexo
alimentos_hogares_por_tipo_censo_2021,Alimentos consumidos en los hogares por tipo de alimento (Censo 2021),3_Demografia_talento,Sociedad y bienestar,CSV|JSON,https://datos.comunidad.madrid/catalogo/dataset/alimentos_hogares_por_tipo_censo_2021
adultos_matriculados_centros_publicos_por_tipo_y_sexo,Adultos matriculados en centros públicos por tipo de enseñanza y sexo,3_Demografia_talento,Educación,CSV|JSON,https://datos.comunidad.madrid/catalogo/dataset/adultos_matriculados_centros_publicos_por_tipo_y_sexo
profesores_centros_regimen_especial_por_titularidad,Profesores de centros del régimen especial por titularidad,,Educación,CSV|JSON,https://datos.comunidad.madrid/catalogo/dataset/profesores_centros_regimen_especial_por_titularidad
centros_regimen_especial_por_ensenianza_y_titularidad,Centros de régimen especial por enseñanza que imparten y titularidad,,Educación,CSV|JSON,https://datos.comunidad.madrid/catalogo/dataset/centros_regimen_especial_por_ensenianza_y_titularidad
volumen_agua_facturado,Abastecimiento Canal Isabel II. Volumen de agua facturado (m3). Municipios,6_Servicios_entorno,Medio ambiente|Urbanismo e infraestructuras,CSV|JSON,https://datos.comunidad.madrid/catalogo/dataset/volumen_agua_facturado
transacciones_suelo_urbano_tamanio_municipio,"Transacciones de suelo urbano, valor y superficie transmitido. Comunidad de Madrid y España",2_Inmobiliario_suelo,Economía,CSV|JSON,https://datos.comunidad.madrid/catalogo/dataset/transacciones_suelo_urbano_tamanio_municipio
transacciones_suelo_urbano_tipo_persona,"Número de transacciones de suelo urbano, valor y superficie transmitido, por tipo de persona (fisica o jurídica). Comunidad de Madrid y España",2_Inmobiliario_suelo,Economía,CSV|JSON,https://datos.comunidad.madrid/catalogo/dataset/transacciones_suelo_urbano_tipo_persona
ipv_ine_base_2007,"Índice de precios de vivienda (IPV). Base 2007. General, vivienda nueva y vivienda de segunda mano. Comunidad de Madrid y España",2_Inmobiliario_suelo,Economía,CSV|JSON,https://datos.comunidad.madrid/catalogo/dataset/ipv_ine_base_2007
ipv_ine_base_2015,"Índice de precios de vivienda (IPV). Base 2015. General, vivienda nueva y vivienda de segunda mano. Comunidad de Madrid y España",2_Inmobiliario_suelo,Economía,CSV|JSON,https://datos.comunidad.madrid/catalogo/dataset/ipv_ine_base_2015
precios_agrarios_base_2010,"Índice de Precios Agrarios (IPA). Base 2010. Precios agrarios, percibidos y pagados por los agricultores. España",,Economía,CSV|JSON,https://datos.comunidad.madrid/catalogo/dataset/precios_agrarios_base_2010
precios_agrarios_base_2015,"Índice de Precios Agrarios (IPA). Base 2015. Precios agrarios, percibidos y pagados por los agricultores. España",,Economía,CSV|JSON,https://datos.comunidad.madrid/catalogo/dataset/precios_agrarios_base_2015
icl_base_2000,ETCL. Base 2000. Índice de Coste Laboral (ICL). Costes laborales. Comunidad de Madrid y España,,Economía,CSV|JSON,https://datos.comunidad.madrid/catalogo/dataset/icl_base_2000
ipri_actividad_base_1990,"Índice de Precios Industriales (IPRI), por ramas de actividad. Base 1990. Comunidad de Madrid",,Economía,CSV|JSON,https://datos.comunidad.madrid/catalogo/dataset/ipri_actividad_base_1990
ipri_destino_bienes_base_1990,"Índice de Precios Industriales (IPRI), por destino de los bienes. Base 1990. Comunidad de Madrid y España",,Economía,CSV|JSON,https://datos.comunidad.madrid/catalogo/dataset/ipri_destino_bienes_base_1990
ipri_actividad_base_2005,"Índice de Precios Industriales (IPRI), por ramas de actividad. Base 2005. Comunidad de Madrid",,Economía,CSV|JSON,https://datos.comunidad.madrid/catalogo/dataset/ipri_actividad_base_2005
ipri_actividad_base_2010,"Índice de Precios Industriales (IPRI), por sección y división CNAE. Base 2010. Comunidad de Madrid",,Economía,CSV|JSON,https://datos.comunidad.madrid/catalogo/dataset/ipri_actividad_base_2010
ipri_destino_bienes_base_2010,"Índice de Precios Industriales (IPRI), por destino de los bienes. Base 2010. Comunidad de Madrid y España",,Economía,CSV|JSON,https://datos.comunidad.madrid/catalogo/dataset/ipri_destino_bienes_base_2010
ipri_destino_bienes_base_2015,"Índice de Precios Industriales (IPRI), por destino de los bienes. Base 2015. Comunidad de Madrid y España",,Economía,CSV|JSON,https://datos.comunidad.madrid/catalogo/dataset/ipri_destino_bienes_base_2015
ipc_base_2006,"Índice de Precios de Consumo (IPC), por grupo. Base 2006. Comunidad de Madrid y España",,Economía,CSV|JSON,https://datos.comunidad.madrid/catalogo/dataset/ipc_base_2006
ipc_base_2011,"Índice de Precios de Consumo (IPC), por grupo. Base 2011. Comunidad de Madrid y España",,Economía,CSV|JSON,https://datos.comunidad.madrid/catalogo/dataset/ipc_base_2011
ipc_base_2021,"Índice de Precios de Consumo (IPC), por grupo. Base 2021. Comunidad de Madrid y España",,Economía,CSV|JSON,https://datos.comunidad.madrid/catalogo/dataset/ipc_base_2021
indice_comercio_menor_base_2005,Índice del Comercio al por Menor (ICM). Base 2005. Índice general (precios corrientes y precios constantes) e índice de ocupación. Comunidad de Madrid y España,,Economía,CSV|JSON,https://datos.comunidad.madrid/catalogo/dataset/indice_comercio_menor_base_2005
indice_comercio_menor_base_2015,Índice del Comercio al por Menor (ICM). Base 2015. Índice general (precios corrientes y precios constantes) e índice de ocupación. Comunidad de Madrid y España,,Economía,CSV|JSON,https://datos.comunidad.madrid/catalogo/dataset/indice_comercio_menor_base_2015
construccion_viviendas,Construcción de viviendas en la Comunidad de Madrid y España. Iniciadas y terminadas. Libres y protegidas,2_Inmobiliario_suelo,Economía,CSV|JSON,https://datos.comunidad.madrid/catalogo/dataset/construccion_viviendas
ipi_base_1990_actividad,Índice de Producción Industrial. Base 1990. Por ramas de actividad. Comunidad de Madrid,,Economía,CSV|JSON,https://datos.comunidad.madrid/catalogo/dataset/ipi_base_1990_actividad
ipi_base_2000_destino_bienes,Índice de Producción Industrial. Base 2000. Por destino de los bienes. Comunidad de Madrid y España,,Economía,CSV|JSON,https://datos.comunidad.madrid/catalogo/dataset/ipi_base_2000_destino_bienes
pensiones_contributivas_jubilacion_sexo_edad,"Pensiones contributivas de jubilación. Importe bruto medio mensual y número de pensiones, por sexo y edad",1_Ayudas_fiscalidad|3_Demografia_talento,Economía,CSV|JSON,https://datos.comunidad.madrid/catalogo/dataset/pensiones_contributivas_jubilacion_sexo_edad
pensiones_contributivas_tipo_sexo_regimen,"Pensiones contributivas. Importe bruto medio mensual, número de pensiones y número medio de años cotizados, por tipo de pensión, régimen de cotización y sexo",1_Ayudas_fiscalidad,Economía,CSV|JSON,https://datos.comunidad.madrid/catalogo/dataset/pensiones_contributivas_tipo_sexo_regimen
empleo_paro_potenciales_ocupados_parados_edad,"Empleo y paro potenciales. Ocupados y parados, por edad. Valores absolutos y tasas. Comunidad de Madrid",3_Demografia_talento|4_Empleo_economia,Economía,CSV|JSON,https://datos.comunidad.madrid/catalogo/dataset/empleo_paro_potenciales_ocupados_parados_edad
dinamica_ocupacion_grupo_cotizacion,"Dinámica de la ocupación, por grupo de cotización. Comunidad de Madrid",,Economía,CSV|JSON,https://datos.comunidad.madrid/catalogo/dataset/dinamica_ocupacion_grupo_cotizacion
dinamica_ocupacion_tamanio_empresa,"Dinámica de la ocupación, por tamaño de la empresa. Comunidad de Madrid",4_Empleo_economia,Economía,CSV|JSON,https://datos.comunidad.madrid/catalogo/dataset/dinamica_ocupacion_tamanio_empresa
dinamica_ocupacion_tipo_jornada,"Dinámica de la ocupación, por tipo de jornada. Comunidad de Madrid",,Economía,CSV|JSON,https://datos.comunidad.madrid/catalogo/dataset/dinamica_ocupacion_tipo_jornada
dinamica_ocupacion_nacionalidad,"Dinámica de la ocupación, por nacionalidad (españoles y extranjeros). Comunidad de Madrid",,Economía,CSV|JSON,https://datos.comunidad.madrid/catalogo/dataset/dinamica_ocupacion_nacionalidad
dinamica_ocupacion_edad,"Dinámica de la ocupación, por edad. Comunidad de Madrid",3_Demografia_talento,Economía,CSV|JSON,https://datos.comunidad.madrid/catalogo/dataset/dinamica_ocupacion_edad
dinamica_ocupacion_sexo,"Dinámica de la ocupación, por sexo. Comunidad de Madrid",,Economía,CSV|JSON,https://datos.comunidad.madrid/catalogo/dataset/dinamica_ocupacion_sexo
afiliados_seg_social_rg_reta_media_mes_cnae09,"Afiliados a la Seguridad Social en alta laboral, Régimen General y R.E. Trabajadores Autónomos (RETA), media mensual, por sección de actividad (CNAE-2009). Comunidad de Madrid y España",4_Empleo_economia|6_Servicios_entorno,Economía,CSV|JSON,https://datos.comunidad.madrid/catalogo/dataset/afiliados_seg_social_rg_reta_media_mes_cnae09
ipi_base_2005_destino_bienes,Índice de Producción Industrial. Base 2005. Por destino de los bienes. Comunidad de Madrid y España,,Economía,CSV|JSON,https://datos.comunidad.madrid/catalogo/dataset/ipi_base_2005_destino_bienes
ipi_base_2010_actividad,Índice de Producción Industrial. Base 2010. Por ramas de actividad. Comunidad de Madrid,,Economía,CSV|JSON,https://datos.comunidad.madrid/catalogo/dataset/ipi_base_2010_actividad
ipi_base_2015_actividad,Índice de Producción Industrial. Base 2015. Por ramas de actividad. Comunidad de Madrid,,Economía,CSV|JSON,https://datos.comunidad.madrid/catalogo/dataset/ipi_base_2015_actividad
crt_base_2013_demanda_indices_vol_encad,Contabilidad Regional Trimestral de la Comunidad de Madrid. Base 2013. Demanda. Índices de volumen encadenados,,Economía,CSV|JSON,https://datos.comunidad.madrid/catalogo/dataset/crt_base_2013_demanda_indices_vol_encad
crt_base_2013_impuestos_netos_indices_vol_encad,Contabilidad Regional Trimestral de la Comunidad de Madrid. Base 2013. Impuestos netos sobre los productos. Índices de volumen encadenados,1_Ayudas_fiscalidad,Economía,CSV|JSON,https://datos.comunidad.madrid/catalogo/dataset/crt_base_2013_impuestos_netos_indices_vol_encad
crt_base_2013_vab_pb_indices_vol_encad,Contabilidad Regional Trimestral de la Comunidad de Madrid. Base 2013. VAR pb. Índices de volumen encadenados,,Economía,CSV|JSON,https://datos.comunidad.madrid/catalogo/dataset/crt_base_2013_vab_pb_indices_vol_encad
crt_base_2013_pib_pm_precios_corrientes,Contabilidad Regional Trimestral de la Comunidad de Madrid. Base 2013. PIB pm. Precios corrientes,4_Empleo_economia,Economía,CSV|JSON,https://datos.comunidad.madrid/catalogo/dataset/crt_base_2013_pib_pm_precios_corrientes
paro_registrado_cnae93,"Movimiento Laboral Registrado. Paro registrado, por sector de actividad (CNAE-1993). Comunidad de Madrid y España",4_Empleo_economia,Economía,CSV|JSON,https://datos.comunidad.madrid/catalogo/dataset/paro_registrado_cnae93
epa_flujos_base_2021,Encuesta de Población Activa (EPA). Base poblacional 2021. Flujos de la población activa. Comunidad de Madrid y España,3_Demografia_talento,Economía,CSV|JSON,https://datos.comunidad.madrid/catalogo/dataset/epa_flujos_base_2021
epa_base_2001_asalariados_sexo_cnae09,"Encuesta de Población Activa (EPA). Base poblacional 2001. Población asalariada, por sexo y actividad (CNAE-2009). Comunidad de Madrid y España",3_Demografia_talento|4_Empleo_economia,Economía,CSV|JSON,https://datos.comunidad.madrid/catalogo/dataset/epa_base_2001_asalariados_sexo_cnae09
epa_base_2001_sit_actividad_sexo_nacionalidad_cnae09_e,"Encuesta de Población Activa (EPA). Base poblacional 2001. Población ocupada asalariada y no asalariada, por sexo, nacionalidad (españoles y extranjeros) y actividad (CNAE-2009). España",3_Demografia_talento|4_Empleo_economia,Economía,CSV|JSON,https://datos.comunidad.madrid/catalogo/dataset/epa_base_2001_sit_actividad_sexo_nacionalidad_cnae09_e
epa_base_2001_sexo_nacionalidad_cnae93_e,"Encuesta de Población Activa (EPA). Base poblacional 2001. Población ocupada, por sexo, nacionalidad (españoles y extranjeros) y actividad (CNAE-1993). España",3_Demografia_talento|4_Empleo_economia,Economía,CSV|JSON,https://datos.comunidad.madrid/catalogo/dataset/epa_base_2001_sexo_nacionalidad_cnae93_e
epa_base_2001_sexo_nacionalidad_cnae09_e,"Encuesta de Población Activa (EPA). Base poblacional 2001. Población ocupada, por sexo, nacionalidad (españoles y extranjeros) y actividad (CNAE-2009). España",3_Demografia_talento|4_Empleo_economia,Economía,CSV|JSON,https://datos.comunidad.madrid/catalogo/dataset/epa_base_2001_sexo_nacionalidad_cnae09_e
epa_base_2011_tasa_empleo_sexo_edad,"Encuesta de Población Activa (EPA). Base poblacional 2011 y 2021. Tasa de empleo, por sexo y edad. Comunidad de Madrid y España",3_Demografia_talento|4_Empleo_economia,Economía,CSV|JSON,https://datos.comunidad.madrid/catalogo/dataset/epa_base_2011_tasa_empleo_sexo_edad
epa_base_2011_sexo_nacionalidad,Encuesta de Población Activa (EPA). Base poblacional 2011 y 2021. Indicadores por sexo y nacionalidad (españoles y extranjeros). Comunidad de Madrid y España,3_Demografia_talento,Economía,CSV|JSON,https://datos.comunidad.madrid/catalogo/dataset/epa_base_2011_sexo_nacionalidad
precio_medio_suelo_urbano,"Precio medio del metro cuadrado de suelo urbano, por tamaño del municipio. Comunidad de Madrid y España",2_Inmobiliario_suelo|5_Conectividad_movilidad,Economía,CSV|JSON,https://datos.comunidad.madrid/catalogo/dataset/precio_medio_suelo_urbano
epa_base_2011_no_asalariados_sexo_nacionalidad_cnae25_e,"Encuesta de Población Activa (EPA). Base poblacional 2011 y 2021. Población no asalariada, por sexo, nacionalidad y rama de actividad (CNAE-2025). España",3_Demografia_talento|4_Empleo_economia,Economía,CSV|JSON,https://datos.comunidad.madrid/catalogo/dataset/epa_base_2011_no_asalariados_sexo_nacionalidad_cnae25_e
epa_base_2011_no_asalariados_sexo_nacionalidad_cnae09_e,"Encuesta de Población Activa (EPA). Base poblacional 2011 y 2021. Población no asalariada, por sexo, nacionalidad y rama de actividad (CNAE-2009). España",3_Demografia_talento|4_Empleo_economia,Economía,CSV|JSON,https://datos.comunidad.madrid/catalogo/dataset/epa_base_2011_no_asalariados_sexo_nacionalidad_cnae09_e
epa_base_2011_asalariados_sexo_nacionalidad_cnae25_e,"Encuesta de Población Activa (EPA). Base poblacional 2011 y 2021. Población asalariada, por sexo, nacionalidad y rama de actividad (CNAE-2025). España",3_Demografia_talento|4_Empleo_economia,Economía,CSV|JSON,https://datos.comunidad.madrid/catalogo/dataset/epa_base_2011_asalariados_sexo_nacionalidad_cnae25_e
epa_base_2011_asalariados_sexo_nacionalidad_cnae09_e,"Encuesta de Población Activa (EPA). Base poblacional 2011 y 2021. Población asalariada, por sexo, nacionalidad y rama de actividad (CNAE-2009). España",3_Demografia_talento|4_Empleo_economia,Economía,CSV|JSON,https://datos.comunidad.madrid/catalogo/dataset/epa_base_2011_asalariados_sexo_nacionalidad_cnae09_e
epa_base_2011_ocupados_sexo_nacionalidad_cnae25_e,"Encuesta de Población Activa (EPA). Base poblacional 2011 y 2021. Población ocupada, por sexo, nacionalidad y rama de actividad (CNAE-2025). España",3_Demografia_talento|4_Empleo_economia,Economía,CSV|JSON,https://datos.comunidad.madrid/catalogo/dataset/epa_base_2011_ocupados_sexo_nacionalidad_cnae25_e
epa_base_2011_ocupados_sexo_nacionalidad_cnae09_e,"Encuesta de Población Activa (EPA). Base poblacional 2011 y 2021. Población ocupada, por sexo, nacionalidad y rama de actividad (CNAE-2009). España",3_Demografia_talento|4_Empleo_economia,Economía,CSV|JSON,https://datos.comunidad.madrid/catalogo/dataset/epa_base_2011_ocupados_sexo_nacionalidad_cnae09_e
epa_base_2011_no_asalariados_sexo_nacionalidad_cnae25_cm,"Encuesta de Población Activa (EPA). Base poblacional 2011 y 2021. Población no asalariada, por sexo, nacionalidad y rama de actividad (CNAE-2025). Comunidad de Madrid",3_Demografia_talento|4_Empleo_economia,Economía,CSV|JSON,https://datos.comunidad.madrid/catalogo/dataset/epa_base_2011_no_asalariados_sexo_nacionalidad_cnae25_cm
epa_base_2011_no_asalariados_sexo_nacionalidad_cnae09_cm,"Encuesta de Población Activa (EPA). Base poblacional 2011 y 2021. Población no asalariada, por sexo, nacionalidad y rama de actividad (CNAE-2009). Comunidad de Madrid",3_Demografia_talento|4_Empleo_economia,Economía,CSV|JSON,https://datos.comunidad.madrid/catalogo/dataset/epa_base_2011_no_asalariados_sexo_nacionalidad_cnae09_cm
epa_base_2011_asalariados_sexo_nacionalidad_cnae25_cm,"Encuesta de Población Activa (EPA). Base poblacional 2011 y 2021. Población asalariada, por sexo, nacionalidad y rama de actividad (CNAE-2025). Comunidad de Madrid",3_Demografia_talento|4_Empleo_economia,Economía,CSV|JSON,https://datos.comunidad.madrid/catalogo/dataset/epa_base_2011_asalariados_sexo_nacionalidad_cnae25_cm
epa_base_2011_asalariados_sexo_nacionalidad_cnae09_cm,"Encuesta de Población Activa (EPA). Base poblacional 2011 y 2021. Población asalariada, por sexo, nacionalidad y rama de actividad (CNAE-2009). Comunidad de Madrid",3_Demografia_talento|4_Empleo_economia,Economía,CSV|JSON,https://datos.comunidad.madrid/catalogo/dataset/epa_base_2011_asalariados_sexo_nacionalidad_cnae09_cm
epa_base_2011_ocupados_sexo_nacionalidad_cnae25_cm,"Encuesta de Población Activa (EPA). Base poblacional 2011 y 2021. Población ocupada, por sexo, nacionalidad y rama de actividad (CNAE-2025). Comunidad de Madrid",3_Demografia_talento|4_Empleo_economia,Economía,CSV|JSON,https://datos.comunidad.madrid/catalogo/dataset/epa_base_2011_ocupados_sexo_nacionalidad_cnae25_cm
epa_base_2011_ocupados_sexo_nacionalidad_cnae09_cm,"Encuesta de Población Activa (EPA). Base poblacional 2011 y 2021. Población ocupada, por sexo, nacionalidad y rama de actividad (CNAE-2009). Comunidad de Madrid",3_Demografia_talento|4_Empleo_economia,Economía,CSV|JSON,https://datos.comunidad.madrid/catalogo/dataset/epa_base_2011_ocupados_sexo_nacionalidad_cnae09_cm
epa_base_2011_parados_cnae25,"Encuesta de Población Activa (EPA). Base poblacional 2011 y 2021. Población parada, por sector de actividad (CNAE-2025). Comunidad de Madrid y España",3_Demografia_talento,Economía,CSV|JSON,https://datos.comunidad.madrid/catalogo/dataset/epa_base_2011_parados_cnae25
epa_base_2011_poblacion_activa_cnae25,"Encuesta de Población Activa (EPA). Base poblacional 2011 y 2021. Población activa, por sector de actividad (CNAE-2025). Comunidad de Madrid y España",3_Demografia_talento,Economía,CSV|JSON,https://datos.comunidad.madrid/catalogo/dataset/epa_base_2011_poblacion_activa_cnae25
demografia_empresarial_cnae09,"Demografía empresarial de la Comunidad de Madrid. Unidades empresariales y puestos de trabajo asociados a las unidades empresariales, por rama de actividad (CNAE-2009)",4_Empleo_economia,Economía,CSV|JSON,https://datos.comunidad.madrid/catalogo/dataset/demografia_empresarial_cnae09
epa_base_2011_parados_cnae09,"Encuesta de Población Activa (EPA). Base poblacional 2011 y 2021. Población parada, por sector de actividad (CNAE-2009). Comunidad de Madrid y España",3_Demografia_talento,Economía,CSV|JSON,https://datos.comunidad.madrid/catalogo/dataset/epa_base_2011_parados_cnae09
epa_base_2011_poblacion_activa_cnae09,"Encuesta de Población Activa (EPA). Base poblacional 2011 y 2021. Población activa, por sector de actividad (CNAE-2009). Comunidad de Madrid y España",3_Demografia_talento,Economía,CSV|JSON,https://datos.comunidad.madrid/catalogo/dataset/epa_base_2011_poblacion_activa_cnae09
pensiones_contributivas_incap_favfamiliares_sexo_edad,"Pensiones contributivas de incapacidad permanente y en favor de familiares. Importe bruto medio mensual y número de pensiones, por sexo y edad",1_Ayudas_fiscalidad|3_Demografia_talento,Economía,CSV|JSON,https://datos.comunidad.madrid/catalogo/dataset/pensiones_contributivas_incap_favfamiliares_sexo_edad
empleo_paro_potenciales_edad,"Empleo y paro potenciales. Activos potenciales, por edad. Comunidad de Madrid",3_Demografia_talento|4_Empleo_economia,Economía,CSV|JSON,https://datos.comunidad.madrid/catalogo/dataset/empleo_paro_potenciales_edad
dinamica_ocupacion_tipo_contrato,"Dinámica de la ocupación, por tipo de contrato. Comunidad de Madrid",4_Empleo_economia,Economía,CSV|JSON,https://datos.comunidad.madrid/catalogo/dataset/dinamica_ocupacion_tipo_contrato
afiliados_seg_social_media_mes_regimen_2003_2011,"Afiliados a la Seguridad Social en alta laboral, media mensual, por régimen. Comunidad de Madrid y España. Series 2003-2011",4_Empleo_economia|6_Servicios_entorno,Economía,CSV|JSON,https://datos.comunidad.madrid/catalogo/dataset/afiliados_seg_social_media_mes_regimen_2003_2011
salario_agrario_medio,Índice de Salarios Agrarios (ISA). Salario medio. Comunidad de Madrid y España,4_Empleo_economia,Economía,CSV|JSON,https://datos.comunidad.madrid/catalogo/dataset/salario_agrario_medio
etcl_horas_base_2008,Encuesta Trimestral de Coste Laboral (ETCL). Base 2008. Tiempo de trabajo. Comunidad de Madrid y España,4_Empleo_economia,Economía,CSV|JSON,https://datos.comunidad.madrid/catalogo/dataset/etcl_horas_base_2008
ipri_destino_bienes_base_2000,"Índice de Precios Industriales (IPRI), por destino de los bienes. Base 2000. Comunidad de Madrid y España",,Economía,CSV|JSON,https://datos.comunidad.madrid/catalogo/dataset/ipri_destino_bienes_base_2000
ipri_destino_bienes_base_2005,"Índice de Precios Industriales (IPRI), por destino de los bienes. Base 2005. Comunidad de Madrid y España",,Economía,CSV|JSON,https://datos.comunidad.madrid/catalogo/dataset/ipri_destino_bienes_base_2005
ipri_actividad_base_2015,"Índice de Precios Industriales (IPRI), por sección y división CNAE. Base 2015. Comunidad de Madrid",,Economía,CSV|JSON,https://datos.comunidad.madrid/catalogo/dataset/ipri_actividad_base_2015
ipc_base_2001,"Índice de Precios de Consumo (IPC), por grupo. Base 2001. Comunidad de Madrid y España",,Economía,CSV|JSON,https://datos.comunidad.madrid/catalogo/dataset/ipc_base_2001
ipc_base_2016,"Índice de Precios de Consumo (IPC), por grupo. Base 2016. Comunidad de Madrid y España",,Economía,CSV|JSON,https://datos.comunidad.madrid/catalogo/dataset/ipc_base_2016
indicador_confianza_empresarial,Indicador de confianza empresarial (ICE). Comunidad de Madrid y España,4_Empleo_economia,Economía,CSV|JSON,https://datos.comunidad.madrid/catalogo/dataset/indicador_confianza_empresarial
indice_comercio_menor_base_2001,Índice del Comercio al por Menor (ICM). Base 2001. Índice general (precios corrientes y precios constantes) e índice de ocupación. Comunidad de Madrid y España,,Economía,CSV|JSON,https://datos.comunidad.madrid/catalogo/dataset/indice_comercio_menor_base_2001
indice_comercio_menor_base_2010,Índice del Comercio al por Menor (ICM). Base 2010. Índice general (precios corrientes y precios constantes) e índice de ocupación. Comunidad de Madrid y España,,Economía,CSV|JSON,https://datos.comunidad.madrid/catalogo/dataset/indice_comercio_menor_base_2010
iass_base_2005,Indicadores de Actividad del Sector Servicios (IASS). Base 2005. Cifra de negocios. Comunidad de Madrid y España,,Economía,CSV|JSON,https://datos.comunidad.madrid/catalogo/dataset/iass_base_2005
iass_base_2010,Indicadores de Actividad del Sector Servicios (IASS). Base 2010. Cifra de negocios. Comunidad de Madrid y España,,Economía,CSV|JSON,https://datos.comunidad.madrid/catalogo/dataset/iass_base_2010
iass_base_2015,Indicadores de Actividad del Sector Servicios (IASS). Base 2015. Cifra de negocios e índice de ocupación. Comunidad de Madrid y España,,Economía,CSV|JSON,https://datos.comunidad.madrid/catalogo/dataset/iass_base_2015
ipi_base_1990_destino_bienes,Índice de Producción Industrial. Base 1990. Por destino de los bienes. Comunidad de Madrid y España,,Economía,CSV|JSON,https://datos.comunidad.madrid/catalogo/dataset/ipi_base_1990_destino_bienes
ipi_base_2005_actividad,Índice de Producción Industrial. Base 2005. Por ramas de actividad. Comunidad de Madrid,,Economía,CSV|JSON,https://datos.comunidad.madrid/catalogo/dataset/ipi_base_2005_actividad
ipi_base_2010_destino_bienes,Índice de Producción Industrial. Base 2010. Por destino de los bienes. Comunidad de Madrid y España,,Economía,CSV|JSON,https://datos.comunidad.madrid/catalogo/dataset/ipi_base_2010_destino_bienes
ipi_base_2015_destino_bienes,Índice de Producción Industrial. Base 2015. Por destino de los bienes. Comunidad de Madrid y España,,Economía,CSV|JSON,https://datos.comunidad.madrid/catalogo/dataset/ipi_base_2015_destino_bienes
consumo_electricidad_cnae_1993,"Consumo de energía eléctrica en la Comunidad de Madrid, por subramas de actividad (CNAE-1993)",6_Servicios_entorno,Economía,CSV|JSON,https://datos.comunidad.madrid/catalogo/dataset/consumo_electricidad_cnae_1993
consumo_electricidad_cnae_2009,"Consumo de energía eléctrica en la Comunidad de Madrid, por subramas de actividad (CNAE-2009)",6_Servicios_entorno,Economía,CSV|JSON,https://datos.comunidad.madrid/catalogo/dataset/consumo_electricidad_cnae_2009
crt_base_2013_demanda_precios_corrientes,Contabilidad Regional Trimestral de la Comunidad de Madrid. Base 2013. Demanda. Precios corrientes,,Economía,CSV|JSON,https://datos.comunidad.madrid/catalogo/dataset/crt_base_2013_demanda_precios_corrientes
crt_base_2013_pib_pm_indices_vol_encad,Contabilidad Regional Trimestral de la Comunidad de Madrid. Base 2013. PIB pm. Índices de volumen encadenados,4_Empleo_economia,Economía,CSV|JSON,https://datos.comunidad.madrid/catalogo/dataset/crt_base_2013_pib_pm_indices_vol_encad
crt_base_2013_impuestos_netos_precios_corrientes,Contabilidad Regional Trimestral de la Comunidad de Madrid. Base 2013. Impuestos netos sobre los productos. Precios corrientes,1_Ayudas_fiscalidad,Economía,CSV|JSON,https://datos.comunidad.madrid/catalogo/dataset/crt_base_2013_impuestos_netos_precios_corrientes
crt_base_2013_vab_pb_precios_corrientes,Contabilidad Regional Trimestral de la Comunidad de Madrid. Base 2013. VAB pb. Precios corrientes,,Economía,CSV|JSON,https://datos.comunidad.madrid/catalogo/dataset/crt_base_2013_vab_pb_precios_corrientes
paro_registrado_sit_laboral_cnae93,Movimiento Laboral Registrado. Paro registrado en función de la situación laboral anterior al paro (serie CNAE-1993). Comunidad de Madrid y España,4_Empleo_economia,Economía,CSV|JSON,https://datos.comunidad.madrid/catalogo/dataset/paro_registrado_sit_laboral_cnae93
paro_registrado_cnae93_municipios,"Movimiento Laboral Registrado. Paro registrado, por sector de actividad (CNAE-1993) y municipio. Comunidad de Madrid",4_Empleo_economia,Economía,CSV|JSON,https://datos.comunidad.madrid/catalogo/dataset/paro_registrado_cnae93_municipios
epa_base_2001_asalariados_sexo_cnae93,"Encuesta de Población Activa (EPA). Base poblacional 2001. Población asalariada, por sexo y actividad (CNAE-1993). Comunidad de Madrid y España",3_Demografia_talento|4_Empleo_economia,Economía,CSV|JSON,https://datos.comunidad.madrid/catalogo/dataset/epa_base_2001_asalariados_sexo_cnae93
epa_base_2001_sit_actividad_sexo_nacionalidad_cnae93_e,"Encuesta de Población Activa (EPA). Base poblacional 2001. Población ocupada asalariada y no asalariada, por sexo, nacionalidad (españoles y extranjeros) y actividad (CNAE-1993). España",3_Demografia_talento|4_Empleo_economia,Economía,CSV|JSON,https://datos.comunidad.madrid/catalogo/dataset/epa_base_2001_sit_actividad_sexo_nacionalidad_cnae93_e
epa_base_2001_sit_actividad_sexo_nacionalidad_cnae93_cm,"Encuesta de Población Activa (EPA). Base poblacional 2001. Población ocupada asalariada y no asalariada, por sexo, nacionalidad (españoles y extranjeros) y actividad (CNAE-1993). Comunidad de Madrid",3_Demografia_talento|4_Empleo_economia,Economía,CSV|JSON,https://datos.comunidad.madrid/catalogo/dataset/epa_base_2001_sit_actividad_sexo_nacionalidad_cnae93_cm
epa_base_2001_sit_actividad_sexo_nacionalidad_cnae09_cm,"Encuesta de Población Activa (EPA). Base poblacional 2001. Población ocupada asalariada y no asalariada, por sexo, nacionalidad (españoles y extranjeros) y actividad (CNAE-2009). Comunidad de Madrid",3_Demografia_talento|4_Empleo_economia,Economía,CSV|JSON,https://datos.comunidad.madrid/catalogo/dataset/epa_base_2001_sit_actividad_sexo_nacionalidad_cnae09_cm
epa_base_2001_sexo_nacionalidad_cnae93_cm,"Encuesta de Población Activa (EPA). Base poblacional 2001. Población ocupada, por sexo, nacionalidad (españoles y extranjeros) y actividad (CNAE-1993). Comunidad de Madrid",3_Demografia_talento|4_Empleo_economia,Economía,CSV|JSON,https://datos.comunidad.madrid/catalogo/dataset/epa_base_2001_sexo_nacionalidad_cnae93_cm
epa_base_2001_sexo_nacionalidad_cnae09_cm,"Encuesta de Población Activa (EPA). Base poblacional 2001. Población ocupada, por sexo, nacionalidad (españoles y extranjeros) y actividad (CNAE-2009). Comunidad de Madrid",3_Demografia_talento|4_Empleo_economia,Economía,CSV|JSON,https://datos.comunidad.madrid/catalogo/dataset/epa_base_2001_sexo_nacionalidad_cnae09_cm
epa_base_2001_paro_actividad,Encuesta de Población Activa (EPA). Base poblacional 2001. Tasas de paro y actividad. Comunidad de Madrid y España,3_Demografia_talento|4_Empleo_economia,Economía,CSV|JSON,https://datos.comunidad.madrid/catalogo/dataset/epa_base_2001_paro_actividad
epa_base_2001_sexo_tipo,"Encuesta de Población Activa (EPA). Base poblacional 2001. Población ocupada e inactiva, por sexo y tipología. Comunidad de Madrid y España",3_Demografia_talento|4_Empleo_economia,Economía,CSV|JSON,https://datos.comunidad.madrid/catalogo/dataset/epa_base_2001_sexo_tipo
epa_base_2001_sexo_nacionalidad,Encuesta de Población Activa (EPA). Base poblacional 2001. Indicadores por sexo y nacionalidad (españoles y extranjeros). Comunidad de Madrid y España,3_Demografia_talento,Economía,CSV|JSON,https://datos.comunidad.madrid/catalogo/dataset/epa_base_2001_sexo_nacionalidad
epa_base_2001_sexo_edad,"Encuesta de Población Activa (EPA). Base poblacional 2001. Indicadores, por sexo y edad. Comunidad de Madrid y España",3_Demografia_talento,Economía,CSV|JSON,https://datos.comunidad.madrid/catalogo/dataset/epa_base_2001_sexo_edad
hipotecas_constituidas_base_1991_numero_importe,"Hipotecas constituidas. Número e importe, por tipo de finca. Base 1991. Comunidad de Madrid y España",,Economía,CSV|JSON,https://datos.comunidad.madrid/catalogo/dataset/hipotecas_constituidas_base_1991_numero_importe
hipotecas_contratadas,"Hipotecas contratadas. Número e importe, por Comunidad de Madrid y España",4_Empleo_economia,Economía,CSV|JSON,https://datos.comunidad.madrid/catalogo/dataset/hipotecas_contratadas
dinamica_ocupacion_cnae25,"Dinámica de la ocupación, por rama de actividad (CNAE-2025). Comunidad de Madrid",,Economía,CSV|JSON,https://datos.comunidad.madrid/catalogo/dataset/dinamica_ocupacion_cnae25
dinamica_ocupacion_cnae09,"Dinámica de la ocupación, por rama de actividad (CNAE-2009). Comunidad de Madrid",,Economía,CSV|JSON,https://datos.comunidad.madrid/catalogo/dataset/dinamica_ocupacion_cnae09
epa_base_2011_paro_actividad,Encuesta de Población Activa (EPA). Base poblacional 2011 y 2021. Tasas de paro y actividad. Comunidad de Madrid y España,3_Demografia_talento|4_Empleo_economia,Economía,CSV|JSON,https://datos.comunidad.madrid/catalogo/dataset/epa_base_2011_paro_actividad
epa_base_2011_sexo_tipo,"Encuesta de Población Activa (EPA). Base poblacional 2011 y 2021. Población ocupada e inactiva, por sexo y tipología. Comunidad de Madrid y España",3_Demografia_talento|4_Empleo_economia,Economía,CSV|JSON,https://datos.comunidad.madrid/catalogo/dataset/epa_base_2011_sexo_tipo
epa_base_2011_sexo_edad,"Encuesta de Población Activa (EPA). Base poblacional 2011 y 2021. Indicadores, por sexo y edad. Comunidad de Madrid y España",3_Demografia_talento,Economía,CSV|JSON,https://datos.comunidad.madrid/catalogo/dataset/epa_base_2011_sexo_edad
1934665,Índice de Precios de Consumo. Vivienda en alquiler (Base 2025),2_Inmobiliario_suelo,,CSV|JSON,https://datos.comunidad.madrid/catalogo/dataset/1934665
1934485,Índice de Precios de Vivienda (IPV) (Base 2025),2_Inmobiliario_suelo,,CSV|JSON,https://datos.comunidad.madrid/catalogo/dataset/1934485
1934445,Índice de precios de la vivienda en alquiler por municipios mayores de 10.000 habitantes (Base 2015). Municipios,2_Inmobiliario_suelo,,CSV|JSON,https://datos.comunidad.madrid/catalogo/dataset/1934445
1934430,Índice de precios de la vivienda en alquiler por distritos (Base 2015),2_Inmobiliario_suelo,,CSV|JSON,https://datos.comunidad.madrid/catalogo/dataset/1934430
1934428,Índice de precios de la vivienda en alquiler por antigüedad de contrato (Base 2015),2_Inmobiliario_suelo|3_Demografia_talento|4_Empleo_economia,,CSV|JSON,https://datos.comunidad.madrid/catalogo/dataset/1934428
1934427,Índice de precios de la vivienda en alquiler por tamaño de la vivienda (Base 2015),2_Inmobiliario_suelo,,CSV|JSON,https://datos.comunidad.madrid/catalogo/dataset/1934427
1934426,Índice de precios de la vivienda en alquiler por tipo de edificación (Base 2015),2_Inmobiliario_suelo,,CSV|JSON,https://datos.comunidad.madrid/catalogo/dataset/1934426
1934365,Animales sacrificados en mataderos: Bovino (desde 2025),,Medio Rural,CSV|JSON,https://datos.comunidad.madrid/catalogo/dataset/1934365
1934307,Cuenta de resultados de la actividad de arrendamiento. Media,,,CSV|JSON,https://datos.comunidad.madrid/catalogo/dataset/1934307
1934306,Cuenta de resultados de la actividad de arrendamiento. Viviendas arrendadas o cedidas a terceros,2_Inmobiliario_suelo,,CSV|JSON,https://datos.comunidad.madrid/catalogo/dataset/1934306
1934305,Cuenta de resultados de la actividad de arrendamiento. Importe,,,CSV|JSON,https://datos.comunidad.madrid/catalogo/dataset/1934305
1934287,Clasificación de viviendas según su uso: Viviendas arrendadas,2_Inmobiliario_suelo,,CSV|JSON,https://datos.comunidad.madrid/catalogo/dataset/1934287
1934286,Clasificación de viviendas según su uso: Viviendas a disposición,2_Inmobiliario_suelo,,CSV|JSON,https://datos.comunidad.madrid/catalogo/dataset/1934286
1934285,Clasificación de viviendas según su uso: Total,2_Inmobiliario_suelo,,CSV|JSON,https://datos.comunidad.madrid/catalogo/dataset/1934285
1934263,Rentabilidad bruta de viviendas habituales arrendadas por código postal para el municipio de Madrid,2_Inmobiliario_suelo|3_Demografia_talento,,CSV|JSON,https://datos.comunidad.madrid/catalogo/dataset/1934263
1934262,Valor de referencia medio de viviendas habituales arrendadas por código postal para el municipio de Madrid,2_Inmobiliario_suelo,,CSV|JSON,https://datos.comunidad.madrid/catalogo/dataset/1934262
1934261,Días de alquiler medios de viviendas habituales arrendadas por código postal para el municipio de Madrid,2_Inmobiliario_suelo,,CSV|JSON,https://datos.comunidad.madrid/catalogo/dataset/1934261
1934260,Metros cuadrados medios de viviendas habituales arrendadas por código postal para el municipio de Madrid,2_Inmobiliario_suelo|5_Conectividad_movilidad,,CSV|JSON,https://datos.comunidad.madrid/catalogo/dataset/1934260
1934259,Alquiler del metro cuadrado medio mensual de viviendas habituales arrendadas por código postal para el municipio de Madrid,2_Inmobiliario_suelo|5_Conectividad_movilidad,,CSV|JSON,https://datos.comunidad.madrid/catalogo/dataset/1934259
1934258,Alquiler medio mensual de viviendas habituales arrendadas por código postal para el municipio de Madrid,2_Inmobiliario_suelo,,CSV|JSON,https://datos.comunidad.madrid/catalogo/dataset/1934258
1934257,Viviendas habituales arrendadas por código postal para el municipio de Madrid,2_Inmobiliario_suelo,,CSV|JSON,https://datos.comunidad.madrid/catalogo/dataset/1934257
1934246,Rentabilidad y precios de alquiler de viviendas,2_Inmobiliario_suelo|3_Demografia_talento,,CSV|JSON,https://datos.comunidad.madrid/catalogo/dataset/1934246
1934245,Valor catastral y uso de las viviendas,2_Inmobiliario_suelo,,CSV|JSON,https://datos.comunidad.madrid/catalogo/dataset/1934245
1934226,Calificaciones de vivienda protegida provisionales según régimen de uso. Plantes estatales y planes autómicos,2_Inmobiliario_suelo,Vivienda,CSV|JSON,https://datos.comunidad.madrid/catalogo/dataset/1934226
1934206,Gasto en I+D interna respecto al PIB a precios de mercado donde se realizaron actividades de I+D interna,4_Empleo_economia,Ciencia y tecnología,CSV|JSON,https://datos.comunidad.madrid/catalogo/dataset/1934206
1934166,Distribución porcentual del gasto de hogares y personas,3_Demografia_talento,Sociedad y bienestar,CSV|JSON,https://datos.comunidad.madrid/catalogo/dataset/1934166
1934165,Distribución porcentual e índice sobre la media del gasto medio por persona (gmp) de los hogares,3_Demografia_talento,Sociedad y bienestar,CSV|JSON,https://datos.comunidad.madrid/catalogo/dataset/1934165
1934106,Gasto por nivel de formación del sustentador principal,3_Demografia_talento,Sociedad y bienestar,CSV|JSON,https://datos.comunidad.madrid/catalogo/dataset/1934106
1934105,Gasto por situación profesional del sustentador principal,,Sociedad y bienestar,CSV|JSON,https://datos.comunidad.madrid/catalogo/dataset/1934105
1934086,Gasto por ocupación del sustentador principal (CNO-11),,Sociedad y bienestar,CSV|JSON,https://datos.comunidad.madrid/catalogo/dataset/1934086
1934085,Gasto por tipo de hogar (Base 2006)  (COICOP 2018),3_Demografia_talento,Sociedad y bienestar,CSV|JSON,https://datos.comunidad.madrid/catalogo/dataset/1934085
1934068,Parque de vehículos por tipo de distintivo ambiental,5_Conectividad_movilidad,,CSV|JSON,https://datos.comunidad.madrid/catalogo/dataset/1934068
1934067,Parque de vehículos por tipo de propulsión,5_Conectividad_movilidad,,CSV|JSON,https://datos.comunidad.madrid/catalogo/dataset/1934067
1934066,Parque de vehículos por antigüedad,3_Demografia_talento|5_Conectividad_movilidad,,CSV|JSON,https://datos.comunidad.madrid/catalogo/dataset/1934066
1934065,Parque de vehículos por tipo,5_Conectividad_movilidad,,CSV|JSON,https://datos.comunidad.madrid/catalogo/dataset/1934065
1934027,Índice de Precios de Consumo rúbrica vivienda (Base 2025),2_Inmobiliario_suelo,,CSV|JSON,https://datos.comunidad.madrid/catalogo/dataset/1934027
1934026,Índice de Precios de Consumo por grupos ECOICOP de gasto (Base 2025),,,CSV|JSON,https://datos.comunidad.madrid/catalogo/dataset/1934026
1933949,TIC en los hogares. Personas por ingresos netos del hogar y tipo de uso de TIC. Total (2025),3_Demografia_talento,Ciencia y tecnología|Sociedad y bienestar,CSV|JSON,https://datos.comunidad.madrid/catalogo/dataset/1933949
1933948,TIC en los hogares. Personas por ingresos netos del hogar y tipo de uso de TIC. Total (2024),3_Demografia_talento,Ciencia y tecnología|Sociedad y bienestar,CSV|JSON,https://datos.comunidad.madrid/catalogo/dataset/1933948
1933947,TIC en los hogares. Viviendas principales por ingresos mensuales netos del hogar y tipo de equipamiento (2025),2_Inmobiliario_suelo|3_Demografia_talento,Ciencia y tecnología|Sociedad y bienestar,CSV|JSON,https://datos.comunidad.madrid/catalogo/dataset/1933947
1933946,TIC en los hogares. Viviendas principales por ingresos mensuales netos del hogar y tipo de equipamiento (2024),2_Inmobiliario_suelo|3_Demografia_talento,Ciencia y tecnología|Sociedad y bienestar,CSV|JSON,https://datos.comunidad.madrid/catalogo/dataset/1933946
1933885,Gasto en bienes y servicios culturales (COICOP 2018),6_Servicios_entorno,Cultura y ocio,CSV|JSON,https://datos.comunidad.madrid/catalogo/dataset/1933885
1933747,Gasto total de los hogares en educación y gasto medio por estudiante según tipo de gasto,3_Demografia_talento,,CSV|JSON,https://datos.comunidad.madrid/catalogo/dataset/1933747
1933746,"Gasto total de los hogares en educación, gasto medio por estudiante y número de estudiantes según nivel de estudios",3_Demografia_talento,,CSV|JSON,https://datos.comunidad.madrid/catalogo/dataset/1933746
1933745,"Gasto total de los hogares en educación, gasto medio por estudiante y número de estudiantes según sexo",3_Demografia_talento,,CSV|JSON,https://datos.comunidad.madrid/catalogo/dataset/1933745
1933725,Contratos administrativos de la Comunidad Autónoma por procedimientos de adjudicación,4_Empleo_economia,Sector público,CSV|JSON,https://datos.comunidad.madrid/catalogo/dataset/1933725
1933685,Organizaciones no gubernamentales (ONG) por municipios. Municipios,,Sociedad y bienestar,CSV|JSON,https://datos.comunidad.madrid/catalogo/dataset/1933685
1933665,Animales sacrificados en mataderos: Bovino (2024),,Medio Rural,CSV|JSON,https://datos.comunidad.madrid/catalogo/dataset/1933665
1933325,Agrupamientos,,Sociedad y bienestar,CSV|JSON,https://datos.comunidad.madrid/catalogo/dataset/1933325
1933245,Despidos y cantidad media indemnizada de los trabajadores afectados que desarrollan la actividad laboral en la Comunidad de Madrid,,Empleo,CSV|JSON,https://datos.comunidad.madrid/catalogo/dataset/1933245
1933230,Cuentas de renta de los hogares. Gasto en consumo final de los hogares interior por finalidad. Precios corrientes (Base 2010) (Revisión 2024),3_Demografia_talento,Economía,CSV|JSON,https://datos.comunidad.madrid/catalogo/dataset/1933230
1933229,Edad de la primera alta laboral según intervalo de edad actual (nacidos a partir de 1960),3_Demografia_talento,,CSV|JSON,https://datos.comunidad.madrid/catalogo/dataset/1933229
1933228,Personas según si reciben o no prestación contributiva a la  Seguridad Social,1_Ayudas_fiscalidad|6_Servicios_entorno,,CSV|JSON,https://datos.comunidad.madrid/catalogo/dataset/1933228
1933227,Personas según si tienen o no relación laboral en alta a la  Seguridad Social,6_Servicios_entorno,,CSV|JSON,https://datos.comunidad.madrid/catalogo/dataset/1933227
1933226,Personas según situación en la Seguridad Social,6_Servicios_entorno,,CSV|JSON,https://datos.comunidad.madrid/catalogo/dataset/1933226
1933211,Índices de accidentes de trabajo de trabajadores por cuenta propia,4_Empleo_economia,Empleo|Salud,CSV|JSON,https://datos.comunidad.madrid/catalogo/dataset/1933211
1933209,Índices de accidentes de trabajo de asalariados,4_Empleo_economia,Empleo|Salud,CSV|JSON,https://datos.comunidad.madrid/catalogo/dataset/1933209
1933208,Accidentes de trabajo con baja en jornada de trabajo según mes de ocurrencia del accidente,4_Empleo_economia,Empleo|Salud,CSV|JSON,https://datos.comunidad.madrid/catalogo/dataset/1933208
1933207,Accidentes de trabajo con baja en jornada de trabajo según parte del cuerpo lesionada,4_Empleo_economia,Empleo|Salud,CSV|JSON,https://datos.comunidad.madrid/catalogo/dataset/1933207
1933206,Accidentes de trabajo con baja en jornada de trabajo según desviación que produjo el accidente,4_Empleo_economia,Empleo|Salud,CSV|JSON,https://datos.comunidad.madrid/catalogo/dataset/1933206
1933205,Accidentes de trabajo con baja en jornada de trabajo según actividad física específica que desempeñaba el trabajador accidentado,4_Empleo_economia,Empleo|Salud,CSV|JSON,https://datos.comunidad.madrid/catalogo/dataset/1933205
1933188,Ganancia media anual por trabajador por ocupación y antigüedad,3_Demografia_talento,Empleo,CSV|JSON,https://datos.comunidad.madrid/catalogo/dataset/1933188
1933186,Accidentes de trabajo con baja en jornada de trabajo según forma o contacto que produjo la lesión,4_Empleo_economia,Empleo|Salud,CSV|JSON,https://datos.comunidad.madrid/catalogo/dataset/1933186
1933165,Accidentes de trabajo con baja en jornada de trabajo según organización preventiva de la empresa y evaluación de riesgos,4_Empleo_economia|6_Servicios_entorno,Empleo|Salud,CSV|JSON,https://datos.comunidad.madrid/catalogo/dataset/1933165
1933145,Accidentes de trabajo con baja en jornada de trabajo según lugar del accidente,4_Empleo_economia,Empleo|Salud,CSV|JSON,https://datos.comunidad.madrid/catalogo/dataset/1933145
1933127,Accidentes de trabajo con baja en jornada de trabajo según tamaño del centro donde ocurre el acccidente,4_Empleo_economia,Empleo|Salud,CSV|JSON,https://datos.comunidad.madrid/catalogo/dataset/1933127
1933126,Accidentes de trabajo con baja en jornada e in itinere de trabajadores por cuenta propia según gravedad,3_Demografia_talento|4_Empleo_economia,Empleo|Salud,CSV|JSON,https://datos.comunidad.madrid/catalogo/dataset/1933126
1933125,Accidentes de trabajo con baja en jornada e in itinere de asalariados según gravedad,3_Demografia_talento|4_Empleo_economia,Empleo|Salud,CSV|JSON,https://datos.comunidad.madrid/catalogo/dataset/1933125
1933107,Accidentes de trabajo con baja en jornada de trabajo según grandes grupos de ocupación,4_Empleo_economia,Empleo|Salud,CSV|JSON,https://datos.comunidad.madrid/catalogo/dataset/1933107
1933106,Accidentes de trabajo con baja en jornada de trabajo según antigüedad en el puesto de trabajo,3_Demografia_talento|4_Empleo_economia,Empleo|Salud,CSV|JSON,https://datos.comunidad.madrid/catalogo/dataset/1933106
1933105,"Recaídas de accidentes de trabajo con baja, en jornada e in itinere, según gravedad",3_Demografia_talento|4_Empleo_economia,Empleo|Salud,CSV|JSON,https://datos.comunidad.madrid/catalogo/dataset/1933105
1933068,Conciliaciones colectivas y mediaciones terminadas en los órganos autonómicos de resolución extrajudicial de conflictos y trabajadores afectados,,Empleo,CSV|JSON,https://datos.comunidad.madrid/catalogo/dataset/1933068
1933066,Trabajadores participantes en huelgas y jornadas no trabajadas por comunidad autónoma de cotización,4_Empleo_economia,Empleo,CSV|JSON,https://datos.comunidad.madrid/catalogo/dataset/1933066
1933065,Tasa de cobertura y relaciones laborales cubiertas por convenio colectivo por sexo,,Empleo,CSV|JSON,https://datos.comunidad.madrid/catalogo/dataset/1933065
1933046,Ingresos e inversiones del Hospital Central de la Defensa Gómez Ulla,6_Servicios_entorno,Salud,CSV|JSON,https://datos.comunidad.madrid/catalogo/dataset/1933046
1933025,Compras y gastos del Hospital Central de la Defensa Gómez Ulla,6_Servicios_entorno,Salud,CSV|JSON,https://datos.comunidad.madrid/catalogo/dataset/1933025
1933005,Otro personal sanitario faculttativo del Hospital Central de la Defensa Gómez Ulla,6_Servicios_entorno,Salud,CSV|JSON,https://datos.comunidad.madrid/catalogo/dataset/1933005
1932990,Personal no sanitario del Hospital Central de la Defensa Gómez Ulla,6_Servicios_entorno,Salud,CSV|JSON,https://datos.comunidad.madrid/catalogo/dataset/1932990
1932989,Personal sanitario no faculttativo del Hospital Central de la Defensa Gómez Ulla,6_Servicios_entorno,Salud,CSV|JSON,https://datos.comunidad.madrid/catalogo/dataset/1932989
1932988,Personal sanitario facultativo del Hospital Central de la Defensa Gómez Ulla por otras especialidades médicas,6_Servicios_entorno,Salud,CSV|JSON,https://datos.comunidad.madrid/catalogo/dataset/1932988
1932987,Personal sanitario facultativo del Hospital Central de la Defensa Gómez Ulla por especialidades quirúrgicas,6_Servicios_entorno,Salud,CSV|JSON,https://datos.comunidad.madrid/catalogo/dataset/1932987
1932986,Personal sanitario facultativo del Hospital Central de la Defensa Gómez Ulla por especialidades médicas,6_Servicios_entorno,Salud,CSV|JSON,https://datos.comunidad.madrid/catalogo/dataset/1932986
1932985,Personal sanitario del Hospital Central de la Defensa Gómez Ulla por clase y sexo,6_Servicios_entorno,Salud,CSV|JSON,https://datos.comunidad.madrid/catalogo/dataset/1932985
1932966,Ratios de las mujeres en la Fuerzas Armadas sobre el total de la población por escalas,3_Demografia_talento,,CSV|JSON,https://datos.comunidad.madrid/catalogo/dataset/1932966
1932965,Distribución de las mujeres en la Fuerzas Armadas por escalas,,,CSV|JSON,https://datos.comunidad.madrid/catalogo/dataset/1932965
1932945,Personal militar con una relación de servicios de carácter temporal por situación administrativa,,,CSV|JSON,https://datos.comunidad.madrid/catalogo/dataset/1932945
1932926,"Ganancia media anual por trabajador por actividad, antigüedad y sexo",3_Demografia_talento,Empleo,CSV|JSON,https://datos.comunidad.madrid/catalogo/dataset/1932926
1932925,"Ganancia media anual por trabajador por actividad, tipo de contrato y sexo",4_Empleo_economia,Empleo,CSV|JSON,https://datos.comunidad.madrid/catalogo/dataset/1932925
1932865,"Ganancia media anual por trabajador por actividad, estudios y sexo",3_Demografia_talento,Empleo,CSV|JSON,https://datos.comunidad.madrid/catalogo/dataset/1932865
1932845,"Ganancia media anual por trabajador por nacionadad, ocupación y sexo",,Empleo,CSV|JSON,https://datos.comunidad.madrid/catalogo/dataset/1932845
1932826,"Ganancia media anual por trabajador por nacionalidad, estudios y sexo",3_Demografia_talento,Empleo,CSV|JSON,https://datos.comunidad.madrid/catalogo/dataset/1932826
1932825,Composición del salario bruto mensual,4_Empleo_economia,Empleo,CSV|JSON,https://datos.comunidad.madrid/catalogo/dataset/1932825
1932806,Proporción de centros y trabajadores según forma de regulación de la relación laboral (Base 2008),,,CSV|JSON,https://datos.comunidad.madrid/catalogo/dataset/1932806
1932788,Jóvenes de 15-16 años que no han recibido información sobre diversos temas de salud durante el curso actual o los dos últimos cursos escolares,3_Demografia_talento,,CSV|JSON,https://datos.comunidad.madrid/catalogo/dataset/1932788
1932787,"Jóvenes de 15-16 años que han tenido algún accidente en los últimos doce meses,  lugar donde se produjo según sexo",,,CSV|JSON,https://datos.comunidad.madrid/catalogo/dataset/1932787
1932785,Jovenes que han tenido algún accidente en los últimos doce meses según sexo y edad,3_Demografia_talento,,CSV|JSON,https://datos.comunidad.madrid/catalogo/dataset/1932785
1932768,Jóvenes que en los últimos 12 meses sufrieron acoso y/o ciberacoso por sexo. De 15-16 años,,,CSV|JSON,https://datos.comunidad.madrid/catalogo/dataset/1932768
1932746,Jóvenes con pareja o expareja que en los últimos 12 meses sufirieron violencia por parte de su pareja o expareja. por sexo: De 15-16 años,,,CSV|JSON,https://datos.comunidad.madrid/catalogo/dataset/1932746
1932589,"Comporativa del ganado ecológico con respecto al total de ganado (ecológico+convencional), por tipo de ganado",,,CSV|JSON,https://datos.comunidad.madrid/catalogo/dataset/1932589
1932588,"Explotaciones con ganado ecológico por tamaño según unidades ganaderas totales (UGT), pro tipo de ganado",,,CSV|JSON,https://datos.comunidad.madrid/catalogo/dataset/1932588
1932587,Comparativa de la superficie agrícola utilizada (SAU) ecológica con respecto al total de la SAU (ecológica+convencional) por tipos de cultivos,,,CSV|JSON,https://datos.comunidad.madrid/catalogo/dataset/1932587
1932586,Distribución general de la superficie agrícola utilizada (SAU) ecológica por tamaño según SAU y tipos de cultivos y/o pastos,,,CSV|JSON,https://datos.comunidad.madrid/catalogo/dataset/1932586
1932585,"Explotaciones con superficie agrícola utilizada ecológica, por personalidad jurídica del titular y tipo de cerfificación ecológica",,,CSV|JSON,https://datos.comunidad.madrid/catalogo/dataset/1932585
1932566,Explotaciones ganaderas por tipo de ganado y orientación técnico-económica (OTE),,,CSV|JSON,https://datos.comunidad.madrid/catalogo/dataset/1932566
1932565,Explotaciones ganaderas por tipo de ganado y tamaño según unidades ganaderas totales (UGT),,,CSV|JSON,https://datos.comunidad.madrid/catalogo/dataset/1932565
1932546,Distribución general de la SAU según orientación técnico-económica (OTE),,,CSV|JSON,https://datos.comunidad.madrid/catalogo/dataset/1932546
1932545,Distribución general de la SAU por tamaño de la explotación según SAU,,,CSV|JSON,https://datos.comunidad.madrid/catalogo/dataset/1932545
1932526,Explotaciones por orientación técnico-económica (OTE) principal y tamaño según producción estándar total (PET),,,CSV|JSON,https://datos.comunidad.madrid/catalogo/dataset/1932526
1932525,Explotaciones por orientación técnico-económica (OTE) principal y personalidad jurídica del titular,,,CSV|JSON,https://datos.comunidad.madrid/catalogo/dataset/1932525
1932507,Explotaciones por tamaño según unidades ganaderas totales (UGT) y personalidad jurídica del titular,,,CSV|JSON,https://datos.comunidad.madrid/catalogo/dataset/1932507
1932506,Explotaciones por tamaño según superficie agrícola utilizada (SAU) y personalidad jurídica del titular,,,CSV|JSON,https://datos.comunidad.madrid/catalogo/dataset/1932506
1932426,Precios medios de la tierra agrícola. (Base 2020),,Medio Rural,CSV|JSON,https://datos.comunidad.madrid/catalogo/dataset/1932426
1932425,Índice de precios de la tierra agrícola (Base 2020),,Medio Rural,CSV|JSON,https://datos.comunidad.madrid/catalogo/dataset/1932425
1932366,Beneficiarios del bono social eléctrico por tipología,,Sociedad y bienestar,CSV|JSON,https://datos.comunidad.madrid/catalogo/dataset/1932366
1932365,Beneficiarios del bono social eléctrico por categorías,,Sociedad y bienestar,CSV|JSON,https://datos.comunidad.madrid/catalogo/dataset/1932365
1932348,Migraciones con destino la Comunidad de Madrid y procedencia otras Comunidades Autónomas y el extranjero por sexo y grupos de edad,3_Demografia_talento|4_Empleo_economia,,CSV|JSON,https://datos.comunidad.madrid/catalogo/dataset/1932348
1932347,Migraciones con destino la Comunidad de Madrid y procedencia otras Comunidades Autónomas y el extranjero,3_Demografia_talento|4_Empleo_economia,,CSV|JSON,https://datos.comunidad.madrid/catalogo/dataset/1932347
1932346,Migraciones con procedencia la Comunidad de Madrid con destino otras Comunidades Autónomas y extranjero,3_Demografia_talento|4_Empleo_economia,,CSV|JSON,https://datos.comunidad.madrid/catalogo/dataset/1932346
1932345,Migraciones con procedencia la Comunidad de Madrid con destino otras Comunidades Autónomas y el extranjero por sexo y grupos de edad,3_Demografia_talento|4_Empleo_economia,,CSV|JSON,https://datos.comunidad.madrid/catalogo/dataset/1932345
1932225,Donantes de tejido ocular,,Salud,CSV|JSON,https://datos.comunidad.madrid/catalogo/dataset/1932225
1932207,TIC en los hogares. Niños de 10 a 15 años por ingresos mensuales netos del hogar y tipo de uso de TIC (Desde 2024),3_Demografia_talento,Ciencia y tecnología|Sociedad y bienestar,CSV|JSON,https://datos.comunidad.madrid/catalogo/dataset/1932207
1932188,Población con pensiones de incapacidad por sexo e intervalo de ingresos brutos anuales,3_Demografia_talento,,CSV|JSON,https://datos.comunidad.madrid/catalogo/dataset/1932188
1932187,"Población con pensiones de viudedad por sexo, grupo de edad e intervalo de ingresos brutos anuales",3_Demografia_talento,,CSV|JSON,https://datos.comunidad.madrid/catalogo/dataset/1932187
1932186,"Población con pensiones de jubilación por sexo, grupo de edad e intervalo de ingresos brutos anuales",3_Demografia_talento,,CSV|JSON,https://datos.comunidad.madrid/catalogo/dataset/1932186
1932185,"Población con pensiones de jubilación por sexo, grupo de edad y número de años considerados cotizados",3_Demografia_talento,,CSV|JSON,https://datos.comunidad.madrid/catalogo/dataset/1932185
1932167,"Población pensionista por sexo, grupos de edad e intervalo de ingresos brutos anuales",3_Demografia_talento,,CSV|JSON,https://datos.comunidad.madrid/catalogo/dataset/1932167
1932166,"Población pensionista por sexo, grupos de edad y tipo de pensión",3_Demografia_talento,,CSV|JSON,https://datos.comunidad.madrid/catalogo/dataset/1932166
1932165,"Población pensionista por sexo, grupos de edad y nacionalidad",3_Demografia_talento,,CSV|JSON,https://datos.comunidad.madrid/catalogo/dataset/1932165
1932150,"Población desempleada por sexo, grupo de edad y número de días cotizados como desempleado en el año",3_Demografia_talento,,CSV|JSON,https://datos.comunidad.madrid/catalogo/dataset/1932150
1932148,"Población desempleada por sexo, grupo de edad y duración del último episodio de ocupación",3_Demografia_talento,,CSV|JSON,https://datos.comunidad.madrid/catalogo/dataset/1932148
1932147,"Población desempleada por sexo, grupo de edad y sector de actividad del último episodio de ocupación",3_Demografia_talento,,CSV|JSON,https://datos.comunidad.madrid/catalogo/dataset/1932147
1932146,"Población desempleada por sexo, grupo de edad y tipo de prestación",3_Demografia_talento,,CSV|JSON,https://datos.comunidad.madrid/catalogo/dataset/1932146
1932145,"Población desempleada por sexo, grupo de edad y nacionalidad",3_Demografia_talento,,CSV|JSON,https://datos.comunidad.madrid/catalogo/dataset/1932145
1932110,"Población ocupada por cuenta propia por sexo, grupo de edad y sector de actividad del último emprendimiento",3_Demografia_talento|4_Empleo_economia,,CSV|JSON,https://datos.comunidad.madrid/catalogo/dataset/1932110
1932109,"Población ocupada por cuenta propia por sexo, grupo de edad y situación previa al inicio del último emprendimiento",3_Demografia_talento|4_Empleo_economia,,CSV|JSON,https://datos.comunidad.madrid/catalogo/dataset/1932109
1932107,"Población ocupada por cuenta propia por sexo, grupo de edad y tipo de emprendimiento",3_Demografia_talento|4_Empleo_economia,,CSV|JSON,https://datos.comunidad.madrid/catalogo/dataset/1932107
1932106,"Población ocupada por cuenta propia por sexo, grupo de edad y nacionalidad",3_Demografia_talento|4_Empleo_economia,,CSV|JSON,https://datos.comunidad.madrid/catalogo/dataset/1932106
1932086,"Personas empleadas de hogar por sexo, grupo de edad y duración del último episodio",3_Demografia_talento,,CSV|JSON,https://datos.comunidad.madrid/catalogo/dataset/1932086
1932085,"Personas empleadas de hogar por sexo, grupo de edad y nacionalidad",3_Demografia_talento,,CSV|JSON,https://datos.comunidad.madrid/catalogo/dataset/1932085
1932068,"Población ocupada por cuenta ajena por sexo, grupo de edad e intervalo de ingresos brutos anuales",3_Demografia_talento|4_Empleo_economia,,CSV|JSON,https://datos.comunidad.madrid/catalogo/dataset/1932068
1932067,"Población ocupada por cuenta ajena por sexo, grupo de edad y grupo de cotización",3_Demografia_talento|4_Empleo_economia,,CSV|JSON,https://datos.comunidad.madrid/catalogo/dataset/1932067
1932066,"Población ocupada por cuenta ajena por sexo, grupo de edad y tipo de jornada",3_Demografia_talento|4_Empleo_economia,,CSV|JSON,https://datos.comunidad.madrid/catalogo/dataset/1932066
1932065,"Población ocupada por cuenta ajena por sexo, grupo de edad y nacionalidad",3_Demografia_talento|4_Empleo_economia,,CSV|JSON,https://datos.comunidad.madrid/catalogo/dataset/1932065
1932048,"Población cotizante con relación laboral de ocupación por sexo, grupo de edad y duración del útlimo episodio de ocupación",3_Demografia_talento,,CSV|JSON,https://datos.comunidad.madrid/catalogo/dataset/1932048
1932047,"Población cotizante con relación laboral de ocupación por sexo, grupo de edad y situación profesional",3_Demografia_talento,,CSV|JSON,https://datos.comunidad.madrid/catalogo/dataset/1932047
1932046,"Población cotizante con relación laboral de ocupación por sexo, grupo de edad y sector de actividad del último episodio de ocupación",3_Demografia_talento,,CSV|JSON,https://datos.comunidad.madrid/catalogo/dataset/1932046
1932045,"Población cotizante con relación laboral de ocupación por sexo, grupo de edad y nacionalidad",3_Demografia_talento,,CSV|JSON,https://datos.comunidad.madrid/catalogo/dataset/1932045
1932027,"Población cotizante por sexo, grupo de edad y número de días cotizados en el año",3_Demografia_talento,,CSV|JSON,https://datos.comunidad.madrid/catalogo/dataset/1932027
1932026,"Población cotizante por sexo, grupo de edad y tipo de cotización",3_Demografia_talento,,CSV|JSON,https://datos.comunidad.madrid/catalogo/dataset/1932026
1932025,"Población cotizante por sexo, grupo de edad y nacionalidad",3_Demografia_talento,,CSV|JSON,https://datos.comunidad.madrid/catalogo/dataset/1932025
1932005,"Población por sexo, grupo de edad y tipo de relación con la Seguridad Social",3_Demografia_talento|6_Servicios_entorno,,CSV|JSON,https://datos.comunidad.madrid/catalogo/dataset/1932005
1931865,"Porcentaje de personas de 16 o más años según dedicación al cuidado de menores o dependientes dentro del hogar, y a las tareas del hogar",3_Demografia_talento,,CSV|JSON,https://datos.comunidad.madrid/catalogo/dataset/1931865
1931766,Porcentaje de personas de 16 años o más años según uso de algunas tecnologías por nivel de estudios y sexo,3_Demografia_talento,,CSV|JSON,https://datos.comunidad.madrid/catalogo/dataset/1931766
1931765,"Porcentaje de personas de 16 años o más años según uso de algunas tecnologías por grupos de edad, nacionalidad y sexo",3_Demografia_talento,,CSV|JSON,https://datos.comunidad.madrid/catalogo/dataset/1931765
1931746,Porcentaje de viviendas familiares según régimen de tenencia y tamaño del municipio,2_Inmobiliario_suelo,,CSV|JSON,https://datos.comunidad.madrid/catalogo/dataset/1931746
1931728,Porcentaje de personas de 16 o más años según número de hijos y estado civil,,,CSV|JSON,https://datos.comunidad.madrid/catalogo/dataset/1931728
1931727,Porcentaje de personas según características del hogar en el que viven,3_Demografia_talento,,CSV|JSON,https://datos.comunidad.madrid/catalogo/dataset/1931727
1931726,Porcentaje de personas de 16 y más años que estudian por lugar de estudio y medio utilizado en el viaje de mayor distancia,,,CSV|JSON,https://datos.comunidad.madrid/catalogo/dataset/1931726
1931725,Porcentaje de personas de 16 y más años que trabajan por lugar de trabajo y medio utilizado en el viaje de mayor distancia,4_Empleo_economia,,CSV|JSON,https://datos.comunidad.madrid/catalogo/dataset/1931725
1931714,Porcentaje de personas de 16 y más años que estudian por lugar de estudio y tiempo de desplazamiento empleado,,,CSV|JSON,https://datos.comunidad.madrid/catalogo/dataset/1931714
1931713,Porcentaje de personas de 16 y más años que trabajan por lugar de trabajo y tiempo de desplazamiento empleado,4_Empleo_economia,,CSV|JSON,https://datos.comunidad.madrid/catalogo/dataset/1931713
1931709,Porcentaje de personas según su lengua inicial (más frecuente distinta al castellano),,,CSV|JSON,https://datos.comunidad.madrid/catalogo/dataset/1931709
1931708,"Porcentaje de personas que hablan o entienden otras lenguas diferentes al castellano, según grado",,,CSV|JSON,https://datos.comunidad.madrid/catalogo/dataset/1931708
1931685,Personas desaparecidas por año de denuncia y estado,,Legislación y justicia,CSV|JSON,https://datos.comunidad.madrid/catalogo/dataset/1931685
1931485,Población de 16 años y más  por nivel de formación alcanzado y sexo,3_Demografia_talento,Empleo,CSV|JSON,https://datos.comunidad.madrid/catalogo/dataset/1931485
1931431,Gasto por situación de actividad del sustentador principal (Base 2006)  (COICOP 2018),,Sociedad y bienestar,CSV|JSON,https://datos.comunidad.madrid/catalogo/dataset/1931431
1931430,Gasto por principal fuente de ingresos del hogar (Base 2006)  (COICOP 2018),3_Demografia_talento,Sociedad y bienestar,CSV|JSON,https://datos.comunidad.madrid/catalogo/dataset/1931430
1931429,Gasto por nivel de ingresos del hogar (Base 2006)  (COICOP 2018),3_Demografia_talento,Sociedad y bienestar,CSV|JSON,https://datos.comunidad.madrid/catalogo/dataset/1931429
1931107,Viviendas por intensidad de uso a partir del consumo eléctrico. Mediana consumo anual. Municipios,2_Inmobiliario_suelo,,CSV|JSON,https://datos.comunidad.madrid/catalogo/dataset/1931107
1930925,Establecimientos colectivos por tipo de establecimiento,4_Empleo_economia,,CSV|JSON,https://datos.comunidad.madrid/catalogo/dataset/1930925
1930825,Proporción de muertes fetales tardías respecto al total de nacimientos,3_Demografia_talento,Demografía,CSV|JSON,https://datos.comunidad.madrid/catalogo/dataset/1930825
1930805,Alumnado con trastornos de la atención por enseñanza y sexo,3_Demografia_talento,Educación,CSV|JSON,https://datos.comunidad.madrid/catalogo/dataset/1930805
1930786,Índice de producción industrial por destino de los bienes (Base 2021),,Industria,CSV|JSON,https://datos.comunidad.madrid/catalogo/dataset/1930786
1930785,Índice de precios industriales por destino de los bienes (Base 2021),,Industria,CSV|JSON,https://datos.comunidad.madrid/catalogo/dataset/1930785
1930767,Extranjeros con Tarjeta de Identificación de Extranjero (TIE) en vigor por motivo de concesión,,Demografía,CSV|JSON,https://datos.comunidad.madrid/catalogo/dataset/1930767
1930766,Extranjeros con certificado de registro en vigor por motivo de concesion,,Demografía,CSV|JSON,https://datos.comunidad.madrid/catalogo/dataset/1930766
1930645,Porcentaje de población censada española. Municipios,3_Demografia_talento,,CSV|JSON,https://datos.comunidad.madrid/catalogo/dataset/1930645
1930607,Porcentaje total de extranjeros censados. Municipios,,,CSV|JSON,https://datos.comunidad.madrid/catalogo/dataset/1930607
1930606,Extranjeros censados por 1.000 hab. Municipios,,,CSV|JSON,https://datos.comunidad.madrid/catalogo/dataset/1930606
1929207,Superficie media de viviendas familiares. Municipios,2_Inmobiliario_suelo,,CSV|JSON,https://datos.comunidad.madrid/catalogo/dataset/1929207
1929206,Edad media de viviendas familiares. Municipios,2_Inmobiliario_suelo|3_Demografia_talento,,CSV|JSON,https://datos.comunidad.madrid/catalogo/dataset/1929206
1929161,Hogares según tamaño del municipo por tipo de hogar,3_Demografia_talento,,CSV|JSON,https://datos.comunidad.madrid/catalogo/dataset/1929161
1929141,Viviendas por intensidad de uso a partir del consumo eléctrico,2_Inmobiliario_suelo,,CSV|JSON,https://datos.comunidad.madrid/catalogo/dataset/1929141
1929123,Viviendas familiares principales convencionales según tamaño del hogar por superficie,2_Inmobiliario_suelo|3_Demografia_talento,,CSV|JSON,https://datos.comunidad.madrid/catalogo/dataset/1929123
1929122,Viviendas familiares principales según régimen de tenencia,2_Inmobiliario_suelo,,CSV|JSON,https://datos.comunidad.madrid/catalogo/dataset/1929122
1929121,Viviendas familiares según tipo de vivienda y año de construcción,2_Inmobiliario_suelo,,CSV|JSON,https://datos.comunidad.madrid/catalogo/dataset/1929121
1929105,Edad media de la población en establecimientos colectivos por tipo de establecimiento y sexo,3_Demografia_talento|4_Empleo_economia,,CSV|JSON,https://datos.comunidad.madrid/catalogo/dataset/1929105
1929104,Población en establecimientos colectivos por tipo de establecimiento y tamaño de muncipio,3_Demografia_talento|4_Empleo_economia,,CSV|JSON,https://datos.comunidad.madrid/catalogo/dataset/1929104
1929103,Población en establecimientos colectivos por tipo de establecimiento y sexo,3_Demografia_talento|4_Empleo_economia,,CSV|JSON,https://datos.comunidad.madrid/catalogo/dataset/1929103
1929101,"Núcleos según tipo de pareja (mismo sexo, distinto sexo)",,,CSV|JSON,https://datos.comunidad.madrid/catalogo/dataset/1929101
1929086,"Núcleos según tipo de pareja (de hecho, de derecho)",,,CSV|JSON,https://datos.comunidad.madrid/catalogo/dataset/1929086
1929085,Núcleos según tipo de núcleo por tamaño del núcleo,,,CSV|JSON,https://datos.comunidad.madrid/catalogo/dataset/1929085
1929082,Hogares según su tamaño por régimen de tenencia,3_Demografia_talento,,CSV|JSON,https://datos.comunidad.madrid/catalogo/dataset/1929082
1929081,Hogares segun su tamaño por estructura del hogar,3_Demografia_talento,,CSV|JSON,https://datos.comunidad.madrid/catalogo/dataset/1929081
1929041,Hogares según su tamaño por tipo de hogar,3_Demografia_talento,,CSV|JSON,https://datos.comunidad.madrid/catalogo/dataset/1929041
1928421,Actividad quirúrgica en el Hospital Central de la Defensa Gómez Ulla  por especialidades  (desde el año 2021),6_Servicios_entorno,Salud|Seguridad,CSV|JSON,https://datos.comunidad.madrid/catalogo/dataset/1928421
1928300,Ingresos corrientes de la enseñanza privada universitaria por tipo de ingreso,3_Demografia_talento,Educación,CSV|JSON,https://datos.comunidad.madrid/catalogo/dataset/1928300
1928280,Gastos corrientes de personal de la enseñanza privada universitaria,3_Demografia_talento,Educación,CSV|JSON,https://datos.comunidad.madrid/catalogo/dataset/1928280
1928201,Personas sin hogar según las razones para abandonar el alojamiento que tenían antes de verse sin hogar,3_Demografia_talento,Sociedad y bienestar,CSV|JSON,https://datos.comunidad.madrid/catalogo/dataset/1928201
1928200,Personas sin hogar según tiempo que llevan sin alojamiento,3_Demografia_talento,Sociedad y bienestar,CSV|JSON,https://datos.comunidad.madrid/catalogo/dataset/1928200
1928060,Productos vendidos en las empresas industriales por agrupación de actividad (2021-2024) (CNAE 2009),4_Empleo_economia,Industria,CSV|JSON,https://datos.comunidad.madrid/catalogo/dataset/1928060
1928032,Unidades de trabajo por su relación con el titular y forma de contratación,4_Empleo_economia,Medio Rural,CSV|JSON,https://datos.comunidad.madrid/catalogo/dataset/1928032
1928031,Mano de obra de explotaciones agrarias por su realación con el titular y forma de contatación,,Medio Rural,CSV|JSON,https://datos.comunidad.madrid/catalogo/dataset/1928031
1928030,Jefes de explotaciones agrarias según sexo y relación con el titular,,Medio Rural,CSV|JSON,https://datos.comunidad.madrid/catalogo/dataset/1928030
1928029,Explotaciones agrícolas por superficie agrícola utilizada y personalidad jurídica del titular,,Medio Rural,CSV|JSON,https://datos.comunidad.madrid/catalogo/dataset/1928029
1928026,Superficie total de las explotaciones agrícolas,,Medio Rural,CSV|JSON,https://datos.comunidad.madrid/catalogo/dataset/1928026
1928025,Distribución general de la superficie total por tipo de explotación,,Medio Rural,CSV|JSON,https://datos.comunidad.madrid/catalogo/dataset/1928025
1927837,Hogares con personas con discapacidad que han tenido gastos en los últimos 12 meses originados por dicha discapacidad,3_Demografia_talento,Salud|Sociedad y bienestar,CSV|JSON,https://datos.comunidad.madrid/catalogo/dataset/1927837
1927836,Personas con discapacidad residentes en hogares por tipo de dificultad para desenvolverse,3_Demografia_talento,Salud|Sociedad y bienestar,CSV|JSON,https://datos.comunidad.madrid/catalogo/dataset/1927836
1927835,Hogares con personas con discapacidad o limitación del hogar,3_Demografia_talento,Salud|Sociedad y bienestar,CSV|JSON,https://datos.comunidad.madrid/catalogo/dataset/1927835
1927740,Personal militar de carrera de la guarda civil por su relación con la administración,,Sector público|Seguridad,CSV|JSON,https://datos.comunidad.madrid/catalogo/dataset/1927740
1927722,Personal militar de carrera por su relación con la Administración y Ejército,,Sector público|Seguridad,CSV|JSON,https://datos.comunidad.madrid/catalogo/dataset/1927722
1927721,Reservistas voluntarios por su relación con la Administración y Ejército por sexo,,Seguridad,CSV|JSON,https://datos.comunidad.madrid/catalogo/dataset/1927721
1927701,Índice de Precios de Consumo rúbrica vivienda (Base 2021),2_Inmobiliario_suelo,Economía,CSV|JSON,https://datos.comunidad.madrid/catalogo/dataset/1927701
1927681,Índice de Precios de Consumo. Vivienda en alquiler (Base 2021),2_Inmobiliario_suelo,Vivienda,CSV|JSON,https://datos.comunidad.madrid/catalogo/dataset/1927681
1927540,Prestaciones por ERTE (Expedientes de Regulación Temporal de Empleo) y percepciones medias por sexo,4_Empleo_economia,Economía,CSV|JSON,https://datos.comunidad.madrid/catalogo/dataset/1927540
1927421,Precios públicos de estudios oficiales de másteres no habilitantes por experimentalidad de las enseñanzas,3_Demografia_talento,Educación,CSV|JSON,https://datos.comunidad.madrid/catalogo/dataset/1927421
1927420,Precios públicos de estudios oficiales de másteres habilitantes por experimentalidad de las enseñanzas,3_Demografia_talento,Educación,CSV|JSON,https://datos.comunidad.madrid/catalogo/dataset/1927420
1927325,Personal al servicio de la Administración del Estado: Área de la docencia no universitaria,3_Demografia_talento,Sector público,CSV|JSON,https://datos.comunidad.madrid/catalogo/dataset/1927325
1927324,Personal al servicio de Agencias Estatales,,Sector público,CSV|JSON,https://datos.comunidad.madrid/catalogo/dataset/1927324
1927323,Personal al servicio de los Ministerios,,Sector público,CSV|JSON,https://datos.comunidad.madrid/catalogo/dataset/1927323
1927322,Personal al servicio de los Organismo Autónomos,4_Empleo_economia,Sector público,CSV|JSON,https://datos.comunidad.madrid/catalogo/dataset/1927322
1927320,Personal al servicio del sector Público del Estado,,Sector público,CSV|JSON,https://datos.comunidad.madrid/catalogo/dataset/1927320
1927121,Salidas del total de pasajeros por clase de vuelo y aeropuerto,5_Conectividad_movilidad,Transporte,CSV|JSON,https://datos.comunidad.madrid/catalogo/dataset/1927121
1926909,Días a la semana de ejerciciio físico durante el tiempo de ocio por sexo,,Salud,CSV|JSON,https://datos.comunidad.madrid/catalogo/dataset/1926909
1926908,Índice de masa corporal de la población adulta por sexo,3_Demografia_talento,Salud,CSV|JSON,https://datos.comunidad.madrid/catalogo/dataset/1926908
1926907,Consumo de bebidas alcohólicas en los últimos 12 meses por sexo,,Salud,CSV|JSON,https://datos.comunidad.madrid/catalogo/dataset/1926907
1926906,Consumo de tabaco por sexo,,Salud,CSV|JSON,https://datos.comunidad.madrid/catalogo/dataset/1926906
1926905,Utilización de la bicicleta para desplazarse por sexo,,Salud,CSV|JSON,https://datos.comunidad.madrid/catalogo/dataset/1926905
1926901,Días a la semana en los que camina por sexo,,Salud,CSV|JSON,https://datos.comunidad.madrid/catalogo/dataset/1926901
1926900,Actividad física en el trabajo o actividad principal por sexo,4_Empleo_economia,Salud,CSV|JSON,https://datos.comunidad.madrid/catalogo/dataset/1926900
1926880,Servicios de urgencias en los últimos 12 meses por sexo y lugar de asistencia,,Salud,CSV|JSON,https://datos.comunidad.madrid/catalogo/dataset/1926880
1926846,Utilización de servicios asistenciales domiciliarios en los últimos 12 meses por sexo,,Salud,CSV|JSON,https://datos.comunidad.madrid/catalogo/dataset/1926846
1926845,Consumo de medicamentos en las últimas 2 semanas por sexo,,Salud,CSV|JSON,https://datos.comunidad.madrid/catalogo/dataset/1926845
1926844,Utilización del hospital de día en los últimos 12 meses por sexo,6_Servicios_entorno,Salud,CSV|JSON,https://datos.comunidad.madrid/catalogo/dataset/1926844
1926843,Hospitalización en los últimos 12 meses por sexo,6_Servicios_entorno,Salud,CSV|JSON,https://datos.comunidad.madrid/catalogo/dataset/1926843
1926842,Pruebas médicas realizadas en los ultimos 12 mesespor tipo de prueba y por sexo,,Salud,CSV|JSON,https://datos.comunidad.madrid/catalogo/dataset/1926842
1926841,Lugar última consulta médica en las últimas 4 semanas por sexo,,Salud,CSV|JSON,https://datos.comunidad.madrid/catalogo/dataset/1926841
1926840,Motivo de la última consulta médica en las últimas 4 semanas por sexo,,Salud,CSV|JSON,https://datos.comunidad.madrid/catalogo/dataset/1926840
1926824,Mujeres que se han hecho mamografía y citología vaginal,,Salud,CSV|JSON,https://datos.comunidad.madrid/catalogo/dataset/1926824
1926823,Tiempo transcurrido desde la última colonoscopia por sexo,,Salud,CSV|JSON,https://datos.comunidad.madrid/catalogo/dataset/1926823
1926822,Tiempo transcurrido desde la última medición de colesterol por sexo,,Salud,CSV|JSON,https://datos.comunidad.madrid/catalogo/dataset/1926822
1926821,Tiempo transcurrido desde la última medición de nivel de azúcar en sangre por sexo,,Salud,CSV|JSON,https://datos.comunidad.madrid/catalogo/dataset/1926821
1926820,Tiempo transcurrido desde la última toma de tensión arterial por sexo,,Salud,CSV|JSON,https://datos.comunidad.madrid/catalogo/dataset/1926820
1926802,Tiempo transcurrido desde la última consulta médica por sexo,,Salud,CSV|JSON,https://datos.comunidad.madrid/catalogo/dataset/1926802
1926801,Valoración del estado de salud bucodental percibido por sexo,,Salud,CSV|JSON,https://datos.comunidad.madrid/catalogo/dataset/1926801
1926800,Limitación para recordar o para concentrarse por sexo,,Salud,CSV|JSON,https://datos.comunidad.madrid/catalogo/dataset/1926800
1926764,Prevalencia de cuadros depresivos activos por sexo,,Salud,CSV|JSON,https://datos.comunidad.madrid/catalogo/dataset/1926764
1926744,Limitación para oír por sexo,,Salud,CSV|JSON,https://datos.comunidad.madrid/catalogo/dataset/1926744
1926743,Limitación para ver por sexo,,Salud,CSV|JSON,https://datos.comunidad.madrid/catalogo/dataset/1926743
1926742,Limitación en la movilidad por sexo,,Salud,CSV|JSON,https://datos.comunidad.madrid/catalogo/dataset/1926742
1926740,Limitación para las actividades de la vida cotidiana en los últimos 6 meses por sexo,,Salud,CSV|JSON,https://datos.comunidad.madrid/catalogo/dataset/1926740
1926722,Grado de dolor padecido en las últimas 4 semanas por sexo,,Salud,CSV|JSON,https://datos.comunidad.madrid/catalogo/dataset/1926722
1926721,Accidentes en los últimos 12 meses por sexo,,Salud,CSV|JSON,https://datos.comunidad.madrid/catalogo/dataset/1926721
1926720,Valoración del estado de salud percibido en los últimos 12 meses por sexo,,Salud,CSV|JSON,https://datos.comunidad.madrid/catalogo/dataset/1926720
1926600,Partos de madres residentes según normalidad,,Demografía,CSV|JSON,https://datos.comunidad.madrid/catalogo/dataset/1926600
1926540,Cuentas de renta de los hogares. Gasto en consumo final de los hogares interior por finalidad. Precios corrientes (Base 2010) (Revisión 2019),3_Demografia_talento,Economía,CSV|JSON,https://datos.comunidad.madrid/catalogo/dataset/1926540
1926462,TIC en los hogares. Equipamiento de productos TIC en las viviendas principales,2_Inmobiliario_suelo|3_Demografia_talento,Ciencia y tecnología|Sociedad y bienestar,CSV|JSON,https://datos.comunidad.madrid/catalogo/dataset/1926462
1926200,Beneficiarios e importe de las prestaciones de nacimiento y cuidado del menor,3_Demografia_talento,Sociedad y bienestar,CSV|JSON,https://datos.comunidad.madrid/catalogo/dataset/1926200
1926161,Licitación oficial de obras por tipo organismo,,,CSV|JSON,https://datos.comunidad.madrid/catalogo/dataset/1926161
1926160,Licitación oficial de obras por tipo de obra,,,CSV|JSON,https://datos.comunidad.madrid/catalogo/dataset/1926160
1925520,Doctorados impartidos por universidad,,Educación,CSV|JSON,https://datos.comunidad.madrid/catalogo/dataset/1925520
1925516,Estudiantes egresados en estudios de 1º y 2º ciclo por universidad,3_Demografia_talento,Educación,CSV|JSON,https://datos.comunidad.madrid/catalogo/dataset/1925516
1925515,Estudiantes matriculados en estudios de 1º y 2º ciclo por universidad,3_Demografia_talento,Educación,CSV|JSON,https://datos.comunidad.madrid/catalogo/dataset/1925515
1925503,Doctorados impartidos por tipo de universidad,,Educación,CSV|JSON,https://datos.comunidad.madrid/catalogo/dataset/1925503
1925502,Estudiantes matriculados en estudios de máster presenciales por universidad,3_Demografia_talento,Educación,CSV|JSON,https://datos.comunidad.madrid/catalogo/dataset/1925502
1925501,Estudiantes egresados en estudios de máster por universidad,3_Demografia_talento,Educación,CSV|JSON,https://datos.comunidad.madrid/catalogo/dataset/1925501
1925494,Estudiantes matriculados en estudios de máster por tipo de universidad,3_Demografia_talento,Educación,CSV|JSON,https://datos.comunidad.madrid/catalogo/dataset/1925494
1925484,"Estudiantes matriculados en estudios de Grado por sexo, tipo de universidad y centro",3_Demografia_talento,Educación,CSV|JSON,https://datos.comunidad.madrid/catalogo/dataset/1925484
1925300,Alumnos que terminaron estudios superiores de conservación y restauración por especialidad y sexo,3_Demografia_talento,Educación,CSV|JSON,https://datos.comunidad.madrid/catalogo/dataset/1925300
1925261,Titulados en Bachiller a través de pruebas para obtención directa  del título por sexo,,Educación,CSV|JSON,https://datos.comunidad.madrid/catalogo/dataset/1925261
1925260,Alumnos graduados en Educación Secundaria para personas adultas por modalidad y sexo,3_Demografia_talento,Educación,CSV|JSON,https://datos.comunidad.madrid/catalogo/dataset/1925260
1925210,Alumnos matriculados en Ciclos Formativos de grado superior a distancia que terminaron sus estudios por titularidad del centro y sexo,3_Demografia_talento,Educación,CSV|JSON,https://datos.comunidad.madrid/catalogo/dataset/1925210
1925209,Alumnos matriculados en Ciclos Formativos de grado medio a distancia que teminaron sus estudios por titularidad del centro y sexo,3_Demografia_talento,Educación,CSV|JSON,https://datos.comunidad.madrid/catalogo/dataset/1925209
1925156,Mujeres que han tenido su primer hijo biológico más pronto de lo que consideran ideal por motivo y edad,3_Demografia_talento,Demografía,CSV|JSON,https://datos.comunidad.madrid/catalogo/dataset/1925156
1925155,Mujeres que han tenido su primer hijo biológico más tarde de lo que consideran ideal por motivo y edad,3_Demografia_talento,Demografía,CSV|JSON,https://datos.comunidad.madrid/catalogo/dataset/1925155
1925153,Mujeres con intención de tener hijos en los próximos 3 años por motivo de esta decisión,,Demografía,CSV|JSON,https://datos.comunidad.madrid/catalogo/dataset/1925153
1925152,Mujeres con intención de tener hijos en los próximos 3 años y situación sentimental,,Demografía,CSV|JSON,https://datos.comunidad.madrid/catalogo/dataset/1925152
1925151,Mujeres con intención de tener hijos en los próximos 3 años y edad,3_Demografia_talento,Demografía,CSV|JSON,https://datos.comunidad.madrid/catalogo/dataset/1925151
1925150,Mujeres que han tenido su primer hijo biológico más tarde de lo que consideraban ideal por el motivo más importante,,Demografía,CSV|JSON,https://datos.comunidad.madrid/catalogo/dataset/1925150
1925148,Mujeres que han tenido menos hijos de los deseados por el motivo más importante,,Demografía,CSV|JSON,https://datos.comunidad.madrid/catalogo/dataset/1925148
1925147,Mujeres que han tenido más hijos de los que deseaban por el motivo más importante,,Demografía,CSV|JSON,https://datos.comunidad.madrid/catalogo/dataset/1925147
1925146,Mujeres con hijos biológicos/adoptados por el motivo por el que tuvieron el primer hijo,,Demografía,CSV|JSON,https://datos.comunidad.madrid/catalogo/dataset/1925146
1925144,Mujeres por tipo de incentivo a la natalidad que reclaman al estado y edad,3_Demografia_talento,Demografía,CSV|JSON,https://datos.comunidad.madrid/catalogo/dataset/1925144
1925143,"Mujeres que no estan embarazadas, no tienen hijos y no desean tenerlos por motivo",,Demografía,CSV|JSON,https://datos.comunidad.madrid/catalogo/dataset/1925143
1925142,Mujeres que nunca han estado embarazadas y quieren estarlo por tiempo que han estado intentándolo y edad,3_Demografia_talento,Demografía,CSV|JSON,https://datos.comunidad.madrid/catalogo/dataset/1925142
1925140,Mujeres que han buscado un embarazo o se han sometido o están sometiéndose a un tratamiento de reproducción asistida por tipo de tratamiento y edad,3_Demografia_talento,Demografía,CSV|JSON,https://datos.comunidad.madrid/catalogo/dataset/1925140
1925135,Mujeres por tipo de anticonceptivo utilizado actualmente y por edad,3_Demografia_talento,Demografía,CSV|JSON,https://datos.comunidad.madrid/catalogo/dataset/1925135
1925134,Mujeres embarazadas actualmente por diversas características,,Demografía,CSV|JSON,https://datos.comunidad.madrid/catalogo/dataset/1925134
1925133,Mujeres con o sin pareja por situación laboral,,Demografía,CSV|JSON,https://datos.comunidad.madrid/catalogo/dataset/1925133
1925132,Mujeres con pareja con o sin hijos por tipo de unión,,Demografía,CSV|JSON,https://datos.comunidad.madrid/catalogo/dataset/1925132
1925131,Mujeres con o sin hijos por situación sentimental y edad,3_Demografia_talento,Demografía,CSV|JSON,https://datos.comunidad.madrid/catalogo/dataset/1925131
1925130,Mujeres que conviven con hijos mayores de 14 años por nivel de gasto mensual para su cuidado,,Demografía,CSV|JSON,https://datos.comunidad.madrid/catalogo/dataset/1925130
1925128,Mujeres que conviven con hijos menores de 14 años por la persona que se encarga de sus cuidados,,Demografía,CSV|JSON,https://datos.comunidad.madrid/catalogo/dataset/1925128
1925127,Mujeres por convivencia o no con hijos y por tipo de hogar,3_Demografia_talento,Demografía,CSV|JSON,https://datos.comunidad.madrid/catalogo/dataset/1925127
1925126,Mujeres con o sin hijos por ingresos netos al mes,,Demografía,CSV|JSON,https://datos.comunidad.madrid/catalogo/dataset/1925126
1925125,Mujeres con o sin hijos por situación laboral y edad,3_Demografia_talento,Demografía,CSV|JSON,https://datos.comunidad.madrid/catalogo/dataset/1925125
1925124,Mujeres por tipo de hijos que tienen,,Demografía,CSV|JSON,https://datos.comunidad.madrid/catalogo/dataset/1925124
1925123,Mujeres con o sin hijos por nivel de estudios completado y edad,3_Demografia_talento,Demografía,CSV|JSON,https://datos.comunidad.madrid/catalogo/dataset/1925123
1925122,"Número medio de hijos de las mujeres por edad, nacionalidad, estado civil y nivel de estudios",3_Demografia_talento,Demografía,CSV|JSON,https://datos.comunidad.madrid/catalogo/dataset/1925122
1925121,Mujeres con o sin hijos por estado civil y edad,3_Demografia_talento,Demografía,CSV|JSON,https://datos.comunidad.madrid/catalogo/dataset/1925121
1925120,Mujeres con o sin hijos por nacionalidad y edad,3_Demografia_talento,Demografía,CSV|JSON,https://datos.comunidad.madrid/catalogo/dataset/1925120
1925083,Pacientes atendidos en el resto de áreas de actividad del Hospital Central de la Defensa Gómez Ulla,6_Servicios_entorno,Salud|Seguridad,CSV|JSON,https://datos.comunidad.madrid/catalogo/dataset/1925083
1925082,Actividad diagnóstica del Hospital Central de la Defensa Gómez Ulla,6_Servicios_entorno,Salud|Seguridad,CSV|JSON,https://datos.comunidad.madrid/catalogo/dataset/1925082
1925081,Actividad quirúrgica en el Hospital Central de la Defensa Gómez Ulla  por especialidades,6_Servicios_entorno,Salud|Seguridad,CSV|JSON,https://datos.comunidad.madrid/catalogo/dataset/1925081
1925080,Estancias causadas en el Hospital Central de la Defensa Gómez Ulla por áreas asistenciales,6_Servicios_entorno,Salud|Seguridad,CSV|JSON,https://datos.comunidad.madrid/catalogo/dataset/1925080
1925021,Gasto de los turistas internacionales por país de residencia,6_Servicios_entorno,Turismo,CSV|JSON,https://datos.comunidad.madrid/catalogo/dataset/1925021
1925020,Gasto de los turistas internacionales por partidas de gasto,,Turismo,CSV|JSON,https://datos.comunidad.madrid/catalogo/dataset/1925020
1924781,Índice de precios de la tierra agrícola (Base 2016),,Medio Rural,CSV|JSON,https://datos.comunidad.madrid/catalogo/dataset/1924781
1924780,Precios medios de la tierra agrícola. (Base 2016),,Medio Rural,CSV|JSON,https://datos.comunidad.madrid/catalogo/dataset/1924780
1924740,Detenidos e imputados/investigados por delitos contra la seguridad del tráfico y otros actos delictivos,5_Conectividad_movilidad|6_Servicios_entorno,Legislación y justicia,CSV|JSON,https://datos.comunidad.madrid/catalogo/dataset/1924740
1924721,Vehículos de transporte de mercancías peligrosas controlados y denunciados,5_Conectividad_movilidad,Transporte,CSV|JSON,https://datos.comunidad.madrid/catalogo/dataset/1924721
1924720,Vehículos de transporte escolar de menores controlados y denunciados,5_Conectividad_movilidad,Transporte,CSV|JSON,https://datos.comunidad.madrid/catalogo/dataset/1924720
1924701,Precios públicos universitarios por grado de experimentalidad de las enseñanzas,3_Demografia_talento,Educación,CSV|JSON,https://datos.comunidad.madrid/catalogo/dataset/1924701
1924600,Resultados corrientes por nivel educativo y por dependencia del centro,,Educación,CSV|JSON,https://datos.comunidad.madrid/catalogo/dataset/1924600
1924546,Dificultad para recordar o para concentrarse por sexo,,Salud,CSV|JSON,https://datos.comunidad.madrid/catalogo/dataset/1924546
1924545,Dificultad en la movilidad por sexo,,Salud,CSV|JSON,https://datos.comunidad.madrid/catalogo/dataset/1924545
1924544,Accidentes en los últimos 12 meses por sexo,,Salud,CSV|JSON,https://datos.comunidad.madrid/catalogo/dataset/1924544
1924540,Limitación para las actividades de la vida cotidiana en los últimos 6 meses por sexo,,Salud,CSV|JSON,https://datos.comunidad.madrid/catalogo/dataset/1924540
1924533,Vacunación antigripal en la última campaña por sexo,,Salud,CSV|JSON,https://datos.comunidad.madrid/catalogo/dataset/1924533
1924532,Consumo de productos de medicina alternativa en las últimas 2 semanas por sexo,,Salud,CSV|JSON,https://datos.comunidad.madrid/catalogo/dataset/1924532
1924528,Consumo de medicamentos recetados o no en las últimas 2 semanas por sexo,,Salud,CSV|JSON,https://datos.comunidad.madrid/catalogo/dataset/1924528
1924527,Modalidad de la cobertura sanitaria exclusiva por sexo,6_Servicios_entorno,Salud,CSV|JSON,https://datos.comunidad.madrid/catalogo/dataset/1924527
1924523,Población hospitalizada y que ha utilizado el hospital de día en los últimos 12 meses por sexo,3_Demografia_talento|6_Servicios_entorno,Salud,CSV|JSON,https://datos.comunidad.madrid/catalogo/dataset/1924523
1924505,Frecuencia de cepillado dental por sexo,,Salud,CSV|JSON,https://datos.comunidad.madrid/catalogo/dataset/1924505
1924501,Población de 1 a 14 años por tipo de desayuno y sexo,3_Demografia_talento,Salud,CSV|JSON,https://datos.comunidad.madrid/catalogo/dataset/1924501
1924500,Población de 1 a 14 años con tiempo libre diario frente a una pantalla por sexo,3_Demografia_talento,Salud,CSV|JSON,https://datos.comunidad.madrid/catalogo/dataset/1924500
1924481,Limitación para oír por sexo,,Salud,CSV|JSON,https://datos.comunidad.madrid/catalogo/dataset/1924481
1924480,Limitación para ver por sexo,,Salud,CSV|JSON,https://datos.comunidad.madrid/catalogo/dataset/1924480
1924245,Notificaciones en el Registro Unificado de casos de sospecha de Maltrato Infantil (RUMI) por diversas características,,Sociedad y bienestar,CSV|JSON,https://datos.comunidad.madrid/catalogo/dataset/1924245
1924244,Adopción internacional por diversas características,,Sociedad y bienestar,CSV|JSON,https://datos.comunidad.madrid/catalogo/dataset/1924244
1924243,Adopción nacional por diversas características,,Sociedad y bienestar,CSV|JSON,https://datos.comunidad.madrid/catalogo/dataset/1924243
1924242,Medidas para acogimiento familiar de menores por diversas características,,Sociedad y bienestar,CSV|JSON,https://datos.comunidad.madrid/catalogo/dataset/1924242
1924241,Medidas para acogimiento residencial de menores por diversas características,6_Servicios_entorno,Sociedad y bienestar,CSV|JSON,https://datos.comunidad.madrid/catalogo/dataset/1924241
1924173,Visitantes de parques nacionales y regionales,,Cultura y ocio,CSV|JSON,https://datos.comunidad.madrid/catalogo/dataset/1924173
1924172,Gestión de neumáticos fuera de uso,,Medio ambiente|Urbanismo e infraestructuras,CSV|JSON,https://datos.comunidad.madrid/catalogo/dataset/1924172
1924171,Gestión de aceites industriales,,Medio ambiente|Urbanismo e infraestructuras,CSV|JSON,https://datos.comunidad.madrid/catalogo/dataset/1924171
1924170,Tratamiento de residuos peligrosos,6_Servicios_entorno,Medio ambiente|Urbanismo e infraestructuras,CSV|JSON,https://datos.comunidad.madrid/catalogo/dataset/1924170
1924169,Residuos tratados en vertederos controlados,6_Servicios_entorno,Medio ambiente,CSV|JSON,https://datos.comunidad.madrid/catalogo/dataset/1924169
1924161,"Entradas de residuos, material recuperado y material rechazado por plantas de clasificación de envases",6_Servicios_entorno,Medio ambiente|Urbanismo e infraestructuras,CSV|JSON,https://datos.comunidad.madrid/catalogo/dataset/1924161
1924160,Generación de residuos urbanos,6_Servicios_entorno,Medio ambiente|Urbanismo e infraestructuras,CSV|JSON,https://datos.comunidad.madrid/catalogo/dataset/1924160
1924020,Declarantes en el Registro Nacional de Instrucciones Previas por diversas características,,Salud,CSV|JSON,https://datos.comunidad.madrid/catalogo/dataset/1924020
1924001,Tributos cedidos gestionados por las Comunidades Autónomas de Régimen Común,1_Ayudas_fiscalidad|4_Empleo_economia,Hacienda,CSV|JSON,https://datos.comunidad.madrid/catalogo/dataset/1924001
1923941,"Población joven que ni estudia ni trabaja por sexo, nivel de formación y grupo de edad",3_Demografia_talento,Educación,CSV|JSON,https://datos.comunidad.madrid/catalogo/dataset/1923941
1923923,El empleo de las personas con discapacidad por tipo de discapacidad,4_Empleo_economia,Empleo,CSV|JSON,https://datos.comunidad.madrid/catalogo/dataset/1923923
1923921,El empleo de las personas con discapacidad por su relación con la actividad,4_Empleo_economia,Empleo,CSV|JSON,https://datos.comunidad.madrid/catalogo/dataset/1923921
1923920,Hogares por presencia de discapacidad,3_Demografia_talento,Empleo,CSV|JSON,https://datos.comunidad.madrid/catalogo/dataset/1923920
1923861,Viajeros subidos y bajados en trenes de cercanias por estaciones,,Transporte,CSV|JSON,https://datos.comunidad.madrid/catalogo/dataset/1923861
1923806,Personas entre 18 y 64 años de edad que han realizado actividades de aprendizaje informal en los últimos 12 meses,3_Demografia_talento,Educación,CSV|JSON,https://datos.comunidad.madrid/catalogo/dataset/1923806
1923805,Personas entre 18 y 64 años de edad que han realizado actividades de educación no formal en los últimos 12 meses,3_Demografia_talento,Educación,CSV|JSON,https://datos.comunidad.madrid/catalogo/dataset/1923805
1923804,Personas entre 18 y 64 años de edad que han realizado actividades de educación formal en los últimos 12 meses,3_Demografia_talento,Educación,CSV|JSON,https://datos.comunidad.madrid/catalogo/dataset/1923804
1923803,Personas entre 18 y 64 años de edad por idiomas maternos y no maternos más frecuentes que pueden usar,3_Demografia_talento,Educación,CSV|JSON,https://datos.comunidad.madrid/catalogo/dataset/1923803
1923802,Personas entre 18 y 64 años de edad por las lenguas no maternas más frecuentes que tienen,3_Demografia_talento,Educación,CSV|JSON,https://datos.comunidad.madrid/catalogo/dataset/1923802
1923801,Personas entre 18 y 64 años de edad por las lenguas maternas más frecuentes que tienen,3_Demografia_talento,Educación,CSV|JSON,https://datos.comunidad.madrid/catalogo/dataset/1923801
1923800,Personas entre 18 y 64 años de edad por máximo nivel educativo alcanzado,3_Demografia_talento,Educación,CSV|JSON,https://datos.comunidad.madrid/catalogo/dataset/1923800
1923640,Inscripciones en el Registro de Uniones de Hecho,,Demografía,CSV|JSON,https://datos.comunidad.madrid/catalogo/dataset/1923640
1923588,Métodos anticonceptivos eficaces utilizados por los jóvenes por sexo: De 15-16 años,,Salud,CSV|JSON,https://datos.comunidad.madrid/catalogo/dataset/1923588
1923585,Jóvenes que han consumido drogas en los últimos 12 meses por sexo: De 15-16 años,,Salud,CSV|JSON,https://datos.comunidad.madrid/catalogo/dataset/1923585
1923584,Jóvenes con sobrepeso y obesidad por sexo y edad,3_Demografia_talento,Salud,CSV|JSON,https://datos.comunidad.madrid/catalogo/dataset/1923584
1923581,Conductas relacionadas con los trastornos del comportamiento alimentario por sexo: Jóvenes 15-16 años,,Salud,CSV|JSON,https://datos.comunidad.madrid/catalogo/dataset/1923581
1923524,Tecnologías de la información y la comunicación en las empresas con menos de 10 empleados,3_Demografia_talento|4_Empleo_economia,Ciencia y tecnología,CSV|JSON,https://datos.comunidad.madrid/catalogo/dataset/1923524
1923480,Víctimas de infracciones penales por grupo de edad y sexo,3_Demografia_talento,Legislación y justicia,CSV|JSON,https://datos.comunidad.madrid/catalogo/dataset/1923480
1923453,"Infracciones a la Ley Orgánica 4/2015, de Protección a la seguridad ciudadana",6_Servicios_entorno,Legislación y justicia,CSV|JSON,https://datos.comunidad.madrid/catalogo/dataset/1923453
1923452,Objetos intervenidos de propiedad intelectual,3_Demografia_talento,Legislación y justicia,CSV|JSON,https://datos.comunidad.madrid/catalogo/dataset/1923452
1923451,Delitos contra la propiedad intelectual,3_Demografia_talento|6_Servicios_entorno,Legislación y justicia,CSV|JSON,https://datos.comunidad.madrid/catalogo/dataset/1923451
1923450,Delitos contra la propiedad industrial,3_Demografia_talento|6_Servicios_entorno,Legislación y justicia,CSV|JSON,https://datos.comunidad.madrid/catalogo/dataset/1923450
1923434,Detenidos e investigados por infracciones penales relacionadas con la cibercriminalidad por grupo penal,,Legislación y justicia,CSV|JSON,https://datos.comunidad.madrid/catalogo/dataset/1923434
1923430,Detenciones e investigados por infracciónes penales por grupo de edad y sexo,3_Demografia_talento,Legislación y justicia,CSV|JSON,https://datos.comunidad.madrid/catalogo/dataset/1923430
1923424,Detenidos e investigados por infracciones penales por tipología penal,,Legislación y justicia,CSV|JSON,https://datos.comunidad.madrid/catalogo/dataset/1923424
1923422,Hechos esclarecidos de infracciones penales por tipología penal,,Legislación y justicia,CSV|JSON,https://datos.comunidad.madrid/catalogo/dataset/1923422
1923421,Licencias de caza y pesca,2_Inmobiliario_suelo,Cultura y ocio,CSV|JSON,https://datos.comunidad.madrid/catalogo/dataset/1923421
1923420,Hechos conocidos de infracciones penales por tipología penal,,Legislación y justicia,CSV|JSON,https://datos.comunidad.madrid/catalogo/dataset/1923420
1923380,Capitalización y cantidades negociadas en la Bolsa de Madrid,,Economía,CSV|JSON,https://datos.comunidad.madrid/catalogo/dataset/1923380
1923302,Importe de las becas y ayudas concedidas para enseñanzas no universitarias obligatorias de E. Infantil y E. Especial por administración financiadora,1_Ayudas_fiscalidad|3_Demografia_talento,Educación,CSV|JSON,https://datos.comunidad.madrid/catalogo/dataset/1923302
1923300,Becas y ayudas concedidas para enseñanzas no universitarias obligatorias de Educación Infantil y Educación Especial por administración financiadora,1_Ayudas_fiscalidad|3_Demografia_talento,Educación,CSV|JSON,https://datos.comunidad.madrid/catalogo/dataset/1923300
1923129,Penas y medidas dictadas sobre el condenado por asuntos de violencia de género con sentencia firme por tipo,,Legislación y justicia,CSV|JSON,https://datos.comunidad.madrid/catalogo/dataset/1923129
1923128,Infracciones penales imputadas al condenado por asuntos de violencia de genero con sentencia firme por tipo de infracción,,Legislación y justicia,CSV|JSON,https://datos.comunidad.madrid/catalogo/dataset/1923128
1923126,Condenados en asuntos de violencia de genero con sentencia firme por grupo de edad y lugar de nacimiento,3_Demografia_talento,Legislación y justicia,CSV|JSON,https://datos.comunidad.madrid/catalogo/dataset/1923126
1923125,Penas y medidas dictadas por asuntos de violencia doméstica con sentencia firme por tipo,,Legislación y justicia,CSV|JSON,https://datos.comunidad.madrid/catalogo/dataset/1923125
1923124,Infracciones penales imputadas por asuntos de violencia doméstica con sentencia firme por tipo de infracción,,Legislación y justicia,CSV|JSON,https://datos.comunidad.madrid/catalogo/dataset/1923124
1923122,Personas condenadas por asuntos de violencia doméstica con sentencia firme por sexo y lugar de nacimiento,3_Demografia_talento,Legislación y justicia,CSV|JSON,https://datos.comunidad.madrid/catalogo/dataset/1923122
1923121,Personas condenadas por asuntos de violencia doméstica con sentencia firme por sexo y grupo de edad,3_Demografia_talento,Legislación y justicia,CSV|JSON,https://datos.comunidad.madrid/catalogo/dataset/1923121
1923100,Índice de Precios de Vivienda (IPV) (Base 2015),2_Inmobiliario_suelo,Vivienda,CSV|JSON,https://datos.comunidad.madrid/catalogo/dataset/1923100
1922446,Muertes fetales tardías por causas y por sexo,,Demografía,CSV|JSON,https://datos.comunidad.madrid/catalogo/dataset/1922446
1922323,Índice de Precios de Consumo. Vivienda en alquiler (Base 2016),2_Inmobiliario_suelo,Vivienda,CSV|JSON,https://datos.comunidad.madrid/catalogo/dataset/1922323
1922280,Etapas de los viajes y pernoctaciones de los turistas internacionales,,Turismo,CSV|JSON,https://datos.comunidad.madrid/catalogo/dataset/1922280
1922260,Gasto de los turistas internacionales,,Turismo,CSV|JSON,https://datos.comunidad.madrid/catalogo/dataset/1922260
1922242,Lista de espera de pruebas diagnósticas/terapéuticas,,Salud,CSV|JSON,https://datos.comunidad.madrid/catalogo/dataset/1922242
1922241,Lista de espera consultas externas,,Salud,CSV|JSON,https://datos.comunidad.madrid/catalogo/dataset/1922241
1922240,Lista de espera quirúrgica,,Salud,CSV|JSON,https://datos.comunidad.madrid/catalogo/dataset/1922240
1922222,Títulos de familias numerosas concedidos renovados por categorías y por número de hijos,,Sociedad y bienestar,CSV|JSON,https://datos.comunidad.madrid/catalogo/dataset/1922222
1922221,Títulos de familias numerosas concedidos nuevos por categorías y por número de hijos,,Sociedad y bienestar,CSV|JSON,https://datos.comunidad.madrid/catalogo/dataset/1922221
1922080,Índice de precios del trabajo (IPT) (Base 2016),4_Empleo_economia,Empleo,CSV|JSON,https://datos.comunidad.madrid/catalogo/dataset/1922080
1922060,Libros inscritos en ISBN por diversas características,,Cultura y ocio,CSV|JSON,https://datos.comunidad.madrid/catalogo/dataset/1922060
1921958,Otras fuentes energéticas generadas,6_Servicios_entorno,Comercio|Energía,CSV|JSON,https://datos.comunidad.madrid/catalogo/dataset/1921958
1921956,Autoabastecimiento de energía térmica,6_Servicios_entorno,Comercio|Energía,CSV|JSON,https://datos.comunidad.madrid/catalogo/dataset/1921956
1921955,Autoabastecimiento generación eléctrica,,Comercio|Energía,CSV|JSON,https://datos.comunidad.madrid/catalogo/dataset/1921955
1921953,Consumo final de biomasa y biocombustibles,,Comercio|Energía,CSV|JSON,https://datos.comunidad.madrid/catalogo/dataset/1921953
1921952,Consumo final de carbón por sectores,,Comercio|Energía,CSV|JSON,https://datos.comunidad.madrid/catalogo/dataset/1921952
1921951,Consumo final de gas natural por sectores,,Comercio|Energía,CSV|JSON,https://datos.comunidad.madrid/catalogo/dataset/1921951
1921950,Consumo final de energía eléctrica por sectores,6_Servicios_entorno,Energía,CSV|JSON,https://datos.comunidad.madrid/catalogo/dataset/1921950
1921949,Consumo final de petróleo y sus derivados,,Comercio|Energía,CSV|JSON,https://datos.comunidad.madrid/catalogo/dataset/1921949
1921850,Pacientes atendidos por los recursos móviles del SUMMA 112,,Salud,CSV|JSON,https://datos.comunidad.madrid/catalogo/dataset/1921850
1921849,Actividad del Servicio de Coordinación de Urgencias (SCU) del SUMMA 112,,Salud,CSV|JSON,https://datos.comunidad.madrid/catalogo/dataset/1921849
1921660,Alumnos matriculados en ciclos formativos de formación profesional básica por lengua extranjera que cursan y titularidad del centro,3_Demografia_talento,Educación,CSV|JSON,https://datos.comunidad.madrid/catalogo/dataset/1921660
1921280,Plantilla efectiva del Instituto Nacional de la Seguridad Social por cuerpos y escalas,6_Servicios_entorno,Sector público,CSV|JSON,https://datos.comunidad.madrid/catalogo/dataset/1921280
1921208,Base de cotización anual media por persona desempleada por grupos de cotización y sexo,,Empleo|Sociedad y bienestar,CSV|JSON,https://datos.comunidad.madrid/catalogo/dataset/1921208
1921207,Retribuciones anuales medias por rendimientos de trabajo por grupos de cotización y sexo,4_Empleo_economia,Empleo|Sociedad y bienestar,CSV|JSON,https://datos.comunidad.madrid/catalogo/dataset/1921207
1921002,Máster impartidos por universidad y rama de enseñanza,,Educación,CSV|JSON,https://datos.comunidad.madrid/catalogo/dataset/1921002
1920982,Plantilla efectiva de la Tesorería General de la Seguridad Social,6_Servicios_entorno,Sector público,CSV|JSON,https://datos.comunidad.madrid/catalogo/dataset/1920982
1920981,Recaudación íntegra por cuotas de la Seguridad Social,1_Ayudas_fiscalidad|6_Servicios_entorno,Economía,CSV|JSON,https://datos.comunidad.madrid/catalogo/dataset/1920981
1920860,Museos y Colecciones Museográficas por tipología,,Cultura y ocio,CSV|JSON,https://datos.comunidad.madrid/catalogo/dataset/1920860
1920822,Mutualistas activos de MUFACE por tipo de Administración,,Empleo|Sector público,CSV|JSON,https://datos.comunidad.madrid/catalogo/dataset/1920822
1920740,Porcentaje de ocupados en el sector de la construcción (Base 2015),4_Empleo_economia,Empleo,CSV|JSON,https://datos.comunidad.madrid/catalogo/dataset/1920740
1920701,Adquisiciones de nacionalidad española por sexo y motivo de la adquisición,,Demografía,CSV|JSON,https://datos.comunidad.madrid/catalogo/dataset/1920701
1920700,Adquisiciones de nacionalidad española por sexo y grupo de edad,3_Demografia_talento,Demografía,CSV|JSON,https://datos.comunidad.madrid/catalogo/dataset/1920700
1920380,Proyecciones de hogares de residentes en viviendas familiares por tamaño del hogar,2_Inmobiliario_suelo|3_Demografia_talento,Demografía,CSV|JSON,https://datos.comunidad.madrid/catalogo/dataset/1920380
1920360,Utilización de la bicicleta para desplazarse por sexo,,Salud,CSV|JSON,https://datos.comunidad.madrid/catalogo/dataset/1920360
1920359,Días a la semana en los que camina por sexo,,Salud,CSV|JSON,https://datos.comunidad.madrid/catalogo/dataset/1920359
1920358,Actividad física en el trabajo o actividad principal por sexo,4_Empleo_economia,Salud,CSV|JSON,https://datos.comunidad.madrid/catalogo/dataset/1920358
1920357,Consumo de bebidas alcohólicas en los últimos 12 meses por sexo,,Salud,CSV|JSON,https://datos.comunidad.madrid/catalogo/dataset/1920357
1920355,Consumo de tabaco por sexo,,Salud,CSV|JSON,https://datos.comunidad.madrid/catalogo/dataset/1920355
1920354,Índice de masa corporal de la población adulta por sexo,3_Demografia_talento,Salud,CSV|JSON,https://datos.comunidad.madrid/catalogo/dataset/1920354
1920353,Mujeres que se han hecho mamografía y citología vaginal,,Salud,CSV|JSON,https://datos.comunidad.madrid/catalogo/dataset/1920353
1920352,Tiempo transcurrido desde la última colonoscopia por sexo,,Salud,CSV|JSON,https://datos.comunidad.madrid/catalogo/dataset/1920352
1920351,Tiempo transcurrido desde la última medición de nivel de azúcar en sangre por sexo,,Salud,CSV|JSON,https://datos.comunidad.madrid/catalogo/dataset/1920351
1920350,Tiempo transcurrido desde la última medición de colesterol por sexo,,Salud,CSV|JSON,https://datos.comunidad.madrid/catalogo/dataset/1920350
1920349,Tiempo transcurrido desde la última toma de tensión arterial por sexo,,Salud,CSV|JSON,https://datos.comunidad.madrid/catalogo/dataset/1920349
1920345,Consumo de medicamentos en las últimas 2 semanas por sexo,,Salud,CSV|JSON,https://datos.comunidad.madrid/catalogo/dataset/1920345
1920344,Servicios de urgencias en los últimos 12 meses por sexo y lugar de asistencia,,Salud,CSV|JSON,https://datos.comunidad.madrid/catalogo/dataset/1920344
1920343,Utilización del hospital de día en los últimos 12 meses por sexo,6_Servicios_entorno,Salud,CSV|JSON,https://datos.comunidad.madrid/catalogo/dataset/1920343
1920342,Hospitalización en los últimos 12 meses por sexo,6_Servicios_entorno,Salud,CSV|JSON,https://datos.comunidad.madrid/catalogo/dataset/1920342
1920338,Utilización de servicios asistenciales domiciliarios en los últimos 12 meses por sexo,,Salud,CSV|JSON,https://datos.comunidad.madrid/catalogo/dataset/1920338
1920337,Pruebas médicas realizadas en los ultimos 12 mesespor tipo de prueba y por sexo,,Salud,CSV|JSON,https://datos.comunidad.madrid/catalogo/dataset/1920337
1920336,Motivo de la última consulta médica en las últimas 4 semanas por sexo,,Salud,CSV|JSON,https://datos.comunidad.madrid/catalogo/dataset/1920336
1920335,Lugar última consulta médica en las últimas 4 semanas por sexo,,Salud,CSV|JSON,https://datos.comunidad.madrid/catalogo/dataset/1920335
1920334,Tiempo transcurrido desde la última consulta médica por sexo,,Salud,CSV|JSON,https://datos.comunidad.madrid/catalogo/dataset/1920334
1920333,Accidentes en los últimos 12 meses por sexo,,Salud,CSV|JSON,https://datos.comunidad.madrid/catalogo/dataset/1920333
1920332,Prevalencia de cuadros depresivos activos por sexo,,Salud,CSV|JSON,https://datos.comunidad.madrid/catalogo/dataset/1920332
1920331,Grado de dolor padecido en las últimas 4 semanas por sexo,,Salud,CSV|JSON,https://datos.comunidad.madrid/catalogo/dataset/1920331
1920327,Limitación en la movilidad por sexo,,Salud,CSV|JSON,https://datos.comunidad.madrid/catalogo/dataset/1920327
1920326,Limitación para oír por sexo,,Salud,CSV|JSON,https://datos.comunidad.madrid/catalogo/dataset/1920326
1920325,Limitación para ver por sexo,,Salud,CSV|JSON,https://datos.comunidad.madrid/catalogo/dataset/1920325
1920324,Limitación para las actividades de la vida cotidiana en los últimos 6 meses por sexo,,Salud,CSV|JSON,https://datos.comunidad.madrid/catalogo/dataset/1920324
1920320,Valoración del estado de salud percibido en los últimos 12 meses por sexo,,Salud,CSV|JSON,https://datos.comunidad.madrid/catalogo/dataset/1920320
1920300,Total gasolineras. Municipios,,Comercio|Energía,CSV|JSON,https://datos.comunidad.madrid/catalogo/dataset/1920300
1920203,Índice de incidencia normalizado de las enfermedades profesionales por grupo de enfermedad,3_Demografia_talento,Empleo|Salud,CSV|JSON,https://datos.comunidad.madrid/catalogo/dataset/1920203
1920202,Partes con baja comunicados de enfermedades profesionales por sector de actividad,3_Demografia_talento,Empleo|Salud,CSV|JSON,https://datos.comunidad.madrid/catalogo/dataset/1920202
1920201,Partes comunicados de enfermedades profesionales por grupos de enfermedad,3_Demografia_talento,Empleo|Salud,CSV|JSON,https://datos.comunidad.madrid/catalogo/dataset/1920201
1920200,Partes comunicados de enfermedades profesionales por edad,3_Demografia_talento,Empleo|Salud,CSV|JSON,https://datos.comunidad.madrid/catalogo/dataset/1920200
1920184,Empleo medio de la industria manufacturera (Base 2015). Municipios,4_Empleo_economia,Empleo,CSV|JSON,https://datos.comunidad.madrid/catalogo/dataset/1920184
1920074,Prestaciones farmacéuticas del Instituto Social de las Fuerzas Armadas (ISFAS),,Sector público,CSV|JSON,https://datos.comunidad.madrid/catalogo/dataset/1920074
1920069,Prestaciones complementarias de la Mutualidad General de Funcionarios Civiles del Estado (MUFACE): Importe,,Sector público,CSV|JSON,https://datos.comunidad.madrid/catalogo/dataset/1920069
1920068,Prestaciones complementarias de la Mutualidad General de Funcionarios Civiles del Estado (MUFACE): Número,,Sector público,CSV|JSON,https://datos.comunidad.madrid/catalogo/dataset/1920068
1920066,Recursos humanos de la Mutualidad General de Funcionarios Civiles del Estado (MUFACE),,Sector público,CSV|JSON,https://datos.comunidad.madrid/catalogo/dataset/1920066
1920065,Asegurados del Instituto Social de las Fuerzas Armadas (ISFAS) por entidad,,Empleo|Sector público,CSV|JSON,https://datos.comunidad.madrid/catalogo/dataset/1920065
1920042,Actividad asistencial de la Unidad Central de Radiodiagnóstico,,Salud,CSV|JSON,https://datos.comunidad.madrid/catalogo/dataset/1920042
1920040,Recursos humanos de la Unidad Central de Radiodiagnóstico,,Salud,CSV|JSON,https://datos.comunidad.madrid/catalogo/dataset/1920040
1920021,Resultado de la donación de sangre,,Salud,CSV|JSON,https://datos.comunidad.madrid/catalogo/dataset/1920021
1920020,Recursos humanos,,Salud,CSV|JSON,https://datos.comunidad.madrid/catalogo/dataset/1920020
1919480,Número y superficie de los Montes catalogados de Utilidad Pública por pertenencia administrativa,,Medio ambiente,CSV|JSON,https://datos.comunidad.madrid/catalogo/dataset/1919480
1919423,Cuentas de renta de los hogares. Renta disponible bruta de los hogares per cápita (Base 2010),3_Demografia_talento,Economía,CSV|JSON,https://datos.comunidad.madrid/catalogo/dataset/1919423
1919422,Cuentas de renta de los hogares. Cuenta de redistribución de la renta en especie (Base 2010),3_Demografia_talento,Economía,CSV|JSON,https://datos.comunidad.madrid/catalogo/dataset/1919422
1919421,Cuentas de renta de los hogares. Cuenta de distribución secundaria de la renta (Base 2010),3_Demografia_talento,Economía,CSV|JSON,https://datos.comunidad.madrid/catalogo/dataset/1919421
1919420,Cuentas de renta de los hogares. Cuenta de asignación de la renta primaria (Base 2010),3_Demografia_talento,Economía,CSV|JSON,https://datos.comunidad.madrid/catalogo/dataset/1919420
1919368,Alumnado en situación de vulnerabilidad socio-educativa por enseñanza y sexo,3_Demografia_talento,Educación,CSV|JSON,https://datos.comunidad.madrid/catalogo/dataset/1919368
1919367,Alumnado con desconocimiento grave de la lengua de aprendizaje por enseñanza y sexo,3_Demografia_talento,Educación,CSV|JSON,https://datos.comunidad.madrid/catalogo/dataset/1919367
1919366,Alumnado con trastornos del aprendizaje por enseñanza y sexo,3_Demografia_talento,Educación,CSV|JSON,https://datos.comunidad.madrid/catalogo/dataset/1919366
1919365,Alumnado con trastornos del desarrollo del lenguaje y la comunicación por enseñanza y sexo,3_Demografia_talento,Educación,CSV|JSON,https://datos.comunidad.madrid/catalogo/dataset/1919365
1919363,Alumnado con integración tardía al sistema educativo español por enseñanza y titularidad,3_Demografia_talento,Educación,CSV|JSON,https://datos.comunidad.madrid/catalogo/dataset/1919363
1919362,Alumnado con integración tardía al sistema educativo español por enseñanza y sexo,3_Demografia_talento,Educación,CSV|JSON,https://datos.comunidad.madrid/catalogo/dataset/1919362
1919361,Alumnado con altas capacidades intelectuales por titularidad y enseñanza,3_Demografia_talento,Educación,CSV|JSON,https://datos.comunidad.madrid/catalogo/dataset/1919361
1919360,Alumnado con altas capacidades intelectuales por sexo y enseñanza,3_Demografia_talento,Educación,CSV|JSON,https://datos.comunidad.madrid/catalogo/dataset/1919360
1919250,Unidades productivas por ramas de actividad (R66)  (Base 2015),,Economía,CSV|JSON,https://datos.comunidad.madrid/catalogo/dataset/1919250
1919249,Ocupados por ramas de actividad (R28) (Base 2015),4_Empleo_economia,Empleo,CSV|JSON,https://datos.comunidad.madrid/catalogo/dataset/1919249
1919248,Unidades productivas por ramas de actividad (R28)  (Base 2015),,Economía,CSV|JSON,https://datos.comunidad.madrid/catalogo/dataset/1919248
1919188,Tarifas de los títulos de transporte en las áreas metropolitanas,5_Conectividad_movilidad,Transporte,CSV|JSON,https://datos.comunidad.madrid/catalogo/dataset/1919188
1919186,Servicios nocturnos de autobús,5_Conectividad_movilidad,Transporte,CSV|JSON,https://datos.comunidad.madrid/catalogo/dataset/1919186
1919185,Intervalo medio en hora punta del transporte metropolitano,5_Conectividad_movilidad,Transporte,CSV|JSON,https://datos.comunidad.madrid/catalogo/dataset/1919185
1919184,Velocidad comercial de los medios de transporte metropolitanos,5_Conectividad_movilidad,Transporte,CSV|JSON,https://datos.comunidad.madrid/catalogo/dataset/1919184
1919183,Ocupación media de los vehículos por medio de transporte,5_Conectividad_movilidad,Transporte,CSV|JSON,https://datos.comunidad.madrid/catalogo/dataset/1919183
1919182,Parque de coches y trenes de los modos ferroviarios,,Transporte,CSV|JSON,https://datos.comunidad.madrid/catalogo/dataset/1919182
1919181,Flota de autobuses de movilidad metropolitana por tipo,5_Conectividad_movilidad,Transporte,CSV|JSON,https://datos.comunidad.madrid/catalogo/dataset/1919181
1919180,Características de las redes de autobuses,5_Conectividad_movilidad,Transporte,CSV|JSON,https://datos.comunidad.madrid/catalogo/dataset/1919180
1919014,Efectivos laborales del ámbito de la justicia,,Sector público,CSV|JSON,https://datos.comunidad.madrid/catalogo/dataset/1919014
1918965,Indicadores de movilidad de la plantilla judicial,,Legislación y justicia,CSV|JSON,https://datos.comunidad.madrid/catalogo/dataset/1918965
1918964,Indicadores de la Justicia,,Legislación y justicia,CSV|JSON,https://datos.comunidad.madrid/catalogo/dataset/1918964
1918963,Tiempo medio estimado que llevan los asuntos judiciales en trámite al final del año,,Legislación y justicia,CSV|JSON,https://datos.comunidad.madrid/catalogo/dataset/1918963
1918962,Asuntos resueltos en los Juzgados de lo Social,,Legislación y justicia,CSV|JSON,https://datos.comunidad.madrid/catalogo/dataset/1918962
1918847,Personal civil laboral al servicio de la Administración Militar por grupos de edad,3_Demografia_talento,Sector público|Seguridad,CSV|JSON,https://datos.comunidad.madrid/catalogo/dataset/1918847
1918846,Personal civil laboral al servicio de la Administración Militar por grupo profesional,,Sector público|Seguridad,CSV|JSON,https://datos.comunidad.madrid/catalogo/dataset/1918846
1918844,Funcionarios de carrera activos al servicio de la Administración Militar por antigüedad,3_Demografia_talento,Sector público|Seguridad,CSV|JSON,https://datos.comunidad.madrid/catalogo/dataset/1918844
1918843,Funcionarios de carrera activos al servicio de la Administración Militar por sexo y grupos de edad,3_Demografia_talento,Sector público|Seguridad,CSV|JSON,https://datos.comunidad.madrid/catalogo/dataset/1918843
1918842,Funcionarios de carrera activos al servicio de la Administración Militar por grupos de clasificación,,Sector público|Seguridad,CSV|JSON,https://datos.comunidad.madrid/catalogo/dataset/1918842
1918841,Accidentes de carácter militar por tipo de accidente,,Salud|Seguridad,CSV|JSON,https://datos.comunidad.madrid/catalogo/dataset/1918841
1918785,Actos obstétricos en el Hospital Central de la Defensa Gómez Ulla por servicios implicados,6_Servicios_entorno,Salud|Seguridad,CSV|JSON,https://datos.comunidad.madrid/catalogo/dataset/1918785
1918784,Consultas externas en el Hospital Central de la Defensa Gómez Ulla por servicio implicado y por especialidades,6_Servicios_entorno,Salud|Seguridad,CSV|JSON,https://datos.comunidad.madrid/catalogo/dataset/1918784
1918783,Urgencias atendidas en el Hospital Central de la Defensa Gómez Ulla,6_Servicios_entorno,Salud|Seguridad,CSV|JSON,https://datos.comunidad.madrid/catalogo/dataset/1918783
1918782,Altas médicas del Hospital Central de la Defensa Gómez Ulla por tipo de alta,6_Servicios_entorno,Salud|Seguridad,CSV|JSON,https://datos.comunidad.madrid/catalogo/dataset/1918782
1918441,Tasas netas de escolarización en edades post-obligatorias en el sistema educativo y formativo,3_Demografia_talento,Educación,CSV|JSON,https://datos.comunidad.madrid/catalogo/dataset/1918441
1918422,Nivel de formación de la población joven por sexo,3_Demografia_talento,Educación,CSV|JSON,https://datos.comunidad.madrid/catalogo/dataset/1918422
1918421,Esperanza de vida escolar en el sistema educatívo a los 6 años,,Educación,CSV|JSON,https://datos.comunidad.madrid/catalogo/dataset/1918421
1918420,Tasa bruta de población que se gradúa en cada enseñanza/titulación por sexo,3_Demografia_talento,Educación,CSV|JSON,https://datos.comunidad.madrid/catalogo/dataset/1918420
1918400,Abandono educativo temprano por sexo,,Educación,CSV|JSON,https://datos.comunidad.madrid/catalogo/dataset/1918400
1918360,Órganos Judiciales,,Legislación y justicia,CSV|JSON,https://datos.comunidad.madrid/catalogo/dataset/1918360
1918161,Animales sacrificados en mataderos: Bovino (hasta 2023),,Medio Rural,CSV|JSON,https://datos.comunidad.madrid/catalogo/dataset/1918161
1918113,Tasa de paro por grupos de edad y sexo,3_Demografia_talento|4_Empleo_economia,Empleo,CSV|JSON,https://datos.comunidad.madrid/catalogo/dataset/1918113
1918112,Tasa de paro por nacionalidad y sexo,4_Empleo_economia,Empleo,CSV|JSON,https://datos.comunidad.madrid/catalogo/dataset/1918112
1918111,Tasa de empleo por nacionalidad y sexo,4_Empleo_economia,Empleo,CSV|JSON,https://datos.comunidad.madrid/catalogo/dataset/1918111
1918110,Tasa de empleo por grupos de edad y sexo,3_Demografia_talento|4_Empleo_economia,Empleo,CSV|JSON,https://datos.comunidad.madrid/catalogo/dataset/1918110
1918109,Tasa de actividad por nacionalidad y sexo,,Empleo,CSV|JSON,https://datos.comunidad.madrid/catalogo/dataset/1918109
1918108,Tasa de actividad por grupos de edad y sexo,3_Demografia_talento,Empleo,CSV|JSON,https://datos.comunidad.madrid/catalogo/dataset/1918108
1918107,Inactivos por clase principal de inactividad y sexo,,Empleo,CSV|JSON,https://datos.comunidad.madrid/catalogo/dataset/1918107
1918106,Inactivos por grupos de edad y sexo,3_Demografia_talento,Empleo,CSV|JSON,https://datos.comunidad.madrid/catalogo/dataset/1918106
1918105,Parados por nivel de formación alcanzado y sexo,3_Demografia_talento,Empleo,CSV|JSON,https://datos.comunidad.madrid/catalogo/dataset/1918105
1918104,Parados por tiempo de búsqueda de empleo y sexo,4_Empleo_economia,Empleo,CSV|JSON,https://datos.comunidad.madrid/catalogo/dataset/1918104
1918103,Parados por grupos de edad y sexo,3_Demografia_talento,Empleo,CSV|JSON,https://datos.comunidad.madrid/catalogo/dataset/1918103
1918102,Asalariados por sectores económicos y sexo,4_Empleo_economia,Empleo,CSV|JSON,https://datos.comunidad.madrid/catalogo/dataset/1918102
1918101,Asalariados por tipo de contrato y sexo,4_Empleo_economia,Empleo,CSV|JSON,https://datos.comunidad.madrid/catalogo/dataset/1918101
1918100,Asalariados por grupos de edad y sexo,3_Demografia_talento|4_Empleo_economia,Empleo,CSV|JSON,https://datos.comunidad.madrid/catalogo/dataset/1918100
1918099,Ocupados por tipo de jornada y sexo,4_Empleo_economia,Empleo,CSV|JSON,https://datos.comunidad.madrid/catalogo/dataset/1918099
1918098,Ocupados por situación profesional y sexo,4_Empleo_economia,Empleo,CSV|JSON,https://datos.comunidad.madrid/catalogo/dataset/1918098
1918097,Ocupados por sectores económicos y sexo,4_Empleo_economia,Empleo,CSV|JSON,https://datos.comunidad.madrid/catalogo/dataset/1918097
1918096,Ocupados por ocupación y sexo,4_Empleo_economia,Empleo,CSV|JSON,https://datos.comunidad.madrid/catalogo/dataset/1918096
1918095,Ocupados por nivel de formación alcanzado y sexo,3_Demografia_talento|4_Empleo_economia,Empleo,CSV|JSON,https://datos.comunidad.madrid/catalogo/dataset/1918095
1918094,Ocupados por nacionalidad y sexo,4_Empleo_economia,Empleo,CSV|JSON,https://datos.comunidad.madrid/catalogo/dataset/1918094
1918093,Ocupados por grupos de edad y sexo,3_Demografia_talento|4_Empleo_economia,Empleo,CSV|JSON,https://datos.comunidad.madrid/catalogo/dataset/1918093
1918092,Activos por nivel de formación alcanzado y sexo,3_Demografia_talento,Empleo,CSV|JSON,https://datos.comunidad.madrid/catalogo/dataset/1918092
1918091,Activos por nacionalidad y sexo,,Empleo,CSV|JSON,https://datos.comunidad.madrid/catalogo/dataset/1918091
1918090,Activos por grupos de edad y sexo,3_Demografia_talento,Empleo,CSV|JSON,https://datos.comunidad.madrid/catalogo/dataset/1918090
1918089,Población de 16 años y más por nacionalidad y sexo,3_Demografia_talento,Empleo,CSV|JSON,https://datos.comunidad.madrid/catalogo/dataset/1918089
1918088,Población de 16 años y más por sexo,3_Demografia_talento,Empleo,CSV|JSON,https://datos.comunidad.madrid/catalogo/dataset/1918088
1918061,Cuentas regionales de la agricultura: Macromagnitudes agrarias,6_Servicios_entorno,Medio Rural,CSV|JSON,https://datos.comunidad.madrid/catalogo/dataset/1918061
1917983,Viajeros en trenes de media distancia en las principales rutas de origen/destino,,Transporte,CSV|JSON,https://datos.comunidad.madrid/catalogo/dataset/1917983
1917982,Viajeros subidos y bajados en trenes de media distancia por estaciones,,Transporte,CSV|JSON,https://datos.comunidad.madrid/catalogo/dataset/1917982
1917981,Viajeros en servicios comerciales de larga distancia convencional y alta velocidad en las principales rutas de origen/destino,,Transporte,CSV|JSON,https://datos.comunidad.madrid/catalogo/dataset/1917981
1917980,Viajeros subidos y bajados en trenes de larga distancia convencional y alta velocidad comercial por estaciones,,Transporte,CSV|JSON,https://datos.comunidad.madrid/catalogo/dataset/1917980
1917841,Producción estándar total de las explotaciones agrícolas,,Medio Rural,CSV|JSON,https://datos.comunidad.madrid/catalogo/dataset/1917841
1917747,Matrimonios de distinto sexo que fijan su residencia en la Comunidad de Madrid por nacionalidad combinada de los contrayentes,6_Servicios_entorno,Demografía,CSV|JSON,https://datos.comunidad.madrid/catalogo/dataset/1917747
1917742,Nacimientos de madres residentes por grupos de edad,3_Demografia_talento,Demografía,CSV|JSON,https://datos.comunidad.madrid/catalogo/dataset/1917742
1917741,Evolución demográfica de residentes en la Comunidad de Madrid,,Demografía,CSV|JSON,https://datos.comunidad.madrid/catalogo/dataset/1917741
1917740,Evolución demográfica registrada en la Comunidad de Madrid,,Demografía,CSV|JSON,https://datos.comunidad.madrid/catalogo/dataset/1917740
1917700,Centros de servicios sociales por tipología,,Sociedad y bienestar,CSV|JSON,https://datos.comunidad.madrid/catalogo/dataset/1917700
1917403,Separaciones de parejas de diferente sexo por nacionalidad de los cónyuges,,Demografía,CSV|JSON,https://datos.comunidad.madrid/catalogo/dataset/1917403
1917402,Separaciones de parejas de diferente sexo por grupos de edad de los cónyuges,3_Demografia_talento,Demografía,CSV|JSON,https://datos.comunidad.madrid/catalogo/dataset/1917402
1917401,Separaciones matrimoniales por duración del matrimonio y número de hijos de los cónyuges,,Demografía,CSV|JSON,https://datos.comunidad.madrid/catalogo/dataset/1917401
1917400,Separaciones matrimoniales por diversas características,,Demografía,CSV|JSON,https://datos.comunidad.madrid/catalogo/dataset/1917400
1917380,Divorcios de parejas de diferente sexo por grupos de edad de los cónyuges,3_Demografia_talento,Demografía,CSV|JSON,https://datos.comunidad.madrid/catalogo/dataset/1917380
1917379,Divorcios de parejas de diferente sexo por nacionalidad de los cónyuges,,Demografía,CSV|JSON,https://datos.comunidad.madrid/catalogo/dataset/1917379
1917378,Divorcios por número de hijos de los cónyuges,,Demografía,CSV|JSON,https://datos.comunidad.madrid/catalogo/dataset/1917378
1917377,Divorcios por duración del matrimonio,,Demografía,CSV|JSON,https://datos.comunidad.madrid/catalogo/dataset/1917377
1917322,Vertederos por municipios,,Medio ambiente|Urbanismo e infraestructuras,CSV|JSON,https://datos.comunidad.madrid/catalogo/dataset/1917322
1917320,Principales cotas por municipios,,Medio ambiente,CSV|JSON,https://datos.comunidad.madrid/catalogo/dataset/1917320
1917204,Penas a condenados adultos por nacionalidad y por tipo de penas,,Legislación y justicia,CSV|JSON,https://datos.comunidad.madrid/catalogo/dataset/1917204
1917201,Penas a condenados adultos por sexo y por tipo de penas,,Legislación y justicia,CSV|JSON,https://datos.comunidad.madrid/catalogo/dataset/1917201
1917185,Delitos cometidos por adultos por sexo y por nacionalidad,6_Servicios_entorno,Legislación y justicia,CSV|JSON,https://datos.comunidad.madrid/catalogo/dataset/1917185
1917162,Condenados adultos por sexo y número de penas,,Legislación y justicia,CSV|JSON,https://datos.comunidad.madrid/catalogo/dataset/1917162
1917160,"Condenados adultos por sexo, nacionalidad y número de delitos",6_Servicios_entorno,Legislación y justicia,CSV|JSON,https://datos.comunidad.madrid/catalogo/dataset/1917160
1917140,Infracciones penales cometidas por menores por nacionalidad,,Legislación y justicia,CSV|JSON,https://datos.comunidad.madrid/catalogo/dataset/1917140
1917122,Infracciones penales cometidas por menores por edad,3_Demografia_talento,Legislación y justicia,CSV|JSON,https://datos.comunidad.madrid/catalogo/dataset/1917122
1917121,Infracciones penales cometidas por menores por sexo,,Legislación y justicia,CSV|JSON,https://datos.comunidad.madrid/catalogo/dataset/1917121
1917120,Menores condenados por sexo y nacionalidad,,Legislación y justicia,CSV|JSON,https://datos.comunidad.madrid/catalogo/dataset/1917120
1916921,Escuelas de Doctorado por tipo de universidad,,Educación,CSV|JSON,https://datos.comunidad.madrid/catalogo/dataset/1916921
1916920,Universidades por tipo de universidad y naturaleza de impartición de la universidad,,Educación,CSV|JSON,https://datos.comunidad.madrid/catalogo/dataset/1916920
1916888,Cobertura de vacunación,,Salud,CSV|JSON,https://datos.comunidad.madrid/catalogo/dataset/1916888
1916361,Penetración de los medios y consumo promedio diario de radio y televisión,,Cultura y ocio,CSV|JSON,https://datos.comunidad.madrid/catalogo/dataset/1916361
1916343,Tesis doctorales aprobadas por sexo y nacionalidad,,Educación,CSV|JSON,https://datos.comunidad.madrid/catalogo/dataset/1916343
1916340,Tesis doctorales aprobadas por sexo y grupos de edad,3_Demografia_talento,Educación,CSV|JSON,https://datos.comunidad.madrid/catalogo/dataset/1916340
1916320,Ganancia anual de los trabajadores asalariados según tengan o no discapacidad,4_Empleo_economia,Economía,CSV|JSON,https://datos.comunidad.madrid/catalogo/dataset/1916320
1916305,Tasa de riesgo de pobreza  (Base 2013),6_Servicios_entorno,Sociedad y bienestar,CSV|JSON,https://datos.comunidad.madrid/catalogo/dataset/1916305
1916304,"Renta anual neta media por hogar, persona y unidad de consumo (Base 2013)",3_Demografia_talento,Sociedad y bienestar,CSV|JSON,https://datos.comunidad.madrid/catalogo/dataset/1916304
1916200,Trabajadores afectados por expedientes de regulación de empleo autorizados según causa alegada,4_Empleo_economia,Empleo,CSV|JSON,https://datos.comunidad.madrid/catalogo/dataset/1916200
1916160,Gastos de los hogares vinculados al deporte,3_Demografia_talento|6_Servicios_entorno,Deporte,CSV|JSON,https://datos.comunidad.madrid/catalogo/dataset/1916160
1915880,Densidad de edificios. Municipios,,Vivienda,CSV|JSON,https://datos.comunidad.madrid/catalogo/dataset/1915880
1915804,Tasa de migración con el extranjero. Municipios,3_Demografia_talento,,CSV|JSON,https://datos.comunidad.madrid/catalogo/dataset/1915804
1915803,Tasa de migración con el resto de Comunidades Autónomas. Municipios,3_Demografia_talento|4_Empleo_economia,,CSV|JSON,https://datos.comunidad.madrid/catalogo/dataset/1915803
1915754,Población censada ocupada de 16 años y mas: Por tiempo de desplazamiento al lugar de trabajo,3_Demografia_talento|4_Empleo_economia,Demografía,CSV|JSON,https://datos.comunidad.madrid/catalogo/dataset/1915754
1915753,Población censada residente. Por su relación preferente con la actividad,3_Demografia_talento,Demografía,CSV|JSON,https://datos.comunidad.madrid/catalogo/dataset/1915753
1915752,Población censada residente en viviendas familiares: Por superficie útil de la vivienda,2_Inmobiliario_suelo|3_Demografia_talento,Demografía,CSV|JSON,https://datos.comunidad.madrid/catalogo/dataset/1915752
1915751,Población censada residente en viviendas familiares: Por régimen de tenencia,2_Inmobiliario_suelo|3_Demografia_talento,Demografía,CSV|JSON,https://datos.comunidad.madrid/catalogo/dataset/1915751
1915750,Población censada residente en viviendas familiares: Por número de habitaciones,2_Inmobiliario_suelo|3_Demografia_talento,Demografía,CSV|JSON,https://datos.comunidad.madrid/catalogo/dataset/1915750
1915749,Población censada ocupada de 16 años y más: Por ocupación,3_Demografia_talento|4_Empleo_economia,Demografía,CSV|JSON,https://datos.comunidad.madrid/catalogo/dataset/1915749
1915748,Población que cursa algún tipo de estudio por tiempo de desplazamiento,3_Demografia_talento,Demografía,CSV|JSON,https://datos.comunidad.madrid/catalogo/dataset/1915748
1915747,Población censada ocupada de 16 años y más: Por nivel de estudios,3_Demografia_talento|4_Empleo_economia,Demografía,CSV|JSON,https://datos.comunidad.madrid/catalogo/dataset/1915747
1915746,Población censada residente en viviendas principales. Por situación profesional,2_Inmobiliario_suelo|3_Demografia_talento,Demografía,CSV|JSON,https://datos.comunidad.madrid/catalogo/dataset/1915746
1915745,Población en establecimientos colectivos por sexo y nacionalidad,3_Demografia_talento|4_Empleo_economia,Demografía,CSV|JSON,https://datos.comunidad.madrid/catalogo/dataset/1915745
1915744,Población censada residente en establecimientos colectivos por sexo y grupos quinquenales de edad,3_Demografia_talento|4_Empleo_economia,Demografía,CSV|JSON,https://datos.comunidad.madrid/catalogo/dataset/1915744
1915743,Parejas residentes en viviendas principales por diversas características,2_Inmobiliario_suelo,Demografía,CSV|JSON,https://datos.comunidad.madrid/catalogo/dataset/1915743
1915742,Hogares censados por tipo de hogar,3_Demografia_talento,Demografía,CSV|JSON,https://datos.comunidad.madrid/catalogo/dataset/1915742
1915741,Hogares censados por estructura del hogar,3_Demografia_talento,Demografía,CSV|JSON,https://datos.comunidad.madrid/catalogo/dataset/1915741
1915740,Hogares censados por tamaño del hogar,3_Demografia_talento,Demografía,CSV|JSON,https://datos.comunidad.madrid/catalogo/dataset/1915740
1915508,Inmuebles censados: Total. Municipios,2_Inmobiliario_suelo,Vivienda,CSV|JSON,https://datos.comunidad.madrid/catalogo/dataset/1915508
1915506,Edificios censados: Total. Municipios,,Vivienda,CSV|JSON,https://datos.comunidad.madrid/catalogo/dataset/1915506
1915505,Edificios censados destinados principalmente a viviendas por instalaciones del edificio,2_Inmobiliario_suelo,Vivienda,CSV|JSON,https://datos.comunidad.madrid/catalogo/dataset/1915505
1915504,Inmuebles censados por estado del inmueble,2_Inmobiliario_suelo,Vivienda,CSV|JSON,https://datos.comunidad.madrid/catalogo/dataset/1915504
1915503,Inmuebles censados por año de construcción,2_Inmobiliario_suelo,Vivienda,CSV|JSON,https://datos.comunidad.madrid/catalogo/dataset/1915503
1915501,Edificios censados destinados principal o exclusivamente a viviendas por año de construcción,2_Inmobiliario_suelo,Vivienda,CSV|JSON,https://datos.comunidad.madrid/catalogo/dataset/1915501
1915500,Edificios censados destinados principal o exclusivamente a viviendas por estado del edificio,2_Inmobiliario_suelo,Vivienda,CSV|JSON,https://datos.comunidad.madrid/catalogo/dataset/1915500
1915485,Viviendas principales censadas por régimen de tenencia,2_Inmobiliario_suelo,Vivienda,CSV|JSON,https://datos.comunidad.madrid/catalogo/dataset/1915485
1915484,Viviendas principales censadas por instalaciones de la vivienda,2_Inmobiliario_suelo,Vivienda,CSV|JSON,https://datos.comunidad.madrid/catalogo/dataset/1915484
1915483,Viviendas principales censadas por superficie útil de la vivienda,2_Inmobiliario_suelo,Vivienda,CSV|JSON,https://datos.comunidad.madrid/catalogo/dataset/1915483
1915482,Viviendas principales censadas por número de habitaciones,2_Inmobiliario_suelo,Vivienda,CSV|JSON,https://datos.comunidad.madrid/catalogo/dataset/1915482
1915481,Viviendas censadas por tipo de vivienda y año de construcción,2_Inmobiliario_suelo,Vivienda,CSV|JSON,https://datos.comunidad.madrid/catalogo/dataset/1915481
1914760,Deportistas participantes y medallas obtenidas en los Campeonatos de España en edad escolar y universitarios,3_Demografia_talento,Deporte,CSV|JSON,https://datos.comunidad.madrid/catalogo/dataset/1914760
1914702,Gasto total y gasto medio de los hogares por nivel de ingresos del hogar (Base 2006),3_Demografia_talento,,CSV|JSON,https://datos.comunidad.madrid/catalogo/dataset/1914702
1914701,Gasto total y gasto medio de los hogares por principal fuente de ingresos del hogar (Base 2006),3_Demografia_talento,,CSV|JSON,https://datos.comunidad.madrid/catalogo/dataset/1914701
1914700,Gasto total y gasto medio de los hogares por situación de actividad del sustentador principal (Base 2006),3_Demografia_talento,,CSV|JSON,https://datos.comunidad.madrid/catalogo/dataset/1914700
1914699,Gasto total y gasto medio de los hogares por composición del hogar (Base 2006),3_Demografia_talento,,CSV|JSON,https://datos.comunidad.madrid/catalogo/dataset/1914699
1914692,"TIC en los hogares. Niños de 10 a 15 años por sexo, tamaño del hogar y tipo de uso de TIC",3_Demografia_talento,Ciencia y tecnología|Sociedad y bienestar,CSV|JSON,https://datos.comunidad.madrid/catalogo/dataset/1914692
1914681,TIC en los hogares. Viviendas principales por tamaño del hogar y tipo de equipamiento,2_Inmobiliario_suelo|3_Demografia_talento,Ciencia y tecnología|Sociedad y bienestar,CSV|JSON,https://datos.comunidad.madrid/catalogo/dataset/1914681
1914621,Contratos administrativos de la Comunidad Autónoma por formas de adjudicación,4_Empleo_economia,Sector público,CSV|JSON,https://datos.comunidad.madrid/catalogo/dataset/1914621
1914602,Personas con deficiencias residentes en centros por tipo de deficiencia,,Sociedad y bienestar,CSV|JSON,https://datos.comunidad.madrid/catalogo/dataset/1914602
1914601,Personas con discapacidad residentes en centros por sexo y grupos de edad,3_Demografia_talento,Sociedad y bienestar,CSV|JSON,https://datos.comunidad.madrid/catalogo/dataset/1914601
1914600,Personas con discapacidad residentes en centros por tipo de discapacidad,,Sociedad y bienestar,CSV|JSON,https://datos.comunidad.madrid/catalogo/dataset/1914600
1914585,Indicadores de gasto,,Salud,CSV|JSON,https://datos.comunidad.madrid/catalogo/dataset/1914585
1914583,Indicadores de actividad diagnóstica y quirúrgica,,Salud,CSV|JSON,https://datos.comunidad.madrid/catalogo/dataset/1914583
1914582,Consultas por especialidad,,Salud,CSV|JSON,https://datos.comunidad.madrid/catalogo/dataset/1914582
1914581,Resto de personal sanitario y no sanitario por especialidad,6_Servicios_entorno,Salud,CSV|JSON,https://datos.comunidad.madrid/catalogo/dataset/1914581
1914520,Superficie de cultivos y aprovechamientos de agricultura ecológica,6_Servicios_entorno,Medio Rural,CSV|JSON,https://datos.comunidad.madrid/catalogo/dataset/1914520
1914500,Plan alquila. Bolsa de vivienda joven,2_Inmobiliario_suelo,Cultura y ocio,CSV|JSON,https://datos.comunidad.madrid/catalogo/dataset/1914500
1914440,Migraciones con destino la Comunidad Autónoma y procedencia otra Comunidad Autónoma,3_Demografia_talento|4_Empleo_economia,,CSV|JSON,https://datos.comunidad.madrid/catalogo/dataset/1914440
1914361,Beneficiarios y prestaciones del sistema para la autonomía y atención a la dependencia,4_Empleo_economia,Sociedad y bienestar,CSV|JSON,https://datos.comunidad.madrid/catalogo/dataset/1914361
1914360,Solicitudes y resoluciones del sistema para la autonomía y atención a la dependencia,4_Empleo_economia,Sociedad y bienestar,CSV|JSON,https://datos.comunidad.madrid/catalogo/dataset/1914360
1914241,Ganancia por hora normal de trabajo por sexo y tipo de contrato,4_Empleo_economia,Economía,CSV|JSON,https://datos.comunidad.madrid/catalogo/dataset/1914241
1914240,Ganancia por hora normal de trabajo por sexo y sectores de actividad,4_Empleo_economia,Economía,CSV|JSON,https://datos.comunidad.madrid/catalogo/dataset/1914240
1914231,Pluriempleo. Afiliaciones por grupo de cotización,4_Empleo_economia,Empleo,CSV|JSON,https://datos.comunidad.madrid/catalogo/dataset/1914231
1914230,Pluriempleo. Afiliaciones por estrato de empleo,4_Empleo_economia,Empleo,CSV|JSON,https://datos.comunidad.madrid/catalogo/dataset/1914230
1914229,Pluriempleo. Afiliaciones por tipo de jornada,4_Empleo_economia,Empleo,CSV|JSON,https://datos.comunidad.madrid/catalogo/dataset/1914229
1914228,Pluriempleo. Afiliaciones por tipo de contrato,4_Empleo_economia,Empleo,CSV|JSON,https://datos.comunidad.madrid/catalogo/dataset/1914228
1914224,Pluriempleados por estrato de edad,3_Demografia_talento,Empleo,CSV|JSON,https://datos.comunidad.madrid/catalogo/dataset/1914224
1914223,Pluriempleados por nacionalidad,,Empleo,CSV|JSON,https://datos.comunidad.madrid/catalogo/dataset/1914223
1914222,Pluriempleados por sexo,,Empleo,CSV|JSON,https://datos.comunidad.madrid/catalogo/dataset/1914222
1914132,Violencia de género: Medidas cautelares dictadas sobre el denunciado por tipo de medida,,Legislación y justicia|Sociedad y bienestar,CSV|JSON,https://datos.comunidad.madrid/catalogo/dataset/1914132
1914131,Violencia de género: Infracciones penales imputadas al denunciado por tipo de infracción,,Legislación y justicia|Sociedad y bienestar,CSV|JSON,https://datos.comunidad.madrid/catalogo/dataset/1914131
1914130,Violencia de género: Denunciados por edad y lugar de nacimiento,3_Demografia_talento,Legislación y justicia|Sociedad y bienestar,CSV|JSON,https://datos.comunidad.madrid/catalogo/dataset/1914130
1914129,Violencia de género: Víctimas por diversas características,,Legislación y justicia|Sociedad y bienestar,CSV|JSON,https://datos.comunidad.madrid/catalogo/dataset/1914129
1914126,Violencia doméstica: Infracciones penales imputadas por tipo de infracción,,Legislación y justicia,CSV|JSON,https://datos.comunidad.madrid/catalogo/dataset/1914126
1914124,Violencia doméstica: Personas denunciadas por sexo y lugar de nacimiento,3_Demografia_talento,Legislación y justicia,CSV|JSON,https://datos.comunidad.madrid/catalogo/dataset/1914124
1914123,Violencia doméstica: Personas denunciadas por sexo y grupo de edad,3_Demografia_talento,Legislación y justicia,CSV|JSON,https://datos.comunidad.madrid/catalogo/dataset/1914123
1914122,Violencia doméstica: Víctimas por sexo y lugar de nacimiento,3_Demografia_talento,Legislación y justicia,CSV|JSON,https://datos.comunidad.madrid/catalogo/dataset/1914122
1914121,Violencia doméstica: Víctimas por sexo y grupo de edad,3_Demografia_talento,Legislación y justicia,CSV|JSON,https://datos.comunidad.madrid/catalogo/dataset/1914121
1914062,Programa de actividades e instalaciones juveniles,,Cultura y ocio,CSV|JSON,https://datos.comunidad.madrid/catalogo/dataset/1914062
1914061,Programas europeos Erasmus+ y Cuerpo Europeo de Solidaridad,,Cultura y ocio,CSV|JSON,https://datos.comunidad.madrid/catalogo/dataset/1914061
1914060,Servicios para jóvenes a través de Carné Joven,,Cultura y ocio,CSV|JSON,https://datos.comunidad.madrid/catalogo/dataset/1914060
1914024,Autónomos por rama de actividad,4_Empleo_economia,Empleo,CSV|JSON,https://datos.comunidad.madrid/catalogo/dataset/1914024
1914022,Autónomos por estrato de edad,3_Demografia_talento|4_Empleo_economia,Empleo,CSV|JSON,https://datos.comunidad.madrid/catalogo/dataset/1914022
1914021,Autónomos por nacionalidad,4_Empleo_economia,Empleo,CSV|JSON,https://datos.comunidad.madrid/catalogo/dataset/1914021
1913962,Utilización de servicios asistenciales domiciliarios de la población de 65 años y más en los últimos 12 meses por sexo,3_Demografia_talento,Salud,CSV|JSON,https://datos.comunidad.madrid/catalogo/dataset/1913962
1913961,Salud mental de la población infantil y adulta por sexo,3_Demografia_talento,Salud,CSV|JSON,https://datos.comunidad.madrid/catalogo/dataset/1913961
1913860,Archivos totales por titularidad,,Cultura y ocio,CSV|JSON,https://datos.comunidad.madrid/catalogo/dataset/1913860
1913734,"Infectados por VIH por sexo, edad de diagnóstico y forma de transmisión según año de diagnóstico. Prisión",3_Demografia_talento,Salud,CSV|JSON,https://datos.comunidad.madrid/catalogo/dataset/1913734
1913728,"Infectados por VIH por sexo, edad de diagnóstico y forma de transmisión según año de diagnóstico. Centro de acogida",3_Demografia_talento,Salud,CSV|JSON,https://datos.comunidad.madrid/catalogo/dataset/1913728
1913661,Abortos voluntarios por nivel de estudios,3_Demografia_talento,Salud,CSV|JSON,https://datos.comunidad.madrid/catalogo/dataset/1913661
1913660,"Abortos voluntarios por el método de la intervención (Ley Orgánica 2/2010, de 3 de marzo)",,Salud,CSV|JSON,https://datos.comunidad.madrid/catalogo/dataset/1913660
1913600,"Infectados por VIH por sexo, edad de diagnóstico y forma de transmisión según año de diagnóstico",3_Demografia_talento,Salud,CSV|JSON,https://datos.comunidad.madrid/catalogo/dataset/1913600
1913584,Entidades pagadoras  por tipo de entidad,,Economía,CSV|JSON,https://datos.comunidad.madrid/catalogo/dataset/1913584
1913442,Créditos concedidos de las entidades de crédito,,Economía,CSV|JSON,https://datos.comunidad.madrid/catalogo/dataset/1913442
1913441,Depósitos de las entidades de crédito,,Economía,CSV|JSON,https://datos.comunidad.madrid/catalogo/dataset/1913441
1913440,Entidades de créditos por tipología,,Economía,CSV|JSON,https://datos.comunidad.madrid/catalogo/dataset/1913440
1913261,Alumnos no universitarios matriculados en escuelas municipales de Danza. Municipios,3_Demografia_talento,Educación,CSV|JSON,https://datos.comunidad.madrid/catalogo/dataset/1913261
1913260,Alumnos no universitarios matriculados en escuelas municipales de Música. Municipios,3_Demografia_talento,Educación,CSV|JSON,https://datos.comunidad.madrid/catalogo/dataset/1913260
1913242,Composición del salario bruto anual,4_Empleo_economia,Empleo,CSV|JSON,https://datos.comunidad.madrid/catalogo/dataset/1913242
1913125,Industria extractiva. Inversiones realizadas,,Industria,CSV|JSON,https://datos.comunidad.madrid/catalogo/dataset/1913125
1913040,Superficie de terreno forestal por tipo de propiedad,3_Demografia_talento,Medio ambiente,CSV|JSON,https://datos.comunidad.madrid/catalogo/dataset/1913040
1912970,Dinámica de la ocupación por rama de actividad,,Empleo,CSV|JSON,https://datos.comunidad.madrid/catalogo/dataset/1912970
1912968,Dinámica de la ocupación por estrato de edad,3_Demografia_talento,Empleo,CSV|JSON,https://datos.comunidad.madrid/catalogo/dataset/1912968
1912966,Dinámica de la ocupación por tipo de contrato,4_Empleo_economia,Empleo,CSV|JSON,https://datos.comunidad.madrid/catalogo/dataset/1912966
1912964,Dinámica de la ocupación por estrato de empleo,4_Empleo_economia,Empleo,CSV|JSON,https://datos.comunidad.madrid/catalogo/dataset/1912964
1912963,Dinámica de la ocupación por nacionalidad,,Empleo,CSV|JSON,https://datos.comunidad.madrid/catalogo/dataset/1912963
1912962,Dinámica de la ocupación por sexo,,Empleo,CSV|JSON,https://datos.comunidad.madrid/catalogo/dataset/1912962
1912951,"Documentación notarial. Créditos, préstamos y garantías hipotecarias. Municipios",,Legislación y justicia,CSV|JSON,https://datos.comunidad.madrid/catalogo/dataset/1912951
1912947,"Documentación notarial. Pactos acumulables a negocios jurídicos principales, independientes o no. Municipios",,Legislación y justicia,CSV|JSON,https://datos.comunidad.madrid/catalogo/dataset/1912947
1912880,Afiliados al régimen general con grado de discapacidad reconocido por diversas caractéristicas (R6),4_Empleo_economia,Empleo,CSV|JSON,https://datos.comunidad.madrid/catalogo/dataset/1912880
1912825,Censo de maquinaria agrícola automotriz,3_Demografia_talento,Medio Rural,CSV|JSON,https://datos.comunidad.madrid/catalogo/dataset/1912825
1912824,Inscripciones de maquinaria agrícola,,Medio Rural,CSV|JSON,https://datos.comunidad.madrid/catalogo/dataset/1912824
1912749,Indicadores de frecuentación y de hospitalización,6_Servicios_entorno,Salud,CSV|JSON,https://datos.comunidad.madrid/catalogo/dataset/1912749
1912744,Hospitales y datos asistenciales,6_Servicios_entorno,Salud,CSV|JSON,https://datos.comunidad.madrid/catalogo/dataset/1912744
1912720,Dotación de camas por dependencia,,Salud,CSV|JSON,https://datos.comunidad.madrid/catalogo/dataset/1912720
1912645,Hogares por régimen de tenencia de la vivienda (Base 2013),2_Inmobiliario_suelo|3_Demografia_talento,Sociedad y bienestar,CSV|JSON,https://datos.comunidad.madrid/catalogo/dataset/1912645
1912643,Dificultades para llegar a fin de mes (Base 2013),,Sociedad y bienestar,CSV|JSON,https://datos.comunidad.madrid/catalogo/dataset/1912643
1912480,Españoles residentes en el extranjero retornados,,Demografía,CSV|JSON,https://datos.comunidad.madrid/catalogo/dataset/1912480
1912009,Unidades de Trabajo Año (UTA) en las explotaciones agrícolas por tipo de trabajo,4_Empleo_economia,Medio Rural,CSV|JSON,https://datos.comunidad.madrid/catalogo/dataset/1912009
1912008,Explotaciones de regadío por procedencia del agua de riego,6_Servicios_entorno,Medio Rural,CSV|JSON,https://datos.comunidad.madrid/catalogo/dataset/1912008
1912007,Actividades complementarias de las explotaciones agrícolas,,Medio Rural,CSV|JSON,https://datos.comunidad.madrid/catalogo/dataset/1912007
1912006,Estabulación de gallinas ponedoras,,Medio Rural,CSV|JSON,https://datos.comunidad.madrid/catalogo/dataset/1912006
1912005,Estabulación del ganado porcino,,Medio Rural,CSV|JSON,https://datos.comunidad.madrid/catalogo/dataset/1912005
1912003,Estabulación del ganado bovino,,Medio Rural,CSV|JSON,https://datos.comunidad.madrid/catalogo/dataset/1912003
1912002,Explotaciones de hervíboros,,Medio Rural,CSV|JSON,https://datos.comunidad.madrid/catalogo/dataset/1912002
1912001,Hábitos y prácticas culturales. Lectura y Bibliotecas,6_Servicios_entorno,Cultura y ocio,CSV|JSON,https://datos.comunidad.madrid/catalogo/dataset/1912001
1911907,Superficie de agricultura ecológica certificada,6_Servicios_entorno,Medio Rural,CSV|JSON,https://datos.comunidad.madrid/catalogo/dataset/1911907
1911906,Explotaciones de agricultura ecológica certificada,6_Servicios_entorno,Medio Rural,CSV|JSON,https://datos.comunidad.madrid/catalogo/dataset/1911906
1911759,Índice de Precios de Consumo. Vivienda en alquiler (Base 2011),2_Inmobiliario_suelo,Vivienda,CSV|JSON,https://datos.comunidad.madrid/catalogo/dataset/1911759
1911323,Empresa municipal de transporte de Madrid. Cuenta de Pérdidas y Ganancias,4_Empleo_economia|5_Conectividad_movilidad,Transporte,CSV|JSON,https://datos.comunidad.madrid/catalogo/dataset/1911323
1910941,Matrimonios de distinto sexo que han fijado su residencia en la Comunidad de Madrid por nacionalidad del cónyuge,6_Servicios_entorno,Demografía,CSV|JSON,https://datos.comunidad.madrid/catalogo/dataset/1910941
1910403,"Fondo de garantía salarial. Empresas afectadas, trabajadores e importe de las prestaciones",4_Empleo_economia,Empleo,CSV|JSON,https://datos.comunidad.madrid/catalogo/dataset/1910403
1909925,Valoración del estado de salud de la población percibido por sexo,3_Demografia_talento,Salud,CSV|JSON,https://datos.comunidad.madrid/catalogo/dataset/1909925
1909924,Salud mental de la población por sexo,3_Demografia_talento,Salud,CSV|JSON,https://datos.comunidad.madrid/catalogo/dataset/1909924
1909923,Limitación en la movilidad por sexo,,Salud,CSV|JSON,https://datos.comunidad.madrid/catalogo/dataset/1909923
1909922,Personas con limitación auditiva por sexo,,Salud,CSV|JSON,https://datos.comunidad.madrid/catalogo/dataset/1909922
1909920,Limitación para las actividades de la vida cotidiana en los últimos 6 meses debido a un problema de salud por sexo,,Salud,CSV|JSON,https://datos.comunidad.madrid/catalogo/dataset/1909920
1909852,Cigarrillos consumidos por los fumadores diarios por sexo,,Salud,CSV|JSON,https://datos.comunidad.madrid/catalogo/dataset/1909852
1909851,Consumo de tabaco por sexo,,Salud,CSV|JSON,https://datos.comunidad.madrid/catalogo/dataset/1909851
1909847,Índice de masa corporal de la población adulta por sexo,3_Demografia_talento,Salud,CSV|JSON,https://datos.comunidad.madrid/catalogo/dataset/1909847
1909840,Consumo de drogas durante los últimos 12 meses por sexo,,Salud,CSV|JSON,https://datos.comunidad.madrid/catalogo/dataset/1909840
1909403,Grado de dolor o molestia física de la población durante las últimas 4 semanas por sexo,3_Demografia_talento,Salud,CSV|JSON,https://datos.comunidad.madrid/catalogo/dataset/1909403
1909402,Personas con alguna enfermedad o problema de salud crónicos o de larga evolución por sexo,3_Demografia_talento,Salud,CSV|JSON,https://datos.comunidad.madrid/catalogo/dataset/1909402
1909394,Consumo de bebidas alcohólicas en los últimos 12 meses por sexo,,Salud,CSV|JSON,https://datos.comunidad.madrid/catalogo/dataset/1909394
1909393,Actividad física realizada durante los últimos 7 días por sexo,,Salud,CSV|JSON,https://datos.comunidad.madrid/catalogo/dataset/1909393
1909386,Valor tasado de la vivienda (Base 2005),2_Inmobiliario_suelo,Vivienda,CSV|JSON,https://datos.comunidad.madrid/catalogo/dataset/1909386
1909345,Hospitalización y duración media de los ingresos hospitalarios en los últimos 12 meses por sexo,6_Servicios_entorno,Salud,CSV|JSON,https://datos.comunidad.madrid/catalogo/dataset/1909345
1909344,"Gasto en consultas a médicos, atención dental y medicamentos recetados por sexo",,Salud,CSV|JSON,https://datos.comunidad.madrid/catalogo/dataset/1909344
1909343,Consumo de medicamentos recetados y no recetados en las últimas 2 semanas por sexo,,Salud,CSV|JSON,https://datos.comunidad.madrid/catalogo/dataset/1909343
1909301,Indicadores de atención primaria del Servicio Madrileño de Salud: Consultas,,Salud,CSV|JSON,https://datos.comunidad.madrid/catalogo/dataset/1909301
1908961,Inversión española en el extranjero,,Comercio,CSV|JSON,https://datos.comunidad.madrid/catalogo/dataset/1908961
1908960,Inversión extranjera,,Comercio,CSV|JSON,https://datos.comunidad.madrid/catalogo/dataset/1908960
1908745,Total tráfico de aeronaves civiles por aeropuerto y clase de vuelo,5_Conectividad_movilidad,Transporte,CSV|JSON,https://datos.comunidad.madrid/catalogo/dataset/1908745
1908740,Total tráfico de mercancías por aeropuerto,5_Conectividad_movilidad,Transporte,CSV|JSON,https://datos.comunidad.madrid/catalogo/dataset/1908740
1908580,Importe del consumo energético por producto consumido,6_Servicios_entorno,Comercio|Energía,CSV|JSON,https://datos.comunidad.madrid/catalogo/dataset/1908580
1908260,Contratos registrados a extranjeros por sector de actividad,4_Empleo_economia,Empleo,CSV|JSON,https://datos.comunidad.madrid/catalogo/dataset/1908260
1908151,T-km del transporte interior intermunicipal intrarregional de mercancías por carretera por clase de mercancía transportada,5_Conectividad_movilidad,Transporte,CSV|JSON,https://datos.comunidad.madrid/catalogo/dataset/1908151
1908150,T-km del transporte interior intramunicipal de mercancías por carretera por clase de mercancía transportada,5_Conectividad_movilidad,Transporte,CSV|JSON,https://datos.comunidad.madrid/catalogo/dataset/1908150
1908149,T-km del transporte interior de mercancías por carretera por tipo de desplazamiento y clase de mercancía transportada,5_Conectividad_movilidad,Transporte,CSV|JSON,https://datos.comunidad.madrid/catalogo/dataset/1908149
1908148,Total t-km del transporte interior de mercancías por carretera por tipo de desplazamiento,5_Conectividad_movilidad,Transporte,CSV|JSON,https://datos.comunidad.madrid/catalogo/dataset/1908148
1908147,Toneladas del transporte interior interregional de mercancías por carretera por clase de mercancía transportada,5_Conectividad_movilidad,Transporte,CSV|JSON,https://datos.comunidad.madrid/catalogo/dataset/1908147
1908146,Toneladas del transporte interior intermunicipal intrarregional de mercancías por carretera por clase de mercancía transportada,5_Conectividad_movilidad,Transporte,CSV|JSON,https://datos.comunidad.madrid/catalogo/dataset/1908146
1908145,Toneladas del transporte interior intramunicipal de mercancías por carretera por clase de mercancía transportada,5_Conectividad_movilidad,Transporte,CSV|JSON,https://datos.comunidad.madrid/catalogo/dataset/1908145
1908144,Toneladas del transporte interior de mercancías por carretera por tipo de desplazamiento y clase de mercancía transportada,5_Conectividad_movilidad,Transporte,CSV|JSON,https://datos.comunidad.madrid/catalogo/dataset/1908144
1908143,Toneladas del transporte interior de mercancías por carretera por tipo de desplazamiento,5_Conectividad_movilidad,Transporte,CSV|JSON,https://datos.comunidad.madrid/catalogo/dataset/1908143
1908142,Operaciones del transporte interior interrregional de mercancías por carretera por clase de mercancía transportada,5_Conectividad_movilidad,Transporte,CSV|JSON,https://datos.comunidad.madrid/catalogo/dataset/1908142
1908141,Operaciones del transporte interior intermunicipal intrarregional de mercancías por carretera por clase de mercancía transportada,5_Conectividad_movilidad,Transporte,CSV|JSON,https://datos.comunidad.madrid/catalogo/dataset/1908141
1908140,Operaciones del transporte interior intramunicipal de mercancías por carretera por clase de mercancía transportada,5_Conectividad_movilidad,Transporte,CSV|JSON,https://datos.comunidad.madrid/catalogo/dataset/1908140
1908121,Operaciones del transporte interior de mercancías por carretera por clase de mercancía transportada,5_Conectividad_movilidad,Transporte,CSV|JSON,https://datos.comunidad.madrid/catalogo/dataset/1908121
1908120,Operaciones del transporte interior de mercancías por carretera por tipo de desplazamiento,5_Conectividad_movilidad,Transporte,CSV|JSON,https://datos.comunidad.madrid/catalogo/dataset/1908120
1908081,Ratios del Metro de Madrid,5_Conectividad_movilidad,Transporte,CSV|JSON,https://datos.comunidad.madrid/catalogo/dataset/1908081
1908061,Accidentes de circulación con víctimas por ubicación y resultado del accidente,,Transporte,CSV|JSON,https://datos.comunidad.madrid/catalogo/dataset/1908061
1907961,Empresas autorizadas para el transporte de mercancías por carretera por tipo de transporte y ámbito,4_Empleo_economia|5_Conectividad_movilidad,Transporte,CSV|JSON,https://datos.comunidad.madrid/catalogo/dataset/1907961
1907700,Entidades pagadoras por sectores,,Economía,CSV|JSON,https://datos.comunidad.madrid/catalogo/dataset/1907700
1907500,Formación dirigida prioritariamente a trabajadores desempleados por sexo y edad,3_Demografia_talento,Educación|Empleo,CSV|JSON,https://datos.comunidad.madrid/catalogo/dataset/1907500
1907480,Formación dirigida prioritariamente a trabajadores desempleados por situación y nivel de estudios,3_Demografia_talento,Educación|Empleo,CSV|JSON,https://datos.comunidad.madrid/catalogo/dataset/1907480
1907300,Investigación y Desarrollo. Total personal,,Ciencia y tecnología,CSV|JSON,https://datos.comunidad.madrid/catalogo/dataset/1907300
1907183,Beneficiarios e importe del complemento en las pensiones no contributivas para el alquiler de vivienda por clase,1_Ayudas_fiscalidad|2_Inmobiliario_suelo,Sociedad y bienestar,CSV|JSON,https://datos.comunidad.madrid/catalogo/dataset/1907183
1907161,Excedencias por cuidado familiar,,Sociedad y bienestar,CSV|JSON,https://datos.comunidad.madrid/catalogo/dataset/1907161
1907160,Beneficiarios de prestaciones familiares de pago único,,Sociedad y bienestar,CSV|JSON,https://datos.comunidad.madrid/catalogo/dataset/1907160
1907021,Autorizaciones de trabajo concedidas a extranjeros por sector de actividad,4_Empleo_economia,Empleo,CSV|JSON,https://datos.comunidad.madrid/catalogo/dataset/1907021
1906982,Retenciones por la naturaleza de las retribuciones,,Economía,CSV|JSON,https://datos.comunidad.madrid/catalogo/dataset/1906982
1906981,Retribuciones totales por la naturaleza de sus retribuciones,,Economía,CSV|JSON,https://datos.comunidad.madrid/catalogo/dataset/1906981
1906980,Tipos de retención por la naturaleza de las retribuciones,,Economía,CSV|JSON,https://datos.comunidad.madrid/catalogo/dataset/1906980
1906660,Accidentes de trabajo por sectores de actividad,4_Empleo_economia,Empleo|Salud,CSV|JSON,https://datos.comunidad.madrid/catalogo/dataset/1906660
1906601,Consumo de energía eléctrica por usos,6_Servicios_entorno,Energía,CSV|JSON,https://datos.comunidad.madrid/catalogo/dataset/1906601
1906600,Consumo de energía eléctrica por sectores económicos,6_Servicios_entorno,Energía,CSV|JSON,https://datos.comunidad.madrid/catalogo/dataset/1906600
1906585,Explotaciones de apicultura y colmenas de ganadería ecológica,6_Servicios_entorno,Medio Rural,CSV|JSON,https://datos.comunidad.madrid/catalogo/dataset/1906585
1906584,Cabezas de ganado en explotaciones de ganadería ecológica,,Medio Rural,CSV|JSON,https://datos.comunidad.madrid/catalogo/dataset/1906584
1906583,Explotaciones ganaderas ecológicas,,Medio Rural,CSV|JSON,https://datos.comunidad.madrid/catalogo/dataset/1906583
1906582,Empresas industriales de agricultura ecológica: Producción animal,4_Empleo_economia|6_Servicios_entorno,Medio Rural,CSV|JSON,https://datos.comunidad.madrid/catalogo/dataset/1906582
1906581,Empresas industriales de agricultura ecológica: Producción vegetal,4_Empleo_economia|6_Servicios_entorno,Medio Rural,CSV|JSON,https://datos.comunidad.madrid/catalogo/dataset/1906581
1906580,Empresas de agricultura ecológica: Total,4_Empleo_economia|6_Servicios_entorno,Medio Rural,CSV|JSON,https://datos.comunidad.madrid/catalogo/dataset/1906580
1906542,Residuos recuperados en plantas de clasificación y triaje,6_Servicios_entorno,Medio ambiente,CSV|JSON,https://datos.comunidad.madrid/catalogo/dataset/1906542
1906541,Residuos recuperados en puntos limpios,6_Servicios_entorno,Medio ambiente,CSV|JSON,https://datos.comunidad.madrid/catalogo/dataset/1906541
1906502,Gastos internos y personal en I+D en biotecnología. Resto de sectores,,Ciencia y tecnología,CSV|JSON,https://datos.comunidad.madrid/catalogo/dataset/1906502
1906501,Gastos internos y personal en I+D en biotecnología. Sector empresas,4_Empleo_economia,Ciencia y tecnología,CSV|JSON,https://datos.comunidad.madrid/catalogo/dataset/1906501
1906500,Gastos internos y personal en I+D en biotecnología. Total sectores,,Ciencia y tecnología,CSV|JSON,https://datos.comunidad.madrid/catalogo/dataset/1906500
1906466,"Ganancia media anual por actividad, nacionalidad y sexo",,Economía,CSV|JSON,https://datos.comunidad.madrid/catalogo/dataset/1906466
1906302,Zonas de especial de conservación de la Comunidad de Madrid,,Medio ambiente,CSV|JSON,https://datos.comunidad.madrid/catalogo/dataset/1906302
1906301,Zonas de especial protección para las aves (ZEPA),,Medio ambiente,CSV|JSON,https://datos.comunidad.madrid/catalogo/dataset/1906301
1906200,Cinematografía. Espectadores,,Cultura y ocio,CSV|JSON,https://datos.comunidad.madrid/catalogo/dataset/1906200
1906160,Intensidad media diaria de vehículos en las carreteras,5_Conectividad_movilidad,Transporte,CSV|JSON,https://datos.comunidad.madrid/catalogo/dataset/1906160
1906000,Volumen de agua suministrada a la red,6_Servicios_entorno,Urbanismo e infraestructuras,CSV|JSON,https://datos.comunidad.madrid/catalogo/dataset/1906000
1905984,Días de duración de las bajas de accidentes de trabajo,4_Empleo_economia,Empleo|Salud,CSV|JSON,https://datos.comunidad.madrid/catalogo/dataset/1905984
1905483,Inscripciones de derecho de propiedad intelectual,3_Demografia_talento,Cultura y ocio|Legislación y justicia,CSV|JSON,https://datos.comunidad.madrid/catalogo/dataset/1905483
1905482,Gastos liquidados por la Administración Autonómica en cultura,6_Servicios_entorno,Cultura y ocio,CSV|JSON,https://datos.comunidad.madrid/catalogo/dataset/1905482
1905480,"Cinematografía. Recaudación, gasto medio por espectador y gasto medio por habitante",1_Ayudas_fiscalidad,Cultura y ocio,CSV|JSON,https://datos.comunidad.madrid/catalogo/dataset/1905480
1904860,Importe de las ayudas para compra de libros y material escolar,1_Ayudas_fiscalidad,Educación,CSV|JSON,https://datos.comunidad.madrid/catalogo/dataset/1904860
1904660,Condenados adultos por sexo y edad,3_Demografia_talento,Legislación y justicia,CSV|JSON,https://datos.comunidad.madrid/catalogo/dataset/1904660
1904582,Gasto sanitario público. Clasificación por conceptos de la Cuenta Satélite (principio de devengo),6_Servicios_entorno,Salud,CSV|JSON,https://datos.comunidad.madrid/catalogo/dataset/1904582
1904581,Gasto sanitario público. Clasificación Funcional  (principio de devengo),6_Servicios_entorno,Salud,CSV|JSON,https://datos.comunidad.madrid/catalogo/dataset/1904581
1904562,Indicadores sobre el agua,6_Servicios_entorno,Medio ambiente|Urbanismo e infraestructuras,CSV|JSON,https://datos.comunidad.madrid/catalogo/dataset/1904562
1904561,Indicadores sobre aguas residuales,6_Servicios_entorno,Medio ambiente|Urbanismo e infraestructuras,CSV|JSON,https://datos.comunidad.madrid/catalogo/dataset/1904561
1904441,Manifestaciones,,Sociedad y bienestar,CSV|JSON,https://datos.comunidad.madrid/catalogo/dataset/1904441
1904163,Transmisiones de derechos de la propiedad,3_Demografia_talento,Vivienda,CSV|JSON,https://datos.comunidad.madrid/catalogo/dataset/1904163
1904162,Profesores en centros escolares de educación de adultos,3_Demografia_talento,Educación,CSV|JSON,https://datos.comunidad.madrid/catalogo/dataset/1904162
1904060,Centros no universitarios del régimen general por 10.000 habitantes. Municipios,3_Demografia_talento,Educación,CSV|JSON,https://datos.comunidad.madrid/catalogo/dataset/1904060
1903760,Centros escolares con servicios complementarios por titularidad del centro,,Educación,CSV|JSON,https://datos.comunidad.madrid/catalogo/dataset/1903760
1903749,Alumnos matriculados en educación especial específica por titularidad del centro,3_Demografia_talento,,CSV|JSON,https://datos.comunidad.madrid/catalogo/dataset/1903749
1903682,Índice de Precios de Vivienda (IPV) (Base 2007),2_Inmobiliario_suelo,Vivienda,CSV|JSON,https://datos.comunidad.madrid/catalogo/dataset/1903682
1903588,Alumnos matriculados en Ciclos Formativos de grado superior que terminaron sus estudios por titularidad del centro y sexo,3_Demografia_talento,Educación,CSV|JSON,https://datos.comunidad.madrid/catalogo/dataset/1903588
1903580,Alumnos matriculados en Ciclos Formativos de grado medio por lengua extranjera que cursan y titularidad del centro,3_Demografia_talento,Educación,CSV|JSON,https://datos.comunidad.madrid/catalogo/dataset/1903580
1903222,Violencia contra la mujer. Medidas judiciales de protección penales y civiles,,Legislación y justicia|Sociedad y bienestar,CSV|JSON,https://datos.comunidad.madrid/catalogo/dataset/1903222
1903221,"Violencia contra la mujer. Órdenes de protección, víctimas y denunciados por sexo y nacionalidad",,Legislación y justicia|Sociedad y bienestar,CSV|JSON,https://datos.comunidad.madrid/catalogo/dataset/1903221
1903220,Violencia contra la mujer. Mujeres que han sufrido malos tratos por diversas características,,Legislación y justicia|Sociedad y bienestar,CSV|JSON,https://datos.comunidad.madrid/catalogo/dataset/1903220
1903140,"Casos de SIDA por sexo, edad, forma de transmisión y año de diagnóstico. Prisión",3_Demografia_talento,Salud,CSV|JSON,https://datos.comunidad.madrid/catalogo/dataset/1903140
1903139,"Casos de SIDA por sexo, edad, forma de transmisión y año de diagnóstico. Centro de acogida",3_Demografia_talento,Salud,CSV|JSON,https://datos.comunidad.madrid/catalogo/dataset/1903139
1902803,Explotaciones agrícolas por Orientación Técnico Económica (OTE),,Medio Rural,CSV|JSON,https://datos.comunidad.madrid/catalogo/dataset/1902803
1902796,Agricultura ecológica,6_Servicios_entorno,Medio Rural,CSV|JSON,https://datos.comunidad.madrid/catalogo/dataset/1902796
1902794,"Superficie de cultivos leñosos. Frutales, olivar y viñedo",,Medio Rural,CSV|JSON,https://datos.comunidad.madrid/catalogo/dataset/1902794
1902793,Superficie de cultivos herbáceos y barbechos. Flores y plantas ornamentales,,Medio Rural,CSV|JSON,https://datos.comunidad.madrid/catalogo/dataset/1902793
1902792,Superficie de cultivos herbáceos y barbechos. Cultivos forrajeros,,Medio Rural,CSV|JSON,https://datos.comunidad.madrid/catalogo/dataset/1902792
1902791,Superficie de cultivos herbáceos y barbechos. Cultivos industriales,,Medio Rural,CSV|JSON,https://datos.comunidad.madrid/catalogo/dataset/1902791
1902790,Superficie de cultivos herbáceos y barbechos. Leguminosas para grano,,Medio Rural,CSV|JSON,https://datos.comunidad.madrid/catalogo/dataset/1902790
1902789,Superficie de cultivos herbáceos y barbechos. Cereales para grano,,Medio Rural,CSV|JSON,https://datos.comunidad.madrid/catalogo/dataset/1902789
1902788,Superficie de las explotaciones agrícolas con el resto de tierras,,Medio Rural,CSV|JSON,https://datos.comunidad.madrid/catalogo/dataset/1902788
1902787,Explotaciones agrícolas con el resto de tierras,,Medio Rural,CSV|JSON,https://datos.comunidad.madrid/catalogo/dataset/1902787
1902783,Superficie de las explotaciones agrícolas con tierras para pastos permanentes con SAU,,Medio Rural,CSV|JSON,https://datos.comunidad.madrid/catalogo/dataset/1902783
1902776,Superficie de las explotaciones agrícolas con tierras,,Medio Rural,CSV|JSON,https://datos.comunidad.madrid/catalogo/dataset/1902776
1902775,Explotaciones agrícolas con tierras,,Medio Rural,CSV|JSON,https://datos.comunidad.madrid/catalogo/dataset/1902775
1902773,Superficie agrícola útil (SAU),,Medio Rural,CSV|JSON,https://datos.comunidad.madrid/catalogo/dataset/1902773
1902771,Nº de cabezas por especies,,Medio Rural,CSV|JSON,https://datos.comunidad.madrid/catalogo/dataset/1902771
1902749,Explotaciones ganaderas,,Medio Rural,CSV|JSON,https://datos.comunidad.madrid/catalogo/dataset/1902749
1902659,Delitos por grupos de edad,3_Demografia_talento|6_Servicios_entorno,Legislación y justicia,CSV|JSON,https://datos.comunidad.madrid/catalogo/dataset/1902659
1902617,Ayudas procedentes del Presupuesto General de la Unión Europea,1_Ayudas_fiscalidad,Hacienda,CSV|JSON,https://datos.comunidad.madrid/catalogo/dataset/1902617
1902613,Recursos que proporciona el Sistema de Financiación de las CC.AA,,Hacienda,CSV|JSON,https://datos.comunidad.madrid/catalogo/dataset/1902613
1902478,Gas Natural por tipo de gas. Consumo,,Comercio|Energía,CSV|JSON,https://datos.comunidad.madrid/catalogo/dataset/1902478
1902477,"Censo de conductores por tipo de licencia, sexo y comunidad autónoma de primera expedición",2_Inmobiliario_suelo|3_Demografia_talento|4_Empleo_economia|5_Conectividad_movilidad,Seguridad,CSV|JSON,https://datos.comunidad.madrid/catalogo/dataset/1902477
1902475,Ingresos corrientes por cuotas de la enseñanza privada no universitaria,3_Demografia_talento,Educación,CSV|JSON,https://datos.comunidad.madrid/catalogo/dataset/1902475
1902474,Gastos de personal de la enseñanza privada no universitaria,3_Demografia_talento,Educación,CSV|JSON,https://datos.comunidad.madrid/catalogo/dataset/1902474
1902473,Estructura de gastos e ingresos de la enseñanza privada no universitaria,3_Demografia_talento,Educación,CSV|JSON,https://datos.comunidad.madrid/catalogo/dataset/1902473
1902456,Ganancia media anual por grupos de edad y sexo,3_Demografia_talento,Economía,CSV|JSON,https://datos.comunidad.madrid/catalogo/dataset/1902456
1902402,"Personas sin hogar por sexo, edad y nacionalidad",3_Demografia_talento,Sociedad y bienestar,CSV|JSON,https://datos.comunidad.madrid/catalogo/dataset/1902402
1902392,Utilización de los servicios médicos por sexo,,Salud,CSV|JSON,https://datos.comunidad.madrid/catalogo/dataset/1902392
1901960,Presupuestos Generales Iniciales. Gastos consolidados por clasificación funcional,1_Ayudas_fiscalidad,Hacienda,CSV|JSON,https://datos.comunidad.madrid/catalogo/dataset/1901960
1901782,Hábitos y prácticas culturales. Museos y monumentos,6_Servicios_entorno,Cultura y ocio,CSV|JSON,https://datos.comunidad.madrid/catalogo/dataset/1901782
1901781,Hábitos y prácticas culturales. Artes escénicas,6_Servicios_entorno,Cultura y ocio,CSV|JSON,https://datos.comunidad.madrid/catalogo/dataset/1901781
1901780,Hábitos y prácticas culturales. Cine y contenidos audiovisuales,6_Servicios_entorno,Cultura y ocio,CSV|JSON,https://datos.comunidad.madrid/catalogo/dataset/1901780
1901661,Demandas de empleo pendientes por edad y duración de la demanda,3_Demografia_talento|4_Empleo_economia,Empleo,CSV|JSON,https://datos.comunidad.madrid/catalogo/dataset/1901661
1901660,Demandas de empleo pendientes por grupos de edad y sexo,3_Demografia_talento|4_Empleo_economia,Empleo,CSV|JSON,https://datos.comunidad.madrid/catalogo/dataset/1901660
1901540,Artes escénicas y musicales,,Cultura y ocio,CSV|JSON,https://datos.comunidad.madrid/catalogo/dataset/1901540
1900987,Juzgados de Paz. Asuntos penales por tipo de asunto,,Legislación y justicia,CSV|JSON,https://datos.comunidad.madrid/catalogo/dataset/1900987
1900986,Juzgados de Paz. Asuntos civiles por tipo de asunto,,Legislación y justicia,CSV|JSON,https://datos.comunidad.madrid/catalogo/dataset/1900986
1900363,Tasa específica de fecundidad por grupos de edad,3_Demografia_talento,Demografía,CSV|JSON,https://datos.comunidad.madrid/catalogo/dataset/1900363
1900071,Transacciones de suelo urbano,2_Inmobiliario_suelo,Urbanismo e infraestructuras,CSV|JSON,https://datos.comunidad.madrid/catalogo/dataset/1900071
1900036,Stock y estimación del número de viviendas,2_Inmobiliario_suelo,Vivienda,CSV|JSON,https://datos.comunidad.madrid/catalogo/dataset/1900036
1502012,Presupuestos Generales Iniciales. Ingresos consolidados por capítulos,1_Ayudas_fiscalidad,Hacienda,CSV|JSON,https://datos.comunidad.madrid/catalogo/dataset/1502012
1402002,"Importación de mercancías por grupos de productos, destino de los bienes y áreas geográficas",,Comercio,CSV|JSON,https://datos.comunidad.madrid/catalogo/dataset/1402002
1402001,"Exportación de mercancías por grupos de productos, destino de los bienes y áreas geográficas",,Comercio,CSV|JSON,https://datos.comunidad.madrid/catalogo/dataset/1402001
1305008,Investigación y Desarrollo. Gastos internos,,Ciencia y tecnología,CSV|JSON,https://datos.comunidad.madrid/catalogo/dataset/1305008
1304001,Servicios funerarios,,Comercio,CSV|JSON,https://datos.comunidad.madrid/catalogo/dataset/1304001
1301023,Entrada de vehículos para el abastecimiento de Mercamadrid,5_Conectividad_movilidad,Comercio,CSV|JSON,https://datos.comunidad.madrid/catalogo/dataset/1301023
1104037,Unidades de Trabajo Año (UTA) en las explotaciones agrícolas. Municipios,4_Empleo_economia,Medio Rural,CSV|JSON,https://datos.comunidad.madrid/catalogo/dataset/1104037
1104011,Unidades de Trabajo (UTA) en la explotación,4_Empleo_economia,Medio Rural,CSV|JSON,https://datos.comunidad.madrid/catalogo/dataset/1104011
1104010,Unidades ganaderas por especies,,Medio Rural,CSV|JSON,https://datos.comunidad.madrid/catalogo/dataset/1104010
1104008,Explotaciones agrícolas por diversas características,,Medio Rural,CSV|JSON,https://datos.comunidad.madrid/catalogo/dataset/1104008
1101003,Tierras de cultivo de secano y regadío,,Medio Rural,CSV|JSON,https://datos.comunidad.madrid/catalogo/dataset/1101003
1101002,Superficie cultivada por tipo de cultivo,,Medio Rural,CSV|JSON,https://datos.comunidad.madrid/catalogo/dataset/1101002
1006047,Calificaciones de vivienda protegida,2_Inmobiliario_suelo,Vivienda,CSV|JSON,https://datos.comunidad.madrid/catalogo/dataset/1006047
1006046,Viviendas libres,2_Inmobiliario_suelo,Vivienda,CSV|JSON,https://datos.comunidad.madrid/catalogo/dataset/1006046
1006023,Visados y superficie media de dirección de obra de viviendas por tipología y destino principal,2_Inmobiliario_suelo,,CSV|JSON,https://datos.comunidad.madrid/catalogo/dataset/1006023
1004050,Valor tasado de la vivienda libre por municipios de más de 25.000 habitantes. Total (Base 2005). Municipios,2_Inmobiliario_suelo,Vivienda,CSV|JSON,https://datos.comunidad.madrid/catalogo/dataset/1004050
1003325,Locales por 1000 hab. Municipios,,Vivienda,CSV|JSON,https://datos.comunidad.madrid/catalogo/dataset/1003325
1003324,Densidad de edificios. Municipios,,Vivienda,CSV|JSON,https://datos.comunidad.madrid/catalogo/dataset/1003324
1003290,Porcentaje de edificios destinados principalmente a viviendas familiares. Municipios,2_Inmobiliario_suelo,Vivienda,CSV|JSON,https://datos.comunidad.madrid/catalogo/dataset/1003290
1003289,Edificios destinados principalmente a viviendas familiares. Total. Municipios,2_Inmobiliario_suelo,Vivienda,CSV|JSON,https://datos.comunidad.madrid/catalogo/dataset/1003289
1003288,Porcentaje de alojamientos en edificios. Municipios,,Vivienda,CSV|JSON,https://datos.comunidad.madrid/catalogo/dataset/1003288
1003287,Porcentaje de edificios principalmente con locales. Municipios,,Vivienda,CSV|JSON,https://datos.comunidad.madrid/catalogo/dataset/1003287
1003286,Porcentaje de edificios principalmente con locales compartidos con alguna vivienda. Municipios,2_Inmobiliario_suelo,Vivienda,CSV|JSON,https://datos.comunidad.madrid/catalogo/dataset/1003286
1003285,Porcentaje de edificios principalmente con vivienda colectiva. Municipios,2_Inmobiliario_suelo,Vivienda,CSV|JSON,https://datos.comunidad.madrid/catalogo/dataset/1003285
1003284,Edificios principalmente con vivienda colectiva. Total. Municipios,2_Inmobiliario_suelo,Vivienda,CSV|JSON,https://datos.comunidad.madrid/catalogo/dataset/1003284
1003283,Porcentaje de edificios principalmente con viviendas familiares compartido con locales. Municipios,2_Inmobiliario_suelo,Vivienda,CSV|JSON,https://datos.comunidad.madrid/catalogo/dataset/1003283
1003261,Porcentaje de viviendas familiares principales con problemas. Municipios,2_Inmobiliario_suelo,Vivienda,CSV|JSON,https://datos.comunidad.madrid/catalogo/dataset/1003261
1003254,Porcentaje de viviendas vacías. Municipios,2_Inmobiliario_suelo,Vivienda,CSV|JSON,https://datos.comunidad.madrid/catalogo/dataset/1003254
1003205,Personas por vivienda. Media. Municipios,2_Inmobiliario_suelo,Vivienda,CSV|JSON,https://datos.comunidad.madrid/catalogo/dataset/1003205
1003057,Alojamientos en edificios. Municipios,,Vivienda,CSV|JSON,https://datos.comunidad.madrid/catalogo/dataset/1003057
1003056,Locales en edificios. Municipios,,Vivienda,CSV|JSON,https://datos.comunidad.madrid/catalogo/dataset/1003056
1003055,Edificios principalmente con locales compartidos con alguna vivienda. Municipios,2_Inmobiliario_suelo,Vivienda,CSV|JSON,https://datos.comunidad.madrid/catalogo/dataset/1003055
1003054,Edificios principalmente con vivienda colectiva tipo 4. Municipios,2_Inmobiliario_suelo,Vivienda,CSV|JSON,https://datos.comunidad.madrid/catalogo/dataset/1003054
1003053,Edificios principalmente con vivienda colectiva tipo 3. Municipios,2_Inmobiliario_suelo,Vivienda,CSV|JSON,https://datos.comunidad.madrid/catalogo/dataset/1003053
1003052,Edificios principalmente con vivienda colectiva tipo 2. Municipios,2_Inmobiliario_suelo,Vivienda,CSV|JSON,https://datos.comunidad.madrid/catalogo/dataset/1003052
1003051,Edificios principalmente con vivienda colectiva tipo 1. Municipios,2_Inmobiliario_suelo,Vivienda,CSV|JSON,https://datos.comunidad.madrid/catalogo/dataset/1003051
1003050,Edificios principalmente con viviendas familiares compartido con locales. Municipios,2_Inmobiliario_suelo,Vivienda,CSV|JSON,https://datos.comunidad.madrid/catalogo/dataset/1003050
1003049,Edificios sólo con varias viviendas familiares. Municipios,2_Inmobiliario_suelo,Vivienda,CSV|JSON,https://datos.comunidad.madrid/catalogo/dataset/1003049
1003048,Edificios sólo con una vivienda familiar. Municipios,2_Inmobiliario_suelo,Vivienda,CSV|JSON,https://datos.comunidad.madrid/catalogo/dataset/1003048
1003047,Edificios. Total. Municipios,,Vivienda,CSV|JSON,https://datos.comunidad.madrid/catalogo/dataset/1003047
1003046,Porcentaje de viviendas familiares secundarias. Municipios,2_Inmobiliario_suelo,Vivienda,CSV|JSON,https://datos.comunidad.madrid/catalogo/dataset/1003046
1003045,Porcentaje de viviendas principales. Municipios,2_Inmobiliario_suelo,Vivienda,CSV|JSON,https://datos.comunidad.madrid/catalogo/dataset/1003045
1002054,Valor catastral residencial por unidad urbana. Municipios,2_Inmobiliario_suelo|6_Servicios_entorno,Urbanismo e infraestructuras,CSV|JSON,https://datos.comunidad.madrid/catalogo/dataset/1002054
1002047,Valor catastral rústico por parcela. Municipios,2_Inmobiliario_suelo,Medio Rural|Urbanismo e infraestructuras,CSV|JSON,https://datos.comunidad.madrid/catalogo/dataset/1002047
1002045,Recibos del catastro urbano. Municipios,2_Inmobiliario_suelo,Urbanismo e infraestructuras,CSV|JSON,https://datos.comunidad.madrid/catalogo/dataset/1002045
1002012,Subparcelas rústicas. Municipios,2_Inmobiliario_suelo,Medio Rural|Urbanismo e infraestructuras,CSV|JSON,https://datos.comunidad.madrid/catalogo/dataset/1002012
1002008,Año de revisión del valor catastral urbano. Municipios,2_Inmobiliario_suelo,Urbanismo e infraestructuras,CSV|JSON,https://datos.comunidad.madrid/catalogo/dataset/1002008
1002007,Año de revisión del valor catastral rústico. Municipios,2_Inmobiliario_suelo,Medio Rural|Urbanismo e infraestructuras,CSV|JSON,https://datos.comunidad.madrid/catalogo/dataset/1002007
1002006,Superficie rústica total. Municipios,,Medio Rural|Urbanismo e infraestructuras,CSV|JSON,https://datos.comunidad.madrid/catalogo/dataset/1002006
1002004,Valores catastrales del catastro rústico. Municipios,2_Inmobiliario_suelo,Medio Rural|Urbanismo e infraestructuras,CSV|JSON,https://datos.comunidad.madrid/catalogo/dataset/1002004
1002003,Parcelas rústicas. Municipios,2_Inmobiliario_suelo,Medio Rural|Urbanismo e infraestructuras,CSV|JSON,https://datos.comunidad.madrid/catalogo/dataset/1002003
1002001,Unidades urbanas. Municipios,,Urbanismo e infraestructuras,CSV|JSON,https://datos.comunidad.madrid/catalogo/dataset/1002001
902015,"Empresa municipal de transporte de Madrid. Infraestructura, oferta y empleo",4_Empleo_economia|5_Conectividad_movilidad,Transporte,CSV|JSON,https://datos.comunidad.madrid/catalogo/dataset/902015
902014,"Metro de Madrid. Infraestructura, oferta y empleo",4_Empleo_economia|5_Conectividad_movilidad,Transporte,CSV|JSON,https://datos.comunidad.madrid/catalogo/dataset/902014
901023,Inversiones realizadas en la red de carreteras,5_Conectividad_movilidad,Transporte,CSV|JSON,https://datos.comunidad.madrid/catalogo/dataset/901023
901010,Matriculaciones y cambios de titularidad de vehículos,3_Demografia_talento|5_Conectividad_movilidad,Transporte,CSV|JSON,https://datos.comunidad.madrid/catalogo/dataset/901010
803006,Centros residenciales de atención a menores y medidas judiciales ejecutadas,6_Servicios_entorno,Legislación y justicia,CSV|JSON,https://datos.comunidad.madrid/catalogo/dataset/803006
705012,Asesoramiento a jóvenes,,Cultura y ocio,CSV|JSON,https://datos.comunidad.madrid/catalogo/dataset/705012
705003,Escuela Pública de Animación y Educación Juvenil,3_Demografia_talento,Cultura y ocio,CSV|JSON,https://datos.comunidad.madrid/catalogo/dataset/705003
704029,Inscripción en el registro de entidades deportivas,,Deporte,CSV|JSON,https://datos.comunidad.madrid/catalogo/dataset/704029
704001,Viajeros y recaudación en funiculares y transporte por cable en instalaciones deportivas,1_Ayudas_fiscalidad|5_Conectividad_movilidad,Deporte,CSV|JSON,https://datos.comunidad.madrid/catalogo/dataset/704001
703010,Hábitos y prácticas culturales. Ordenador e internet,5_Conectividad_movilidad|6_Servicios_entorno,Cultura y ocio,CSV|JSON,https://datos.comunidad.madrid/catalogo/dataset/703010
703002,Visitantes de parques temáticos,,Cultura y ocio,CSV|JSON,https://datos.comunidad.madrid/catalogo/dataset/703002
702014,Producción editorial de libros. Nº de títulos y ejemplares editados,,Cultura y ocio,CSV|JSON,https://datos.comunidad.madrid/catalogo/dataset/702014
702005,Cinematografía: Cines. Municipios,,Cultura y ocio,CSV|JSON,https://datos.comunidad.madrid/catalogo/dataset/702005
603065,Total recursos en establecimientos sanitarios con régimen de internado,4_Empleo_economia|6_Servicios_entorno,Salud,CSV|JSON,https://datos.comunidad.madrid/catalogo/dataset/603065
602179,Índices de accidentes de trabajo,4_Empleo_economia,Empleo|Salud,CSV|JSON,https://datos.comunidad.madrid/catalogo/dataset/602179
602178,Enfermedades profesionales,3_Demografia_talento,Empleo|Salud,CSV|JSON,https://datos.comunidad.madrid/catalogo/dataset/602178
602177,Accidentes de trabajo con baja por sexo,4_Empleo_economia,Empleo|Salud,CSV|JSON,https://datos.comunidad.madrid/catalogo/dataset/602177
602155,Última consulta al dentista por sexo,,Salud,CSV|JSON,https://datos.comunidad.madrid/catalogo/dataset/602155
602153,Estado de salud de la población por sexo,3_Demografia_talento,Salud,CSV|JSON,https://datos.comunidad.madrid/catalogo/dataset/602153
602151,Consumo de tabaco por sexo,,Salud,CSV|JSON,https://datos.comunidad.madrid/catalogo/dataset/602151
602148,Índice de masa corporal por sexo y edad,3_Demografia_talento,Salud,CSV|JSON,https://datos.comunidad.madrid/catalogo/dataset/602148
602036,Abortos voluntarios por situación laboral de la mujer,,Salud,CSV|JSON,https://datos.comunidad.madrid/catalogo/dataset/602036
602035,Abortos voluntarios por tipo de centro utilizado,,Salud,CSV|JSON,https://datos.comunidad.madrid/catalogo/dataset/602035
602034,Abortos voluntarios por semanas de gestación,,Salud,CSV|JSON,https://datos.comunidad.madrid/catalogo/dataset/602034
602033,Abortos voluntarios por motivo de la interrupción,,Salud,CSV|JSON,https://datos.comunidad.madrid/catalogo/dataset/602033
602031,Abortos voluntarios por número de hijos vivos actualmente,,Salud,CSV|JSON,https://datos.comunidad.madrid/catalogo/dataset/602031
602029,Abortos voluntarios por grupos de edad,3_Demografia_talento,Salud,CSV|JSON,https://datos.comunidad.madrid/catalogo/dataset/602029
602026,Evolución de la esperanza de vida al nacer por sexo,,Demografía,CSV|JSON,https://datos.comunidad.madrid/catalogo/dataset/602026
503069,Becas concedidas para estudios universitarios por tipo,1_Ayudas_fiscalidad|3_Demografia_talento,Educación,CSV|JSON,https://datos.comunidad.madrid/catalogo/dataset/503069
503068,Convocatoria de ayudas para la realización de programas de actividades de I+D,1_Ayudas_fiscalidad,Ciencia y tecnología,CSV|JSON,https://datos.comunidad.madrid/catalogo/dataset/503068
503029,Ingresos de la enseñanza privada universitaria,3_Demografia_talento,Educación,CSV|JSON,https://datos.comunidad.madrid/catalogo/dataset/503029
503028,Gastos de la enseñanza privada universitaria por tipo de gasto,3_Demografia_talento,Educación,CSV|JSON,https://datos.comunidad.madrid/catalogo/dataset/503028
501127,Alumnos no universitarios por unidad escolar del régimen general matriculados en centros escolares. Municipios,3_Demografia_talento,Educación,CSV|JSON,https://datos.comunidad.madrid/catalogo/dataset/501127
501125,Alumnos no universitarios por profesor del régimen general matriculados en centros escolares. Municipios,3_Demografia_talento,Educación,CSV|JSON,https://datos.comunidad.madrid/catalogo/dataset/501125
402010,Importe de las pensiones contributivas del sistema de la Seguridad Social: Total,1_Ayudas_fiscalidad|6_Servicios_entorno,Sociedad y bienestar,CSV|JSON,https://datos.comunidad.madrid/catalogo/dataset/402010
402009,Beneficiarios e importe de las prestaciones familiares por hijo a cargo,,Sociedad y bienestar,CSV|JSON,https://datos.comunidad.madrid/catalogo/dataset/402009
402006,Beneficiarios e importe de pensiones no contributivas por clase,1_Ayudas_fiscalidad,Sociedad y bienestar,CSV|JSON,https://datos.comunidad.madrid/catalogo/dataset/402006
401171,Ganancia media anual por estudios y sexo,3_Demografia_talento,Empleo,CSV|JSON,https://datos.comunidad.madrid/catalogo/dataset/401171
304002,Número y socios de cooperativas y sociedades anónimas laborales,3_Demografia_talento,Empleo,CSV|JSON,https://datos.comunidad.madrid/catalogo/dataset/304002
303008,Asuntos judiciales sociales resueltos por materia y clase de resolución,,Empleo,CSV|JSON,https://datos.comunidad.madrid/catalogo/dataset/303008
303005,Conciliaciones individuales terminadas por motivación alegada y por resolución,,Empleo,CSV|JSON,https://datos.comunidad.madrid/catalogo/dataset/303005
301058,Afiliados extranjeros en alta laboral a la Seguridad Social por sexo y regímenes,4_Empleo_economia|6_Servicios_entorno,Empleo,CSV|JSON,https://datos.comunidad.madrid/catalogo/dataset/301058
301043,Afiliados medios en alta laboral a la Seguridad Social por sexo y edad,3_Demografia_talento|4_Empleo_economia|6_Servicios_entorno,Empleo,CSV|JSON,https://datos.comunidad.madrid/catalogo/dataset/301043
205074,Núcleos por tipo de núcleos y número de hijos,,Demografía,CSV|JSON,https://datos.comunidad.madrid/catalogo/dataset/205074
204050,Tasa de migración. Municipios,3_Demografia_talento,,CSV|JSON,https://datos.comunidad.madrid/catalogo/dataset/204050
204016,Migraciones con procedencia la Comunidad de Madrid con destino la Comunidad de Madrid y otras Comunidades por sexo y grupos de edad,3_Demografia_talento,,CSV|JSON,https://datos.comunidad.madrid/catalogo/dataset/204016
204011,Migraciones de extranjeros con destino la Comunidad de Madrid por país de procedencia,3_Demografia_talento,,CSV|JSON,https://datos.comunidad.madrid/catalogo/dataset/204011
202193,Porcentaje de nacimientos de madres residentes: Menores de 30 años. Municipios,3_Demografia_talento,Demografía,CSV|JSON,https://datos.comunidad.madrid/catalogo/dataset/202193
202192,Nacidos vivos de madres residentes: Menores de 30 años. Municipios,,Demografía,CSV|JSON,https://datos.comunidad.madrid/catalogo/dataset/202192
202009,Nacidos vivos por orden del nacimiento,3_Demografia_talento,Demografía,CSV|JSON,https://datos.comunidad.madrid/catalogo/dataset/202009
202002,Defunciones de menores de 1 año por edad y sexo: Antes de 24 horas de edad,3_Demografia_talento,Demografía,CSV|JSON,https://datos.comunidad.madrid/catalogo/dataset/202002
103059,Cantidad de residuos urbanos recogidos per cápita por clase de residuos,6_Servicios_entorno,Medio ambiente|Urbanismo e infraestructuras,CSV|JSON,https://datos.comunidad.madrid/catalogo/dataset/103059
102033,Indicadores económicos del agua,6_Servicios_entorno,Medio ambiente|Urbanismo e infraestructuras,CSV|JSON,https://datos.comunidad.madrid/catalogo/dataset/102033
102031,Recogida de aguas residuales,6_Servicios_entorno,Medio ambiente|Urbanismo e infraestructuras,CSV|JSON,https://datos.comunidad.madrid/catalogo/dataset/102031
102028,Disponibilidad total de agua,6_Servicios_entorno,Medio ambiente|Urbanismo e infraestructuras,CSV|JSON,https://datos.comunidad.madrid/catalogo/dataset/102028
102027,Captación de agua realizada por la propia empresa,4_Empleo_economia|6_Servicios_entorno,Urbanismo e infraestructuras,CSV|JSON,https://datos.comunidad.madrid/catalogo/dataset/102027
102017,Calificación de la calidad del agua por zonas de baños,6_Servicios_entorno,Medio ambiente|Urbanismo e infraestructuras,CSV|JSON,https://datos.comunidad.madrid/catalogo/dataset/102017
101014,Días >=25º C por observatorios,,Medio ambiente,CSV|JSON,https://datos.comunidad.madrid/catalogo/dataset/101014
101013,Días <=0º C por observatorios,,Medio ambiente,CSV|JSON,https://datos.comunidad.madrid/catalogo/dataset/101013
101012,Temperatura por observatorios: Media de la mínima,,Medio ambiente,CSV|JSON,https://datos.comunidad.madrid/catalogo/dataset/101012
101011,Temperatura por observatorios: Media de la máxima,,Medio ambiente,CSV|JSON,https://datos.comunidad.madrid/catalogo/dataset/101011
101009,Temperatura por observatorios: Máxima absoluta,,Medio ambiente,CSV|JSON,https://datos.comunidad.madrid/catalogo/dataset/101009
101008,Temperatura por observatorios: Media anual,,Medio ambiente,CSV|JSON,https://datos.comunidad.madrid/catalogo/dataset/101008
101007,Observaciones meteorológicas: Puerto de Navacerrada,,Medio ambiente,CSV|JSON,https://datos.comunidad.madrid/catalogo/dataset/101007
mercancias_aeropuerto_adolfo_suarez_por_zona_geografica_y_clase,Transporte aéreo de mercancías aeropuerto Adolfo Suárez Madrid-Barajas por zona geográfica y clase de vuelo,5_Conectividad_movilidad,,CSV|JSON,https://datos.comunidad.madrid/catalogo/dataset/mercancias_aeropuerto_adolfo_suarez_por_zona_geografica_y_clase
cooperacion_desarrollo_por_sector_actuacion,Ayudas para cooperación al desarrollo por sector de actuación,1_Ayudas_fiscalidad,Sociedad y bienestar,CSV|JSON,https://datos.comunidad.madrid/catalogo/dataset/cooperacion_desarrollo_por_sector_actuacion
personal_comunidad_madrid_por_area_actividad_y_sexo,Personal al servicio de la Comunidad de Madrid por área de actividad y sexo,,Sector público,CSV|JSON,https://datos.comunidad.madrid/catalogo/dataset/personal_comunidad_madrid_por_area_actividad_y_sexo
contabilidad_regional_por_actividad_base_2020,Contabilidad Regional por actividad (Base 2020),,Sector público,CSV|JSON,https://datos.comunidad.madrid/catalogo/dataset/contabilidad_regional_por_actividad_base_2020
turismo_residentes_espania_a_cm_por_ccaa_residencia,Turismo de residentes en España a la Comunidad de Madrid por CC.AA de residencia,6_Servicios_entorno,Turismo,CSV|JSON,https://datos.comunidad.madrid/catalogo/dataset/turismo_residentes_espania_a_cm_por_ccaa_residencia
turismo_residentes_espania_a_cm_por_tipo_transporte,Turismo de residentes en España a la Comunidad de Madrid por tipo de transporte,5_Conectividad_movilidad|6_Servicios_entorno,Turismo,CSV|JSON,https://datos.comunidad.madrid/catalogo/dataset/turismo_residentes_espania_a_cm_por_tipo_transporte
turismo_residentes_cm_por_duracion,Turismo de residentes en la Comunidad de Madrid por duración del viaje,6_Servicios_entorno,Turismo,CSV|JSON,https://datos.comunidad.madrid/catalogo/dataset/turismo_residentes_cm_por_duracion
turismo_residentes_cm_por_motivo,Turismo de residentes en la Comunidad de Madrid por motivo principal del viaje,6_Servicios_entorno,Turismo,CSV|JSON,https://datos.comunidad.madrid/catalogo/dataset/turismo_residentes_cm_por_motivo
magnitudes_economicas_servicios_por_actividad_2016-2018,Principales magnitudes económicas del sector Servicios por actividad principal (Serie 2016-2018),,Economía,CSV|JSON,https://datos.comunidad.madrid/catalogo/dataset/magnitudes_economicas_servicios_por_actividad_2016-2018
magnitudes_economicas_comercio_por_actividad,Principales magnitudes económicas del sector Comercio por actividad principal,,Comercio|Economía,CSV|JSON,https://datos.comunidad.madrid/catalogo/dataset/magnitudes_economicas_comercio_por_actividad
magnitudes_economicas_comercio_por_actividad_2016-2018,Principales magnitudes económicas del sector Comercio por actividad principal (Serie 2016-2018),,Comercio|Economía,CSV|JSON,https://datos.comunidad.madrid/catalogo/dataset/magnitudes_economicas_comercio_por_actividad_2016-2018
principales_magnitudes_sector_industrial_por_actividad_principal,Principales magnitudes económicas del sector Industrial por actividad principal,,Industria,CSV|JSON,https://datos.comunidad.madrid/catalogo/dataset/principales_magnitudes_sector_industrial_por_actividad_principal
principales_magnitudes_sector_industrial_por_actividad_principal_2016_2018,Principales magnitudes económicas del sector Industrial por actividad principal (Serie 2016-2018),,Industria,CSV|JSON,https://datos.comunidad.madrid/catalogo/dataset/principales_magnitudes_sector_industrial_por_actividad_principal_2016_2018
censo_89_99_09_jornadas_asalariados_fijos_jefes_explotacion_por_edad_y_tipo,"Censo agrario (1989, 1999, 2009). Jornadas realizadas por asalariados fijos jefes de explotación por grupos de edad y tipo de explotación",3_Demografia_talento|4_Empleo_economia,Medio Rural,CSV|JSON,https://datos.comunidad.madrid/catalogo/dataset/censo_89_99_09_jornadas_asalariados_fijos_jefes_explotacion_por_edad_y_tipo
censo_89_99_09_explotaciones_agricolas_por_personalidad_juridica_y_tipo,"Censo agrario (1989, 1999, 2009). Explotaciones agrícolas por personalidad jurídica del titular y de la gestión y tipo de explotación",3_Demografia_talento,Medio Rural,CSV|JSON,https://datos.comunidad.madrid/catalogo/dataset/censo_89_99_09_explotaciones_agricolas_por_personalidad_juridica_y_tipo
censo_2020_explotaciones_ganaderas_por_tipo,Censo agrario 2020. Explotaciones ganaderas por tipo de ganado,3_Demografia_talento,Medio Rural,CSV|JSON,https://datos.comunidad.madrid/catalogo/dataset/censo_2020_explotaciones_ganaderas_por_tipo
censo_2020_explotaciones_ganaderas_ecologicas_por_tipo,Censo agrario 2020. Explotaciones ganaderas ecológicas por tipo de ganado,3_Demografia_talento,Medio Rural,CSV|JSON,https://datos.comunidad.madrid/catalogo/dataset/censo_2020_explotaciones_ganaderas_ecologicas_por_tipo
censo_2020_explotaciones_agricolas_ecologicas_por_titular_y_certificacion,Censo agrario 2020. Explotaciones agrícolas ecológicas por personalidad jurídica del titular y tipo de certificación,3_Demografia_talento,Medio Rural,CSV|JSON,https://datos.comunidad.madrid/catalogo/dataset/censo_2020_explotaciones_agricolas_ecologicas_por_titular_y_certificacion
censo_anual_vivienda_por_superficie_agregada,Censo anual Comunidad de Madrid. Viviendas por superficie agregada. Municipios,2_Inmobiliario_suelo|3_Demografia_talento,,CSV|JSON,https://datos.comunidad.madrid/catalogo/dataset/censo_anual_vivienda_por_superficie_agregada
censo_anual_vivienda_por_antiguedad,Censo anual Comunidad de Madrid. Viviendas por año de antigüedad. Municipios,2_Inmobiliario_suelo|3_Demografia_talento,,CSV|JSON,https://datos.comunidad.madrid/catalogo/dataset/censo_anual_vivienda_por_antiguedad
rentabilidad_bruta_viviendas_arrendadas_valor_catastral_municipios_mas_20000,Rentabilidad bruta de viviendas arrendadas con valor catastral para municipios de más de 20.000 habitantes por tipo de vivienda. Municipios,2_Inmobiliario_suelo|3_Demografia_talento,,CSV|JSON,https://datos.comunidad.madrid/catalogo/dataset/rentabilidad_bruta_viviendas_arrendadas_valor_catastral_municipios_mas_20000
valor_referencia_viviendas_arrendadas_valor_catastral_municipios_mas_20000,Valor de referencia de viviendas arrendadas con valor catastral para municipios de más de 20.000 habitantes por tipo de vivienda. Municipios,2_Inmobiliario_suelo,,CSV|JSON,https://datos.comunidad.madrid/catalogo/dataset/valor_referencia_viviendas_arrendadas_valor_catastral_municipios_mas_20000
dias_alquiler_medios_viviendas_arrendadas_valor_catastral_municipios_mas_20000,Días de alquiler medios de viviendas arrendadas con valor catastral para municipios de más de 20.000 habitantes por tipo de vivienda. Municipios,2_Inmobiliario_suelo,,CSV|JSON,https://datos.comunidad.madrid/catalogo/dataset/dias_alquiler_medios_viviendas_arrendadas_valor_catastral_municipios_mas_20000
metros_cuadrados_medios_viviendas_arrendadas_valor_catastral_municipios_mas_20000,Metros cuadrados medios de viviendas arrendadas con valor catastral para municipios de más de 20.000 habitantes por tipo de vivienda. Municipios,2_Inmobiliario_suelo|5_Conectividad_movilidad,,CSV|JSON,https://datos.comunidad.madrid/catalogo/dataset/metros_cuadrados_medios_viviendas_arrendadas_valor_catastral_municipios_mas_20000
alquiler_metro_cuadrado_mensual_viviendas_arrendadas_valor_catastral_municipios_mas_20000,Alquiler del metro cuadrado mensual de viviendas arrendadas con valor catastral para municipios de más de 20.000 habitantes por tipo de vivienda. Municipios,2_Inmobiliario_suelo|5_Conectividad_movilidad,,CSV|JSON,https://datos.comunidad.madrid/catalogo/dataset/alquiler_metro_cuadrado_mensual_viviendas_arrendadas_valor_catastral_municipios_mas_20000
alquiler_medio_mensual_viviendas_arrendadas_valor_catastral_municipios_mas_20000,Alquiler medio mensual de viviendas arrendadas con valor catastral para municipios de más de 20.000 habitantes por tipo de vivienda. Municipios,2_Inmobiliario_suelo,,CSV|JSON,https://datos.comunidad.madrid/catalogo/dataset/alquiler_medio_mensual_viviendas_arrendadas_valor_catastral_municipios_mas_20000
viviendas_valor_catastral_municipios_mas_20000_habitantes,Viviendas con valor catastral para municipios de más de 20.000 habitantes por tipo de vivienda. Municipios,2_Inmobiliario_suelo,,CSV|JSON,https://datos.comunidad.madrid/catalogo/dataset/viviendas_valor_catastral_municipios_mas_20000_habitantes
matrimonios_mismo_sexo_por_edad_y_sexo,Matrimonios del mismo sexo por edad de los cónyuges y sexo,3_Demografia_talento,,CSV|JSON,https://datos.comunidad.madrid/catalogo/dataset/matrimonios_mismo_sexo_por_edad_y_sexo
esperanza_vida_municipios_mayores_100000_hab_por_sexo,Esperanza de vida al nacer por sexo y por municipios mayores de 100.000 habitantes,,Demografía,CSV|JSON,https://datos.comunidad.madrid/catalogo/dataset/esperanza_vida_municipios_mayores_100000_hab_por_sexo
recaudacion_impuestos_propios_cm_y_recargos_tributos_estatales,Recaudación por impuestos propios de la Comunidad de Madrid y recargos sobre tributos estatales,1_Ayudas_fiscalidad,Hacienda,CSV|JSON,https://datos.comunidad.madrid/catalogo/dataset/recaudacion_impuestos_propios_cm_y_recargos_tributos_estatales
explotaciones_2023_jefes_por_ugt_edad_relacion_titular_y_sexo,"Estructura explotaciones agrícolas 2023. Jefes/as de la explotación por tamaño según unidades ganaderas totales (UGT) de la explotación, edad, relación con el titular y sexo",3_Demografia_talento,,CSV|JSON,https://datos.comunidad.madrid/catalogo/dataset/explotaciones_2023_jefes_por_ugt_edad_relacion_titular_y_sexo
deficiencias_residentes_hogares_por_grupo_edad_y_sexo,"Personas con deficiencias residentes en hogares por grupo de deficiencia, grupo de edad y sexo",3_Demografia_talento,Salud|Sociedad y bienestar,CSV|JSON,https://datos.comunidad.madrid/catalogo/dataset/deficiencias_residentes_hogares_por_grupo_edad_y_sexo
discapacidad_residentes_hogares_por_tipo_edad_y_sexo,"Personas con discapacidad residentes en hogares por tipo de discapacidad, grupo de edad y sexo",3_Demografia_talento,Salud|Sociedad y bienestar,CSV|JSON,https://datos.comunidad.madrid/catalogo/dataset/discapacidad_residentes_hogares_por_tipo_edad_y_sexo
discapacidad_residentes_hogares_enfermedad_cronica_por_sexo,"Personas con discapacidad residentes en hogares que tienen diagnosticada un enfermedad crónica, por sexo",3_Demografia_talento,Salud|Sociedad y bienestar,CSV|JSON,https://datos.comunidad.madrid/catalogo/dataset/discapacidad_residentes_hogares_enfermedad_cronica_por_sexo
discapacidad_residentes_hogares_asistencia_cuidados_por_residencia_edad_y_sexo,"Personas con discapacidad residentes en hogares que reciben asistencia o cuidados personales según residencia del cuidador, grupo de edad y sexo",3_Demografia_talento|6_Servicios_entorno,Salud|Sociedad y bienestar,CSV|JSON,https://datos.comunidad.madrid/catalogo/dataset/discapacidad_residentes_hogares_asistencia_cuidados_por_residencia_edad_y_sexo
discapacidad_residentes_hogares_ayuda_cuidador_por_cuidado_y_sexo,Personas con discapacidad residentes en hogares que reciben ayuda del cuidador principal por tipo de cuidado y sexo,1_Ayudas_fiscalidad|3_Demografia_talento,Salud|Sociedad y bienestar,CSV|JSON,https://datos.comunidad.madrid/catalogo/dataset/discapacidad_residentes_hogares_ayuda_cuidador_por_cuidado_y_sexo
discapacidad_residentes_hogares_trabajan_por_acceso_y_sexo,Personas con discapacidad residentes en hogares que trabajan por tipo de acceso al empleo y sexo,3_Demografia_talento|4_Empleo_economia,Salud|Sociedad y bienestar,CSV|JSON,https://datos.comunidad.madrid/catalogo/dataset/discapacidad_residentes_hogares_trabajan_por_acceso_y_sexo
discapacidad_residentes_hogares_servicio_social_12_meses_por_sexo,"Personas con discapacidad residentes en hogares que han recibido un servicio social en los últimos 12 meses, por sexo",3_Demografia_talento,Salud|Sociedad y bienestar,CSV|JSON,https://datos.comunidad.madrid/catalogo/dataset/discapacidad_residentes_hogares_servicio_social_12_meses_por_sexo
discapacidad_residentes_hogares_servicio_sanitario_12_meses_por_sexo,"Personas con discapacidad residentes en hogares que han recibido un servicio sanitario en los últimos 12 meses, por sexo",3_Demografia_talento|6_Servicios_entorno,Salud|Sociedad y bienestar,CSV|JSON,https://datos.comunidad.madrid/catalogo/dataset/discapacidad_residentes_hogares_servicio_sanitario_12_meses_por_sexo
discapacidad_residentes_hogares_por_actividad_y_sexo,Personas con discapacidad residentes en hogares por su relación con la actividad y sexo,3_Demografia_talento,Salud|Sociedad y bienestar,CSV|JSON,https://datos.comunidad.madrid/catalogo/dataset/discapacidad_residentes_hogares_por_actividad_y_sexo
discapacidad_residentes_hogares_por_estudios_y_sexo,Personas con discapacidad residentes en hogares por nivel de estudios terminados y sexo,3_Demografia_talento,Salud|Sociedad y bienestar,CSV|JSON,https://datos.comunidad.madrid/catalogo/dataset/discapacidad_residentes_hogares_por_estudios_y_sexo
defunciones_menores_una_semana_por_causa_y_sexo,Defunciones de menores de una semana por causa y sexo,3_Demografia_talento,Demografía,CSV|JSON,https://datos.comunidad.madrid/catalogo/dataset/defunciones_menores_una_semana_por_causa_y_sexo
defunciones_residentes_menores_1_anio_por_causa_y_sexo,Defunciones de residentes menores de 1 año por causa (lista infantil) y sexo,3_Demografia_talento,Demografía,CSV|JSON,https://datos.comunidad.madrid/catalogo/dataset/defunciones_residentes_menores_1_anio_por_causa_y_sexo
lista_de_espera_quirurgica_por_hospitales,Lista de espera quirúrgica por hospitales,6_Servicios_entorno,Salud,CSV|JSON,https://datos.comunidad.madrid/catalogo/dataset/lista_de_espera_quirurgica_por_hospitales
lista_de_espera_pruebas_diagnosticas_por_hospitales,Lista de espera para pruebas diagnósticas por hospitales,6_Servicios_entorno,Salud,CSV|JSON,https://datos.comunidad.madrid/catalogo/dataset/lista_de_espera_pruebas_diagnosticas_por_hospitales
lista_espera_consultas_externas_por_hospitales,Lista de espera para consultas externas por hospitales,6_Servicios_entorno,Salud,CSV|JSON,https://datos.comunidad.madrid/catalogo/dataset/lista_espera_consultas_externas_por_hospitales
jovenes_pareja_12_meses_acoso_por_sexo_y_edad,Jóvenes que en los últimos 12 meses sufrieron acoso y/o ciberacoso por sexo y edad,3_Demografia_talento,,CSV|JSON,https://datos.comunidad.madrid/catalogo/dataset/jovenes_pareja_12_meses_acoso_por_sexo_y_edad
jovenes_pareja_12_meses_violencia_por_sexo_y_edad,Jóvenes con pareja o expareja que en los últimos 12 meses sufrieron violencia por parte de su pareja o expareja por sexo y edad,3_Demografia_talento,,CSV|JSON,https://datos.comunidad.madrid/catalogo/dataset/jovenes_pareja_12_meses_violencia_por_sexo_y_edad
metodos_anticonceptivos_eficaces_jovenes_por_sexo_y_edad,Métodos anticonceptivos eficaces utilizados por jóvenes por sexo y edad,3_Demografia_talento,Salud,CSV|JSON,https://datos.comunidad.madrid/catalogo/dataset/metodos_anticonceptivos_eficaces_jovenes_por_sexo_y_edad
consumo_tabaco_por_edad_y_sexo,Consumo de tabaco por edad y sexo,3_Demografia_talento,Salud,CSV|JSON,https://datos.comunidad.madrid/catalogo/dataset/consumo_tabaco_por_edad_y_sexo
jovenes_drogas_12_meses_por_edad,Jóvenes que han consumido drogas en los últimos 12 meses por edad,3_Demografia_talento,Salud,CSV|JSON,https://datos.comunidad.madrid/catalogo/dataset/jovenes_drogas_12_meses_por_edad
consumo_alcohol_por_edad_y_sexo,Consumo de alcohol por edad y sexo,3_Demografia_talento,Salud,CSV|JSON,https://datos.comunidad.madrid/catalogo/dataset/consumo_alcohol_por_edad_y_sexo
conductas_trastornos_comportamiento_alimentario_jovenes_por_edad,Conductas relacionadas con los trastornos del comportamiento alimentario. Jóvenes por edad,3_Demografia_talento,Salud,CSV|JSON,https://datos.comunidad.madrid/catalogo/dataset/conductas_trastornos_comportamiento_alimentario_jovenes_por_edad
raciones_medias_diarias_per_capita_jovenes_por_sexo,Raciones medias diarias per cápita. Jóvenes de 15 y 16 años por sexo,,Salud,CSV|JSON,https://datos.comunidad.madrid/catalogo/dataset/raciones_medias_diarias_per_capita_jovenes_por_sexo
consumos_deficitarios_excesivos_alimentos_jovenes_por_edad,Consumos deficitarios o excesivos de alimentos. Jóvenes por edad,3_Demografia_talento,Salud,CSV|JSON,https://datos.comunidad.madrid/catalogo/dataset/consumos_deficitarios_excesivos_alimentos_jovenes_por_edad
utilizacion_cinturon_casco_por_sexo_y_edad,Utilización de cinturón de seguridad y casco por sexo y edad,3_Demografia_talento|6_Servicios_entorno,Salud,CSV|JSON,https://datos.comunidad.madrid/catalogo/dataset/utilizacion_cinturon_casco_por_sexo_y_edad
utilizacion_cinturon_casco_por_edad,Utilización de cinturón de seguridad y casco por edad,3_Demografia_talento|6_Servicios_entorno,Salud,CSV|JSON,https://datos.comunidad.madrid/catalogo/dataset/utilizacion_cinturon_casco_por_edad
encuesta_nacional_salud_patron_consumo_alimentos_por_sexo,Encuesta nacional de salud. Patrón de consumo de determinados alimentos por sexo,,Salud,CSV|JSON,https://datos.comunidad.madrid/catalogo/dataset/encuesta_nacional_salud_patron_consumo_alimentos_por_sexo
encuesta_nacional_salud_tipo_medicamento_consumido_2_semanas_por_sexo,"Encuesta nacional de salud. Tipo de medicamento consumido en las últimas 2 semanas, por sexo",,Salud,CSV|JSON,https://datos.comunidad.madrid/catalogo/dataset/encuesta_nacional_salud_tipo_medicamento_consumido_2_semanas_por_sexo
encuesta_nacional_salud_practicas_preventivas_por_tiempo_y_sexo,Encuesta nacional de salud. Prácticas preventivas de la población por tiempo transcurrido y sexo,3_Demografia_talento,Salud,CSV|JSON,https://datos.comunidad.madrid/catalogo/dataset/encuesta_nacional_salud_practicas_preventivas_por_tiempo_y_sexo
encuesta_nacional_salud_dificultad_por_tipo_actividad_hogar_y_sexo,Encuesta nacional de salud. Nivel de dificultad por tipo de actividad del hogar y sexo,3_Demografia_talento,Salud,CSV|JSON,https://datos.comunidad.madrid/catalogo/dataset/encuesta_nacional_salud_dificultad_por_tipo_actividad_hogar_y_sexo
encuesta_nacional_salud_enfermedades_cronicas_evolucion_12_meses_0_14_por_sexo,"Encuesta nacional de salud. Problemas o enfermedades crónicas o de larga evolución en los últimos 12 meses en población de 0 a 14 años,por sexo",3_Demografia_talento,Salud,CSV|JSON,https://datos.comunidad.madrid/catalogo/dataset/encuesta_nacional_salud_enfermedades_cronicas_evolucion_12_meses_0_14_por_sexo
encuesta_nacional_salud_nivel_dificultad_por_tipo_abvd_y_sexo,Encuesta nacional de salud. Nivel de dificultad por tipo de Actividad Básica para la Vida Diaria (ABVD) y sexo,,Salud,CSV|JSON,https://datos.comunidad.madrid/catalogo/dataset/encuesta_nacional_salud_nivel_dificultad_por_tipo_abvd_y_sexo
encuesta_nacional_salud_utilizacion_urgencias_12_meses_por_sexo,"Encuesta nacional de salud. Utilización del servicio de urgencias en los últimos 12 meses, por sexo",,Salud,CSV|JSON,https://datos.comunidad.madrid/catalogo/dataset/encuesta_nacional_salud_utilizacion_urgencias_12_meses_por_sexo
encuesta_nacional_salud_pruebas_diagnosticas_12_meses_por_tipo_y_sexo,Encuesta nacional de salud. Pruebas diagnósticas realizadas en los últimos 12 meses por tipo de prueba y sexo,,Salud,CSV|JSON,https://datos.comunidad.madrid/catalogo/dataset/encuesta_nacional_salud_pruebas_diagnosticas_12_meses_por_tipo_y_sexo
encuesta_europea_salud_2009_poblacion_problemas_vivienda_residen_por_sexo,"Encuesta europea de salud 2009. Población con problemas en la vivienda o en la zona donde residen, por sexo",2_Inmobiliario_suelo|3_Demografia_talento,Salud,CSV|JSON,https://datos.comunidad.madrid/catalogo/dataset/encuesta_europea_salud_2009_poblacion_problemas_vivienda_residen_por_sexo
encuesta_europea_salud_2009_poblacion_problemas_trabajo_por_sexo,"Encuesta europea de salud 2009. Población con problemas en el trabajo, por sexo",3_Demografia_talento|4_Empleo_economia,Salud,CSV|JSON,https://datos.comunidad.madrid/catalogo/dataset/encuesta_europea_salud_2009_poblacion_problemas_trabajo_por_sexo
encuesta_europea_salud_2009_personas_satisfechas_servicios_sanitarios_por_sexo,"Encuesta europea de salud 2009. Personas satisfechas con los distintos servicios sanitarios, por sexo",6_Servicios_entorno,Salud,CSV|JSON,https://datos.comunidad.madrid/catalogo/dataset/encuesta_europea_salud_2009_personas_satisfechas_servicios_sanitarios_por_sexo
encuesta_europea_salud_2009_personas_practicas_preventivas_por_sexo,"Encuesta europea de salud 2009. Personas que realizan prácticas preventivas, por sexo",,Salud,CSV|JSON,https://datos.comunidad.madrid/catalogo/dataset/encuesta_europea_salud_2009_personas_practicas_preventivas_por_sexo
encuesta_europea_salud_2009_personas_servicios_asistenciales_domiciliarios_12_meses_por_sexo,"Encuesta europea de salud 2009. Personas que han utilizado los servicios asistenciales domiciliarios en los últimos 12 meses, por sexo",,Salud,CSV|JSON,https://datos.comunidad.madrid/catalogo/dataset/encuesta_europea_salud_2009_personas_servicios_asistenciales_domiciliarios_12_meses_por_sexo
encuesta_europea_salud_2009_personas_consulta_resto_sanitarios_12_meses_por_sexo,"Encuesta europea de salud 2009. Personas que han acudido a consulta del resto de profesionales sanitarios en los últimos 12 meses, por sexo",6_Servicios_entorno,Salud,CSV|JSON,https://datos.comunidad.madrid/catalogo/dataset/encuesta_europea_salud_2009_personas_consulta_resto_sanitarios_12_meses_por_sexo
encuesta_europea_salud_2009_personas_consulta_medico_familia_especialistas_dentistas_por_sexo,"Encuesta europea de salud 2009. Personas que han acudido a consulta del médico de familia, especialistas y dentistas, por sexo",,Salud,CSV|JSON,https://datos.comunidad.madrid/catalogo/dataset/encuesta_europea_salud_2009_personas_consulta_medico_familia_especialistas_dentistas_por_sexo
encuesta_europea_salud_2009_personas_dificultad_abvd_por_tipo_y_sexo,Encuesta europea de salud 2009. Personas con dificultad para realizar actividades básicas de la vida diaria (ABVD) por tipo de actividad y sexo,,Salud,CSV|JSON,https://datos.comunidad.madrid/catalogo/dataset/encuesta_europea_salud_2009_personas_dificultad_abvd_por_tipo_y_sexo
encuesta_europea_salud_2009_frecuencia_bebidas_alcoholicas_entre_semana_por_sexo,"Encuesta europea de salud 2009. Frecuencia de consumo de bebidas alcohólicas entre semana, por sexo",,Salud,CSV|JSON,https://datos.comunidad.madrid/catalogo/dataset/encuesta_europea_salud_2009_frecuencia_bebidas_alcoholicas_entre_semana_por_sexo
encuesta_europea_salud_2009_frecuencia_bebidas_alcoholicas_fin_semana_por_sexo,"Encuesta europea de salud 2009. Frecuencia de consumo de bebidas alcohólicas durante el fin de semana, por sexo",,Salud,CSV|JSON,https://datos.comunidad.madrid/catalogo/dataset/encuesta_europea_salud_2009_frecuencia_bebidas_alcoholicas_fin_semana_por_sexo
encuesta_europea_salud_2009_consumo_fruta_verdura_ensalada_por_sexo,"Encuesta europea de salud 2009. Consumo de fruta, verdura o ensalada por sexo",,Salud,CSV|JSON,https://datos.comunidad.madrid/catalogo/dataset/encuesta_europea_salud_2009_consumo_fruta_verdura_ensalada_por_sexo
encuesta_europea_salud_2014_nivel_dificultad_actividad_diaria_abvd_por_sexo,"Encuesta europea de salud 2014. Nivel de dificultad según el tipo de actividad básica de la vida diaria (ABVD), por sexo",,Salud,CSV|JSON,https://datos.comunidad.madrid/catalogo/dataset/encuesta_europea_salud_2014_nivel_dificultad_actividad_diaria_abvd_por_sexo
encuesta_europea_salud_2014_cronicas_larga_evolucion_12_meses_por_sexo,"Encuesta europea de salud 2014. Problemas o enfermedades crónicas o de larga evolución en los últimos 12 meses, por sexo",3_Demografia_talento,Salud,CSV|JSON,https://datos.comunidad.madrid/catalogo/dataset/encuesta_europea_salud_2014_cronicas_larga_evolucion_12_meses_por_sexo
encuesta_europea_salud_2014_consumo_alimentos_por_sexo,Encuesta europea de salud 2014. Patrón de consumo de determinados alimentos por sexo,,Salud,CSV|JSON,https://datos.comunidad.madrid/catalogo/dataset/encuesta_europea_salud_2014_consumo_alimentos_por_sexo
encuesta_europea_salud_2014_inaccesibilidad_atencion_sanitaria_motivos_economicos_por_sexo,"Encuesta europea de salud 2014. Inaccesibilidad a distintos tipos de atención sanitaria por motivos económicos, por sexo",6_Servicios_entorno,Salud,CSV|JSON,https://datos.comunidad.madrid/catalogo/dataset/encuesta_europea_salud_2014_inaccesibilidad_atencion_sanitaria_motivos_economicos_por_sexo
encuesta_europea_salud_2014_asistencia_consulta_dentista_por_sexo,"Encuesta europea de salud 2014. Asistencia recibida en la última consulta al dentista, por sexo",,Salud,CSV|JSON,https://datos.comunidad.madrid/catalogo/dataset/encuesta_europea_salud_2014_asistencia_consulta_dentista_por_sexo
encuesta_europea_salud_2020_consumo_alimentos_por_sexo,Encuesta europea de salud 2020. Patrón de consumo de determinados alimentos por sexo,,Salud,CSV|JSON,https://datos.comunidad.madrid/catalogo/dataset/encuesta_europea_salud_2020_consumo_alimentos_por_sexo
encuesta_europea_salud_2020_inaccesibilidad_atencion_sanitaria_motivos_economicos_por_sexo,"Encuesta europea de salud 2020. Inaccesibilidad a distintos tipos de atención sanitaria por motivos económicos, por sexo",6_Servicios_entorno,Salud,CSV|JSON,https://datos.comunidad.madrid/catalogo/dataset/encuesta_europea_salud_2020_inaccesibilidad_atencion_sanitaria_motivos_economicos_por_sexo
encuesta_europea_salud_2020_asistencia_consulta_dentista_por_sexo,"Encuesta europea de salud 2020. Asistencia recibida en la última consulta al dentista, por sexo",,Salud,CSV|JSON,https://datos.comunidad.madrid/catalogo/dataset/encuesta_europea_salud_2020_asistencia_consulta_dentista_por_sexo
encuesta_europea_salud_2020_cronicas_larga_evolucion_12_meses_por_sexo,"Encuesta europea de salud 2020. Problemas o enfermedades crónicas o de larga evolución en los últimos 12 meses, por sexo",3_Demografia_talento,Salud,CSV|JSON,https://datos.comunidad.madrid/catalogo/dataset/encuesta_europea_salud_2020_cronicas_larga_evolucion_12_meses_por_sexo
encuesta_europea_salud_2020_nivel_dificultad_actividad_diaria_abvd_por_sexo,"Encuesta europea de salud 2020. Nivel de dificultad según el tipo de actividad básica de la vida diaria (ABVD), por sexo",,Salud,CSV|JSON,https://datos.comunidad.madrid/catalogo/dataset/encuesta_europea_salud_2020_nivel_dificultad_actividad_diaria_abvd_por_sexo
ingresos_corrientes_ensenianza_privada_universitaria_por_indicador_y_nivel,Ingresos corrientes de la enseñanza privada universitaria por tipo de indicador y nivel educativo,3_Demografia_talento,Educación,CSV|JSON,https://datos.comunidad.madrid/catalogo/dataset/ingresos_corrientes_ensenianza_privada_universitaria_por_indicador_y_nivel
gastos_corrientes_ensenianza_privada_universitaria_por_indicador_y_nivel,Gastos corrientes de la enseñanza privada universitaria por tipo de indicador y nivel educativo,3_Demografia_talento,Educación,CSV|JSON,https://datos.comunidad.madrid/catalogo/dataset/gastos_corrientes_ensenianza_privada_universitaria_por_indicador_y_nivel
resultados_corrientes_privada_no_universitaria_servicios_complementarios_por_nivel_y_servicio,Resultados corrientes enseñanza privada no universitaria de Servicios Complementarios por nivel educativo y servicio,3_Demografia_talento,Educación,CSV|JSON,https://datos.comunidad.madrid/catalogo/dataset/resultados_corrientes_privada_no_universitaria_servicios_complementarios_por_nivel_y_servicio
resultados_corrientes_ensenianza_privada_no_universitaria_por_nivel_dependencia_y_titularidad,"Resultados corrientes enseñanza privada no universitaria por nivel educativo, dependencia y titularidad del centro",3_Demografia_talento,Educación,CSV|JSON,https://datos.comunidad.madrid/catalogo/dataset/resultados_corrientes_ensenianza_privada_no_universitaria_por_nivel_dependencia_y_titularidad
alumnos_pau_por_universidad_edad_y_sexo,"Alumnos de Pruebas de Acceso a la Universidad (PAU) por universidad, edad y sexo. Presentados y aprobados",3_Demografia_talento,Educación,CSV|JSON,https://datos.comunidad.madrid/catalogo/dataset/alumnos_pau_por_universidad_edad_y_sexo
infracciones_penales_cibercriminalidad_por_grupo_penal,Infracciones penales relacionadas con la cibercriminalidad por grupo penal,,Legislación y justicia,CSV|JSON,https://datos.comunidad.madrid/catalogo/dataset/infracciones_penales_cibercriminalidad_por_grupo_penal
referendum_constitucion_europea_distritos_madrid,Referéndum para la Constitución Europea en los distritos del municipio de Madrid,,Sociedad y bienestar,CSV|JSON,https://datos.comunidad.madrid/catalogo/dataset/referendum_constitucion_europea_distritos_madrid
hospitalizados_gomez_ulla_por_edad_y_sexo,Hospitalizados en el Hospital Central de la Defensa Gómez Ulla por grupos de edad y sexo,3_Demografia_talento|6_Servicios_entorno,Salud|Seguridad,CSV|JSON,https://datos.comunidad.madrid/catalogo/dataset/hospitalizados_gomez_ulla_por_edad_y_sexo
alumnos_terminan_superiores_disenio_por_especialidad_sexo_y_titularidad,"Alumnos que terminan estudios superiores de Diseño por especialidad, sexo y titularidad del centro",3_Demografia_talento,Educación,CSV|JSON,https://datos.comunidad.madrid/catalogo/dataset/alumnos_terminan_superiores_disenio_por_especialidad_sexo_y_titularidad
alumnos_matriculados_ciclos_artes_regimen_especial_por_titularidad_y_sexo,Alumnos matriculados en Ciclos Formativos de Artes Plásticas y Diseño del régimen especial por titularidad del centro y sexo,3_Demografia_talento,Educación,CSV|JSON,https://datos.comunidad.madrid/catalogo/dataset/alumnos_matriculados_ciclos_artes_regimen_especial_por_titularidad_y_sexo
alumnos_terminan_regimen_especial_por_titularidad_y_sexo,Alumnos que terminan enseñanzas del régimen especial por titularidad del centro y sexo,3_Demografia_talento,Educación,CSV|JSON,https://datos.comunidad.madrid/catalogo/dataset/alumnos_terminan_regimen_especial_por_titularidad_y_sexo
profesores_no_universitaria_por_edad_y_titularidad,Profesores de enseñanza no universitaria por edad y titularidad del centro,3_Demografia_talento,Educación,CSV|JSON,https://datos.comunidad.madrid/catalogo/dataset/profesores_no_universitaria_por_edad_y_titularidad
centros_escolares_comedor_residencia_transporte_por_tipo,"Centros escolares con comedor, residencia o transporte escolar por tipo de enseñanza",5_Conectividad_movilidad|6_Servicios_entorno,Educación,CSV|JSON,https://datos.comunidad.madrid/catalogo/dataset/centros_escolares_comedor_residencia_transporte_por_tipo
alumnos_matriculados_otros_programas_por_titularidad,Alumnos matriculados en Otros Programas Formativos por titularidad del centro,3_Demografia_talento,Educación,CSV|JSON,https://datos.comunidad.madrid/catalogo/dataset/alumnos_matriculados_otros_programas_por_titularidad
alumnos_matriculados_ciclos_grado_superior_por_titularidad_y_sexo,Alumnos matriculados en ciclos formativos de grado superior por titularidad del centro y sexo,3_Demografia_talento,Educación,CSV|JSON,https://datos.comunidad.madrid/catalogo/dataset/alumnos_matriculados_ciclos_grado_superior_por_titularidad_y_sexo
alumnos_matriculados_bachillerato_por_sexo,Alumnos matriculados en bachillerato en centros escolares por sexo,3_Demografia_talento,Educación,CSV|JSON,https://datos.comunidad.madrid/catalogo/dataset/alumnos_matriculados_bachillerato_por_sexo
alumnos_matriculados_eso_por_ciclo_curso_y_sexo,"Alumnos matriculados en Educación Secundaria Obligatoria (ESO) por ciclo, curso y sexo",3_Demografia_talento,Educación,CSV|JSON,https://datos.comunidad.madrid/catalogo/dataset/alumnos_matriculados_eso_por_ciclo_curso_y_sexo
alumnos_primaria_promocionaron_por_curso_y_sexo,Alumnos de educación primaria que promocionaron sus estudios por curso y sexo,3_Demografia_talento,Educación,CSV|JSON,https://datos.comunidad.madrid/catalogo/dataset/alumnos_primaria_promocionaron_por_curso_y_sexo
pensiones_contributivas_media_anual_por_edad_y_sexo,Pensiones contributivas. Pensión media anual por grupo de edad y sexo,1_Ayudas_fiscalidad|3_Demografia_talento,Sociedad y bienestar,CSV|JSON,https://datos.comunidad.madrid/catalogo/dataset/pensiones_contributivas_media_anual_por_edad_y_sexo
din_emp,Dinámica Empresarial. Base 2015. Unidades productivas y ocupados. Municipios,4_Empleo_economia,Empleo,CSV|JSON,https://datos.comunidad.madrid/catalogo/dataset/din_emp
col_emp_manufact,Colectivo Empresarial. Base 2015. Unidades productivas y ocupados de la industria manufacturera. Municipios,4_Empleo_economia,Empleo,CSV|JSON,https://datos.comunidad.madrid/catalogo/dataset/col_emp_manufact
pensiones_contributivas_persona_por_edad_y_sexo,Pensiones contributivas. Pensiones por persona por grupo de edad y sexo,1_Ayudas_fiscalidad|3_Demografia_talento,Sociedad y bienestar,CSV|JSON,https://datos.comunidad.madrid/catalogo/dataset/pensiones_contributivas_persona_por_edad_y_sexo
perceptores_salarios_por_sector_y_sexo,Recursos económicos de los hogares. Óptica perceptores. Salarios por sector y sexo,3_Demografia_talento|4_Empleo_economia,Economía,CSV|JSON,https://datos.comunidad.madrid/catalogo/dataset/perceptores_salarios_por_sector_y_sexo
perceptores_salario_medio_anual_por_sector_y_sexo,Recursos económicos de los hogares. Óptica perceptores. Salario medio anual por sector y sexo,3_Demografia_talento|4_Empleo_economia,Economía,CSV|JSON,https://datos.comunidad.madrid/catalogo/dataset/perceptores_salario_medio_anual_por_sector_y_sexo
perceptores_percepciones_persona_por_edad_nacionalidad_y_sexo,"Recursos económicos de los hogares. Óptica perceptores. Percepciones por persona por grupo de edad, nacionalidad y sexo",3_Demografia_talento,Economía,CSV|JSON,https://datos.comunidad.madrid/catalogo/dataset/perceptores_percepciones_persona_por_edad_nacionalidad_y_sexo
perceptores_percepciones_persona_por_sector_y_sexo,Recursos económicos de los hogares. Óptica perceptores. Percepciones por persona por sector y sexo,3_Demografia_talento,Economía,CSV|JSON,https://datos.comunidad.madrid/catalogo/dataset/perceptores_percepciones_persona_por_sector_y_sexo
asalariados_por_entidad_y_sexo,Asalariados desde la óptica del pagador por tipo de entidad pagadora y sexo,4_Empleo_economia,Economía,CSV|JSON,https://datos.comunidad.madrid/catalogo/dataset/asalariados_por_entidad_y_sexo
asalariados_por_sector_y_sexo,Asalariados desde la óptica del pagador por sector y sexo,4_Empleo_economia,Economía,CSV|JSON,https://datos.comunidad.madrid/catalogo/dataset/asalariados_por_sector_y_sexo
retribuciones_por_sector_y_sexo,Recursos económicos de los hogares. Óptica pagadores. Retribuciones por sector y sexo,3_Demografia_talento,Economía,CSV|JSON,https://datos.comunidad.madrid/catalogo/dataset/retribuciones_por_sector_y_sexo
retenciones_por_sector_y_sexo,Recursos económicos de los hogares. Óptica pagadores. Retenciones por sector y sexo,3_Demografia_talento,Economía,CSV|JSON,https://datos.comunidad.madrid/catalogo/dataset/retenciones_por_sector_y_sexo
perceptores_por_sector_y_sexo,Recursos económicos de los hogares. Óptica pagadores. Perceptores por sector y sexo,3_Demografia_talento,Economía,CSV|JSON,https://datos.comunidad.madrid/catalogo/dataset/perceptores_por_sector_y_sexo
retribuciones_por_entidad_y_sexo,Recursos económicos de los hogares. Óptica pagadores. Retribuciones por tipo de entidad pagadora y sexo,3_Demografia_talento,Economía,CSV|JSON,https://datos.comunidad.madrid/catalogo/dataset/retribuciones_por_entidad_y_sexo
retenciones_por_entidad_y_sexo,Recursos económicos de los hogares. Óptica pagadores. Retenciones por tipo de entidad pagadora y sexo,3_Demografia_talento,Economía,CSV|JSON,https://datos.comunidad.madrid/catalogo/dataset/retenciones_por_entidad_y_sexo
parque_vehiculos_por_combustible,Transporte por carretera. Parque de vehículos por tipo de combustible. Municipios,5_Conectividad_movilidad,,CSV|JSON,https://datos.comunidad.madrid/catalogo/dataset/parque_vehiculos_por_combustible
parque_vehiculos_por_tipo,Transporte por carretera. Parque de vehículos por tipo de vehículo. Municipios,5_Conectividad_movilidad,,CSV|JSON,https://datos.comunidad.madrid/catalogo/dataset/parque_vehiculos_por_tipo
ganancia_media_hogares_hora_por_ocupacion_y_sexo,Recursos económicos de los hogares. Estructura salarial cuatrienal. Ganancia media por hora trabajada por ocupación y sexo,3_Demografia_talento|4_Empleo_economia,Empleo,CSV|JSON,https://datos.comunidad.madrid/catalogo/dataset/ganancia_media_hogares_hora_por_ocupacion_y_sexo
ganancia_media_hogares_por_ocupacion_y_sexo,Recursos económicos de los hogares. Estructura salarial cuatrienal. Ganancia media anual por trabajador por ocupación y sexo,3_Demografia_talento|4_Empleo_economia,Empleo,CSV|JSON,https://datos.comunidad.madrid/catalogo/dataset/ganancia_media_hogares_por_ocupacion_y_sexo
ganancia_media_hogares_por_contrato_jornada_y_sexo,"Recursos económicos de los hogares. Ganancia media anual por tipo de contrato, tipo de jornada y sexo",3_Demografia_talento|4_Empleo_economia,Economía,CSV|JSON,https://datos.comunidad.madrid/catalogo/dataset/ganancia_media_hogares_por_contrato_jornada_y_sexo
gasto_hogares_por_grupo,Gasto hogares por grupo de gasto (Base 2006),3_Demografia_talento,,CSV|JSON,https://datos.comunidad.madrid/catalogo/dataset/gasto_hogares_por_grupo
alimentos_hogares_por_tipo_censo_2011,Alimentos consumidos en los hogares por tipo de alimento (Censo 2011),3_Demografia_talento,Sociedad y bienestar,CSV|JSON,https://datos.comunidad.madrid/catalogo/dataset/alimentos_hogares_por_tipo_censo_2011
poblacion_cuenta_propia_por_sexo_edad_y_duracion,"Población ocupada por cuenta propia por sexo, grupo de edad y duración del último emprendimiento. Total",3_Demografia_talento|4_Empleo_economia,,CSV|JSON,https://datos.comunidad.madrid/catalogo/dataset/poblacion_cuenta_propia_por_sexo_edad_y_duracion
proyecciones_poblacion_inmigrante_por_sexo_y_procedencia,Proyecciones de población inmigrante por sexo y procedencia,3_Demografia_talento,Demografía,CSV|JSON,https://datos.comunidad.madrid/catalogo/dataset/proyecciones_poblacion_inmigrante_por_sexo_y_procedencia
proyecciones_nacimientos_madres_por_sexo,Proyecciones de nacimientos de madres residentes por sexo,3_Demografia_talento,Demografía,CSV|JSON,https://datos.comunidad.madrid/catalogo/dataset/proyecciones_nacimientos_madres_por_sexo
proyecciones_poblacion_por_sexo,Proyecciones de población por sexo,3_Demografia_talento,Demografía,CSV|JSON,https://datos.comunidad.madrid/catalogo/dataset/proyecciones_poblacion_por_sexo
concesiones_nacionalidad_por_edad_y_sexo,Concesiones de nacionalidad española por grupos de edad y sexo,3_Demografia_talento,Demografía,CSV|JSON,https://datos.comunidad.madrid/catalogo/dataset/concesiones_nacionalidad_por_edad_y_sexo
col_emp_ramas_1000,Colectivo Empresarial. Base 2015. Unidades productivas y ocupados por rama de actividad por 1.000 habitantes. Municipios,4_Empleo_economia,Empleo,CSV|JSON,https://datos.comunidad.madrid/catalogo/dataset/col_emp_ramas_1000
porcentaje_estudian_por_sexo,Porcentaje de personas de 16 y más años que estudian por lugar de trabajo según grupos de edad y sexo,3_Demografia_talento|4_Empleo_economia,,CSV|JSON,https://datos.comunidad.madrid/catalogo/dataset/porcentaje_estudian_por_sexo
porcentaje_trabajan_por_sexo,Porcentaje de personas de 16 y más años que trabajan por lugar de trabajo según grupos de edad y sexo,3_Demografia_talento|4_Empleo_economia,,CSV|JSON,https://datos.comunidad.madrid/catalogo/dataset/porcentaje_trabajan_por_sexo
conocimiento_lenguas_por_sexo_y_numero,"Personas que conocen bien dos lenguas por grupo de edad, tipo de uso de la lengua, sexo y número de lenguas",3_Demografia_talento,,CSV|JSON,https://datos.comunidad.madrid/catalogo/dataset/conocimiento_lenguas_por_sexo_y_numero
perfil_red_social_por_sexo,"Personas de 16 años o más que disponen de perfil en alguna red social por grupo de edad, nivel educativo y sexo",3_Demografia_talento,,CSV|JSON,https://datos.comunidad.madrid/catalogo/dataset/perfil_red_social_por_sexo
ventas_internet_por_sexo,"Personas de 16 años o más que han vendido a través de internet en el último mes por grupo de edad, nivel educativo y sexo",3_Demografia_talento|5_Conectividad_movilidad,,CSV|JSON,https://datos.comunidad.madrid/catalogo/dataset/ventas_internet_por_sexo
compras_internet_por_sexo,"Personas de 16 años o más que han comprado a través de internet en el último mes por grupo de edad, nivel educativo y sexo",3_Demografia_talento|5_Conectividad_movilidad,,CSV|JSON,https://datos.comunidad.madrid/catalogo/dataset/compras_internet_por_sexo
censo_2011_poblacion_por_nacionalidad_edad_y_sexo,"Población española censada por nacionalidad, grupo de edad y sexo. Censo 2011",3_Demografia_talento,Demografía,CSV|JSON,https://datos.comunidad.madrid/catalogo/dataset/censo_2011_poblacion_por_nacionalidad_edad_y_sexo
superficie_gestion,Superficie de las Comarcas forestales según división en Servicios de Gestión Forestal,,Medio ambiente,CSV|JSON,https://datos.comunidad.madrid/catalogo/dataset/superficie_gestion
superficie_agentes,Superficie de las Comarcas forestales según división del Cuerpo de Agentes Forestales,,Medio ambiente,CSV|JSON,https://datos.comunidad.madrid/catalogo/dataset/superficie_agentes
superficie_dg,Superficie de las Comarcas forestales según división de la Dirección General de Biodiversidad y Recursos Naturales,,Medio ambiente,CSV|JSON,https://datos.comunidad.madrid/catalogo/dataset/superficie_dg
porcentaje_defunciones_por_causa_y_sexo,Porcentaje de defunciones de residentes por causa de muerte y sexo. Municipios,3_Demografia_talento,Salud,CSV|JSON,https://datos.comunidad.madrid/catalogo/dataset/porcentaje_defunciones_por_causa_y_sexo
estudiantes_matriculados_master_por_ambito_y_sexo,Estudiantes matriculados en estudios de máster por ámbito de estudio y sexo,3_Demografia_talento,Educación,CSV|JSON,https://datos.comunidad.madrid/catalogo/dataset/estudiantes_matriculados_master_por_ambito_y_sexo
estudiantes_master_por_sexo_y_nacionalidad,Estudiantes en estudios de máster por sexo y nacionalidad,3_Demografia_talento,Educación,CSV|JSON,https://datos.comunidad.madrid/catalogo/dataset/estudiantes_master_por_sexo_y_nacionalidad
estudiantes_master_por_sexo_y_edad,Estudiantes en estudios de máster por sexo y grupo de edad,3_Demografia_talento,Educación,CSV|JSON,https://datos.comunidad.madrid/catalogo/dataset/estudiantes_master_por_sexo_y_edad
estudiantes_egresados_master_por_ambito_y_sexo,Estudiantes egresados en estudios de máster por ámbito de estudio y sexo,3_Demografia_talento,Educación,CSV|JSON,https://datos.comunidad.madrid/catalogo/dataset/estudiantes_egresados_master_por_ambito_y_sexo
estudiantes_nuevo_ingreso_grado_por_ambito_y_sexo,Estudiantes de nuevo ingreso en estudios de Grado por ámbito de estudio y sexo,3_Demografia_talento,Educación,CSV|JSON,https://datos.comunidad.madrid/catalogo/dataset/estudiantes_nuevo_ingreso_grado_por_ambito_y_sexo
estudiantes_matriculados_grado_por_ambito_y_sexo,Estudiantes matriculados en estudios de Grado por ámbito de estudio y sexo,3_Demografia_talento,Educación,CSV|JSON,https://datos.comunidad.madrid/catalogo/dataset/estudiantes_matriculados_grado_por_ambito_y_sexo
col_emp_ramas,Colectivo Empresarial. Base 2015. Unidades productivas y ocupados por rama de actividad. Municipios,4_Empleo_economia,Empleo,CSV|JSON,https://datos.comunidad.madrid/catalogo/dataset/col_emp_ramas
col_emp_estratos,Colectivo Empresarial. Base 2015. Unidades productivas y ocupados por estrato de empleo. Municipios,4_Empleo_economia,Empleo,CSV|JSON,https://datos.comunidad.madrid/catalogo/dataset/col_emp_estratos
pib_municipal_porcentaje_2015_act,Porcentaje de la estimación del Producto Interior Bruto Municipal por rama de actividad. Base 2015 actualizada. Municipios,,Economía,CSV|JSON,https://datos.comunidad.madrid/catalogo/dataset/pib_municipal_porcentaje_2015_act
pib_municipal_per_capita_2015_act,Estimación del Producto Interior Bruto Municipal per cápita por rama de actividad. Base 2015 actualizada. Municipios,,Economía,CSV|JSON,https://datos.comunidad.madrid/catalogo/dataset/pib_municipal_per_capita_2015_act
pib_municipal_2015_act,Estimación del Producto Interior Bruto Municipal por rama de actividad (miles euros). Base 2015 actualizada. Municipios,,Economía,CSV|JSON,https://datos.comunidad.madrid/catalogo/dataset/pib_municipal_2015_act
pib_municipal_porcentaje_2015,Porcentaje de la estimación del Producto Interior Bruto Municipal por rama de actividad. Base 2015. Municipios,,Economía,CSV|JSON,https://datos.comunidad.madrid/catalogo/dataset/pib_municipal_porcentaje_2015
pib_municipal_per_capita_2015,Estimación del Producto Interior Bruto Municipal per cápita por rama de actividad. Base 2015. Municipios,,Economía,CSV|JSON,https://datos.comunidad.madrid/catalogo/dataset/pib_municipal_per_capita_2015
pib_municipal_2015,Estimación del Producto Interior Bruto Municipal por rama de actividad (miles euros). Base 2015. Municipios,,Economía,CSV|JSON,https://datos.comunidad.madrid/catalogo/dataset/pib_municipal_2015
pib_municipal_porcentaje_2021,Porcentaje de la estimación del Producto Interior Bruto Municipal por rama de actividad. Base 2021. Municipios,,,CSV|JSON,https://datos.comunidad.madrid/catalogo/dataset/pib_municipal_porcentaje_2021
pib_municipal_per_capita_2021,Estimación del Producto Interior Bruto Municipal per cápita por rama de actividad. Base 2021. Municipios,,,CSV|JSON,https://datos.comunidad.madrid/catalogo/dataset/pib_municipal_per_capita_2021
pib_municipal_2021,Estimación del Producto Interior Bruto Municipal por rama de actividad (miles euros). Base 2021. Municipios,,,CSV|JSON,https://datos.comunidad.madrid/catalogo/dataset/pib_municipal_2021
estudiantes_grado_por_sexo_y_edad,Estudiantes en estudios de Grado por sexo y grupo de edad,3_Demografia_talento,Educación,CSV|JSON,https://datos.comunidad.madrid/catalogo/dataset/estudiantes_grado_por_sexo_y_edad
estudiantes_egresados_grado_por_ambito_y_sexo,Estudiantes egresados en estudios de Grado por ámbito de estudio y sexo,3_Demografia_talento,Educación,CSV|JSON,https://datos.comunidad.madrid/catalogo/dataset/estudiantes_egresados_grado_por_ambito_y_sexo
alumnos_terminan_arte_dramatico_por_especialidad_sexo_y_titularidad,"Alumnos que terminan enseñanzas de Arte dramático por especialidad, sexo y titularidad",3_Demografia_talento,Educación,CSV|JSON,https://datos.comunidad.madrid/catalogo/dataset/alumnos_terminan_arte_dramatico_por_especialidad_sexo_y_titularidad
alumnos_regimen_especial_matriculados_arte_dramatico_loe_por_curso_especialidad_y_sexo,"Alumnos del régimen especial matriculados de Arte Dramático de enseñanzas (LOE) por curso, especialidad y sexo",3_Demografia_talento,Educación,CSV|JSON,https://datos.comunidad.madrid/catalogo/dataset/alumnos_regimen_especial_matriculados_arte_dramatico_loe_por_curso_especialidad_y_sexo
censo_2011_viviendas_censadas_por_tipo,Censo de vivienda y locales 2011. Viviendas censadas por tipo. Municipios,2_Inmobiliario_suelo|3_Demografia_talento,Vivienda,CSV|JSON,https://datos.comunidad.madrid/catalogo/dataset/censo_2011_viviendas_censadas_por_tipo
censo_2021_viviendas_familiares_por_anyo,Censo de vivienda y locales 2021. Viviendas familiares por año de construcción. Municipios,2_Inmobiliario_suelo|3_Demografia_talento,,CSV|JSON,https://datos.comunidad.madrid/catalogo/dataset/censo_2021_viviendas_familiares_por_anyo
censo_2021_viviendas_por_consumo_electrico,Censo de vivienda y locales 2021. Viviendas por intensidad de uso consumo eléctrico. Municipios,2_Inmobiliario_suelo|3_Demografia_talento,,CSV|JSON,https://datos.comunidad.madrid/catalogo/dataset/censo_2021_viviendas_por_consumo_electrico
censo_2021_porcentaje_viviendas_familiares_por_tenencia,Censo de vivienda y locales 2021. Porcentaje de viviendas familiares por régimen de tenencia. Municipios,2_Inmobiliario_suelo|3_Demografia_talento,,CSV|JSON,https://datos.comunidad.madrid/catalogo/dataset/censo_2021_porcentaje_viviendas_familiares_por_tenencia
censo_2021_viviendas_familiares_por_tenencia,Censo de vivienda y locales 2021. Viviendas familiares principales por régimen de tenencia. Municipios,2_Inmobiliario_suelo|3_Demografia_talento,,CSV|JSON,https://datos.comunidad.madrid/catalogo/dataset/censo_2021_viviendas_familiares_por_tenencia
censo_2021_viviendas_familiares_por_tamanyo,Censo de vivienda y locales 2021. Viviendas familiares principales convencionales por tamaño del hogar. Municipios,2_Inmobiliario_suelo|3_Demografia_talento,,CSV|JSON,https://datos.comunidad.madrid/catalogo/dataset/censo_2021_viviendas_familiares_por_tamanyo
censo_2021_viviendas_familiares_por_superficie,Censo de vivienda y locales 2021. Viviendas familiares por superficie útil. Municipios,2_Inmobiliario_suelo|3_Demografia_talento,,CSV|JSON,https://datos.comunidad.madrid/catalogo/dataset/censo_2021_viviendas_familiares_por_superficie
censo_2021_porcentaje_viviendas_familiares_por_tipo_edificio,Censo de vivienda y locales 2021. Porcentaje de viviendas familiares por tipo de edificio. Municipios,2_Inmobiliario_suelo|3_Demografia_talento,,CSV|JSON,https://datos.comunidad.madrid/catalogo/dataset/censo_2021_porcentaje_viviendas_familiares_por_tipo_edificio
censo_2021_porcentaje_viviendas_familiares_por_tipo,Censo de vivienda y locales 2021. Porcentaje de viviendas familiares convencionales por tipo de vivienda. Municipios,2_Inmobiliario_suelo|3_Demografia_talento,,CSV|JSON,https://datos.comunidad.madrid/catalogo/dataset/censo_2021_porcentaje_viviendas_familiares_por_tipo
censo_2021_viviendas_familiares_por_tipo,Censo de vivienda y locales 2021. Viviendas familiares convencionales por tipo de vivienda. Municipios,2_Inmobiliario_suelo|3_Demografia_talento,,CSV|JSON,https://datos.comunidad.madrid/catalogo/dataset/censo_2021_viviendas_familiares_por_tipo
valor_tasado_por_antiguedad,Valor tasado vivienda libre en municipios de más de 25.000 habitantes por antigüedad (euros/m2). Municipios,2_Inmobiliario_suelo|3_Demografia_talento,Vivienda,CSV|JSON,https://datos.comunidad.madrid/catalogo/dataset/valor_tasado_por_antiguedad
parcelas_urbanas_sin_edificar_por_superficie,Catastro Inmobiliario. Parcelas catastrales urbanas sin edificar por superficie. Municipios,2_Inmobiliario_suelo,Urbanismo e infraestructuras,CSV|JSON,https://datos.comunidad.madrid/catalogo/dataset/parcelas_urbanas_sin_edificar_por_superficie
parcelas_urbanas_edificadas_por_superficie,Catastro Inmobiliario. Parcelas catastrales urbanas edificadas por superficie. Municipios,2_Inmobiliario_suelo,Urbanismo e infraestructuras,CSV|JSON,https://datos.comunidad.madrid/catalogo/dataset/parcelas_urbanas_edificadas_por_superficie
parcelas_urbanas_edificadas_por_propiedad,Catastro Inmobiliario. Parcelas catastrales urbanas edificadas por tipo propiedad. Municipios,2_Inmobiliario_suelo|3_Demografia_talento,Urbanismo e infraestructuras,CSV|JSON,https://datos.comunidad.madrid/catalogo/dataset/parcelas_urbanas_edificadas_por_propiedad
unidades_urbanas_por_uso,Catastro Inmobiliario. Unidades urbanas por uso. Municipios,2_Inmobiliario_suelo,Urbanismo e infraestructuras,CSV|JSON,https://datos.comunidad.madrid/catalogo/dataset/unidades_urbanas_por_uso
valor_catastral_construccion,Catastro Inmobiliario. Valor catastral urbano construcción. Municipios,2_Inmobiliario_suelo,Urbanismo e infraestructuras,CSV|JSON,https://datos.comunidad.madrid/catalogo/dataset/valor_catastral_construccion
valor_catastral_suelo,Catastro Inmobiliario. Valor catastral urbano suelo. Municipios,2_Inmobiliario_suelo,Urbanismo e infraestructuras,CSV|JSON,https://datos.comunidad.madrid/catalogo/dataset/valor_catastral_suelo
valor_catastral_urbano,Catastro Inmobiliario. Valor catastral urbano (miles euros). Municipios,2_Inmobiliario_suelo,Urbanismo e infraestructuras,CSV|JSON,https://datos.comunidad.madrid/catalogo/dataset/valor_catastral_urbano
titulares_inmuebles,Catastro Inmobiliario. Titulares de inmuebles urbanos por tipo de inmueble. Municipios,2_Inmobiliario_suelo,Urbanismo e infraestructuras,CSV|JSON,https://datos.comunidad.madrid/catalogo/dataset/titulares_inmuebles
alumnos_terminaron_idiomas_presencial_distancia_por_idioma_nivel_y_sexo,"Alumnos que terminaron EE de Idiomas (presencial y distancia) por idioma, nivel y sexo",3_Demografia_talento,Educación,CSV|JSON,https://datos.comunidad.madrid/catalogo/dataset/alumnos_terminaron_idiomas_presencial_distancia_por_idioma_nivel_y_sexo
alumnos_regimen_especial_matriculados_idiomas_por_lengua_y_sexo,Alumnos del régimen especial matriculados en enseñanzas de Idiomas por lengua extranjera y sexo,3_Demografia_talento,Educación,CSV|JSON,https://datos.comunidad.madrid/catalogo/dataset/alumnos_regimen_especial_matriculados_idiomas_por_lengua_y_sexo
alumnos_terminan_superiores_danza_por_especialidad_sexo_y_titularidad,"Alumnos que terminan enseñanzas superiores de Danza por especialidad, sexo y titularidad",3_Demografia_talento,Educación,CSV|JSON,https://datos.comunidad.madrid/catalogo/dataset/alumnos_terminan_superiores_danza_por_especialidad_sexo_y_titularidad
alumnos_terminan_profesionales_danza_por_especialidad_sexo_y_titularidad,"Alumnos que terminan enseñanzas profesionales de Danza por especialidad, sexo y titularidad",3_Demografia_talento,Educación,CSV|JSON,https://datos.comunidad.madrid/catalogo/dataset/alumnos_terminan_profesionales_danza_por_especialidad_sexo_y_titularidad
alumnos_regimen_especial_matriculados_danza_por_grado_especialidad_y_sexo,"Alumnos del régimen especial matriculados en Danza por grado, especialidad y sexo",3_Demografia_talento,Educación,CSV|JSON,https://datos.comunidad.madrid/catalogo/dataset/alumnos_regimen_especial_matriculados_danza_por_grado_especialidad_y_sexo
censo_2001_viviendas_colectivas_por_tipo,Censo de vivienda y locales 2001. Viviendas colectivas por tipo. Municipios,2_Inmobiliario_suelo|3_Demografia_talento,Vivienda,CSV|JSON,https://datos.comunidad.madrid/catalogo/dataset/censo_2001_viviendas_colectivas_por_tipo
censo_2001_viviendas_vacias_por_anyo,Censo de vivienda y locales 2001. Viviendas familiares vacías por año de construcción. Municipios,2_Inmobiliario_suelo|3_Demografia_talento,Vivienda,CSV|JSON,https://datos.comunidad.madrid/catalogo/dataset/censo_2001_viviendas_vacias_por_anyo
censo_2001_viviendas_secundarias_por_anyo,Censo de vivienda y locales 2001. Viviendas familiares secundarias por año de construcción. Municipios,2_Inmobiliario_suelo|3_Demografia_talento,Vivienda,CSV|JSON,https://datos.comunidad.madrid/catalogo/dataset/censo_2001_viviendas_secundarias_por_anyo
censo_2001_porcentaje_viviendas_familiares_por_hacinamiento,Censo de vivienda y locales 2001. Indicadores. Porcentaje de viviendas familiares principales por hacinamiento. Municipios,2_Inmobiliario_suelo|3_Demografia_talento,Vivienda,CSV|JSON,https://datos.comunidad.madrid/catalogo/dataset/censo_2001_porcentaje_viviendas_familiares_por_hacinamiento
censo_2001_porcentaje_viviendas_familiares_por_densidad,Censo de vivienda y locales 2001. Indicadores. Porcentaje de viviendas familiares principales por densidad habitacional. Municipios,2_Inmobiliario_suelo|3_Demografia_talento,Vivienda,CSV|JSON,https://datos.comunidad.madrid/catalogo/dataset/censo_2001_porcentaje_viviendas_familiares_por_densidad
censo_2001_viviendas_familiares_por_hacinamiento,Censo de vivienda y locales 2001. Indicadores. Viviendas familiares principales por hacinamiento. Municipios,2_Inmobiliario_suelo|3_Demografia_talento,Vivienda,CSV|JSON,https://datos.comunidad.madrid/catalogo/dataset/censo_2001_viviendas_familiares_por_hacinamiento
censo_2001_viviendas_familiares_por_densidad,Censo de vivienda y locales 2001. Indicadores. Viviendas familiares principales por densidad habitacional. Municipios,2_Inmobiliario_suelo|3_Demografia_talento,Vivienda,CSV|JSON,https://datos.comunidad.madrid/catalogo/dataset/censo_2001_viviendas_familiares_por_densidad
censo_2001_viviendas_familiares_por_estado_vivienda,Censo de vivienda y locales 2001. Indicadores. Viviendas familiares principales por estado de la vivienda. Municipios,2_Inmobiliario_suelo|3_Demografia_talento,Vivienda,CSV|JSON,https://datos.comunidad.madrid/catalogo/dataset/censo_2001_viviendas_familiares_por_estado_vivienda
censo_2001_viviendas_familiares_por_problemas,Censo de vivienda y locales 2001. Viviendas familiares principales por problemas de la vivienda. Municipios,2_Inmobiliario_suelo|3_Demografia_talento,Vivienda,CSV|JSON,https://datos.comunidad.madrid/catalogo/dataset/censo_2001_viviendas_familiares_por_problemas
censo_2001_viviendas_familiares_por_personas,Censo de vivienda y locales 2001. Viviendas familiares principales por número de personas. Municipios,2_Inmobiliario_suelo|3_Demografia_talento,Vivienda,CSV|JSON,https://datos.comunidad.madrid/catalogo/dataset/censo_2001_viviendas_familiares_por_personas
censo_2001_porcentaje_viviendas_familiares_por_regimen,Censo de vivienda y locales 2001. Porcentaje de viviendas familiares principales por régimen de tenencia. Municipios,2_Inmobiliario_suelo|3_Demografia_talento,Vivienda,CSV|JSON,https://datos.comunidad.madrid/catalogo/dataset/censo_2001_porcentaje_viviendas_familiares_por_regimen
censo_2001_viviendas_familiares_por_regimen,Censo de vivienda y locales 2001. Viviendas familiares principales por régimen de tenencia. Municipios,2_Inmobiliario_suelo|3_Demografia_talento,Vivienda,CSV|JSON,https://datos.comunidad.madrid/catalogo/dataset/censo_2001_viviendas_familiares_por_regimen
censo_2001_porcentaje_viviendas_familiares_por_estado,Censo de vivienda y locales 2001. Porcentaje de viviendas familiares principales por estado del edificio. Municipios,2_Inmobiliario_suelo|3_Demografia_talento,Vivienda,CSV|JSON,https://datos.comunidad.madrid/catalogo/dataset/censo_2001_porcentaje_viviendas_familiares_por_estado
establecimientos_hoteleros,Número de establecimientos hoteleros por tipo de establecimiento. Municipios,4_Empleo_economia,Turismo,CSV|JSON,https://datos.comunidad.madrid/catalogo/dataset/establecimientos_hoteleros
energia_electrica_facturada,Energía eléctrica facturada. Municipios,6_Servicios_entorno,Energía,CSV|JSON,https://datos.comunidad.madrid/catalogo/dataset/energia_electrica_facturada
censo_89_99_09_explotaciones_agricolas_porcentaje,"Censo agrario (1989, 1999, 2009). Porcentaje de explotaciones agrícolas con tierras por superficie. Municipios",3_Demografia_talento,Medio Rural,CSV|JSON,https://datos.comunidad.madrid/catalogo/dataset/censo_89_99_09_explotaciones_agricolas_porcentaje
censo_89_99_09_explotaciones_agricolas,"Censo agrario (1989, 1999, 2009). Explotaciones agrícolas por superficie de tierras. Municipios",3_Demografia_talento,Medio Rural,CSV|JSON,https://datos.comunidad.madrid/catalogo/dataset/censo_89_99_09_explotaciones_agricolas
censo_89_99_09_sau_porcentaje,"Censo agrario (1989, 1999, 2009). Porcentaje de superficie agrícola utilizada (SAU) de las explotaciones agrícolas por régimen de tenencia. Municipios",3_Demografia_talento,Medio Rural,CSV|JSON,https://datos.comunidad.madrid/catalogo/dataset/censo_89_99_09_sau_porcentaje
censo_89_99_09_sau,"Censo agrario (1989, 1999, 2009). Superficie agrícola utilizada (SAU) de las explotaciones agrícolas por régimen de tenencia. Municipios",3_Demografia_talento,Medio Rural,CSV|JSON,https://datos.comunidad.madrid/catalogo/dataset/censo_89_99_09_sau
censo_2020_jefes_por_formacion,Censo agrario 2020. Número de jefes de explotaciones agrarias por nivel de formación agraria. Municipios,3_Demografia_talento,Medio Rural,CSV|JSON,https://datos.comunidad.madrid/catalogo/dataset/censo_2020_jefes_por_formacion
censo_2020_jefes_por_edad,Censo agrario 2020. Edad media y número de jefes de explotaciones agrarias por grupo de edad. Municipios,3_Demografia_talento,Medio Rural,CSV|JSON,https://datos.comunidad.madrid/catalogo/dataset/censo_2020_jefes_por_edad
censo_2020_jefes_por_sexo,Censo agrario 2020. Edad media y número de jefes de explotaciones agrarias por sexo. Municipios,3_Demografia_talento,Medio Rural,CSV|JSON,https://datos.comunidad.madrid/catalogo/dataset/censo_2020_jefes_por_sexo
censo_2020_distribucion_sau,Censo agrario 2020. Distribución general de la superficie agrícola (SAU) por tipo de cultivo. Municipios,3_Demografia_talento,Medio Rural,CSV|JSON,https://datos.comunidad.madrid/catalogo/dataset/censo_2020_distribucion_sau
censo_2001_porcentaje_locales_activos_por_tipo,Censo de vivienda y locales 2001. Porcentaje de locales activos por tipo de local. Municipios,2_Inmobiliario_suelo|3_Demografia_talento,Vivienda,CSV|JSON,https://datos.comunidad.madrid/catalogo/dataset/censo_2001_porcentaje_locales_activos_por_tipo
censo_2001_locales_activos_por_tipo,Censo de vivienda y locales 2001. Locales activos por tipo de local. Municipios,2_Inmobiliario_suelo|3_Demografia_talento,Vivienda,CSV|JSON,https://datos.comunidad.madrid/catalogo/dataset/censo_2001_locales_activos_por_tipo
censo_2001_edificios_viviendas_por_estado,Censo de vivienda y locales 2001. Edificios destinados principalmente a viviendas por estado. Municipios,2_Inmobiliario_suelo|3_Demografia_talento,Vivienda,CSV|JSON,https://datos.comunidad.madrid/catalogo/dataset/censo_2001_edificios_viviendas_por_estado
censo_2001_edificios_viviendas_por_viviendas,Censo de vivienda y locales 2001. Edificios destinados principalmente a viviendas por número de viviendas. Municipios,2_Inmobiliario_suelo|3_Demografia_talento,Vivienda,CSV|JSON,https://datos.comunidad.madrid/catalogo/dataset/censo_2001_edificios_viviendas_por_viviendas
censo_2001_porcentaje_edificios_viviendas_por_instalaciones,Censo de vivienda y locales 2001. Porcentaje de edificios destinados principalmente a viviendas por instalaciones. Municipios,2_Inmobiliario_suelo|3_Demografia_talento,Vivienda,CSV|JSON,https://datos.comunidad.madrid/catalogo/dataset/censo_2001_porcentaje_edificios_viviendas_por_instalaciones
censo_2001_edificios_viviendas_por_instalaciones,Censo de vivienda y locales 2001. Edificios destinados principalmente a viviendas por instalaciones. Municipios,2_Inmobiliario_suelo|3_Demografia_talento,Vivienda,CSV|JSON,https://datos.comunidad.madrid/catalogo/dataset/censo_2001_edificios_viviendas_por_instalaciones
censo_2001_porcentaje_edificios_viviendas_por_anyo,Censo de vivienda y locales 2001. Porcentaje de edificios destinados principalmente a viviendas por año de construcción. Municipios,2_Inmobiliario_suelo|3_Demografia_talento,Vivienda,CSV|JSON,https://datos.comunidad.madrid/catalogo/dataset/censo_2001_porcentaje_edificios_viviendas_por_anyo
censo_2001_edificios_viviendas_por_anyo,Censo de vivienda y locales 2001. Edificios destinados principalmente a viviendas por año de construcción. Municipios,2_Inmobiliario_suelo|3_Demografia_talento,Vivienda,CSV|JSON,https://datos.comunidad.madrid/catalogo/dataset/censo_2001_edificios_viviendas_por_anyo
censo_2001_edificios_viviendas_por_propietario,Censo de vivienda y locales 2001. Edificios destinados principalmente a viviendas por clase de propietarios. Municipios,2_Inmobiliario_suelo|3_Demografia_talento,Vivienda,CSV|JSON,https://datos.comunidad.madrid/catalogo/dataset/censo_2001_edificios_viviendas_por_propietario
censo_2001_viviendas_familiares_por_estado_edificio,Censo de vivienda y locales 2001. Viviendas familiares principales por estado del edificio. Municipios,2_Inmobiliario_suelo|3_Demografia_talento,Vivienda,CSV|JSON,https://datos.comunidad.madrid/catalogo/dataset/censo_2001_viviendas_familiares_por_estado_edificio
censo_2001_viviendas_familiares_por_instalaciones,Censo de vivienda y locales 2001. Viviendas familiares principales por instalaciones. Municipios,2_Inmobiliario_suelo|3_Demografia_talento,Vivienda,CSV|JSON,https://datos.comunidad.madrid/catalogo/dataset/censo_2001_viviendas_familiares_por_instalaciones
censo_2001_porcentaje_viviendas_familiares_por_habitaciones,Censo de vivienda y locales 2001. Porcentaje de viviendas familiares principales por habitaciones. Municipios,2_Inmobiliario_suelo|3_Demografia_talento,Vivienda,CSV|JSON,https://datos.comunidad.madrid/catalogo/dataset/censo_2001_porcentaje_viviendas_familiares_por_habitaciones
censo_2001_viviendas_familiares_por_habitaciones,Censo de vivienda y locales 2001. Viviendas familiares principales por habitaciones. Municipios,2_Inmobiliario_suelo|3_Demografia_talento,Vivienda,CSV|JSON,https://datos.comunidad.madrid/catalogo/dataset/censo_2001_viviendas_familiares_por_habitaciones
censo_2001_porcentaje_viviendas_familiares_por_superficie,Censo de vivienda y locales 2001. Porcentaje de viviendas familiares principales por superficie útil. Municipios,2_Inmobiliario_suelo|3_Demografia_talento,Vivienda,CSV|JSON,https://datos.comunidad.madrid/catalogo/dataset/censo_2001_porcentaje_viviendas_familiares_por_superficie
censo_2001_viviendas_familiares_por_superficie,Censo de vivienda y locales 2001. Viviendas familiares principales por superficie útil. Municipios,2_Inmobiliario_suelo|3_Demografia_talento,Vivienda,CSV|JSON,https://datos.comunidad.madrid/catalogo/dataset/censo_2001_viviendas_familiares_por_superficie
censo_2001_viviendas_familiares_por_anyo,Censo de vivienda y locales 2001. Viviendas familiares principales por año de construcción. Municipios,2_Inmobiliario_suelo|3_Demografia_talento,Vivienda,CSV|JSON,https://datos.comunidad.madrid/catalogo/dataset/censo_2001_viviendas_familiares_por_anyo
censo_2001_viviendas_familiares_por_tipo,Censo de vivienda y locales 2001. Viviendas familiares por tipo. Municipios,2_Inmobiliario_suelo|3_Demografia_talento,Vivienda,CSV|JSON,https://datos.comunidad.madrid/catalogo/dataset/censo_2001_viviendas_familiares_por_tipo
censo_2001_viviendas_censadas_por_tipo,Censo de vivienda y locales 2001. Viviendas censadas por tipo. Municipios,2_Inmobiliario_suelo|3_Demografia_talento,Vivienda,CSV|JSON,https://datos.comunidad.madrid/catalogo/dataset/censo_2001_viviendas_censadas_por_tipo
censo_2011_establecimientos_colectivos_por_tipo,Censo de vivienda y locales 2011. Establecimientos colectivos por tipo. Municipios,2_Inmobiliario_suelo|3_Demografia_talento|4_Empleo_economia,Vivienda,CSV|JSON,https://datos.comunidad.madrid/catalogo/dataset/censo_2011_establecimientos_colectivos_por_tipo
censo_2011_porcentaje_viviendas_censadas_por_tipo,Censo de vivienda y locales 2011. Porcentaje de viviendas censadas por tipo. Municipios,2_Inmobiliario_suelo|3_Demografia_talento,Vivienda,CSV|JSON,https://datos.comunidad.madrid/catalogo/dataset/censo_2011_porcentaje_viviendas_censadas_por_tipo
elecciones_locales_concejales_por_candidaturas_y_sexo,Elecciones Locales. Concejales por candidaturas y sexo. Municipios,,Sociedad y bienestar,CSV|JSON,https://datos.comunidad.madrid/catalogo/dataset/elecciones_locales_concejales_por_candidaturas_y_sexo
elecciones_locales_porcentaje_votos_por_candidaturas,Elecciones Locales. Porcentaje de votos por candidaturas. Municipios,,Sociedad y bienestar,CSV|JSON,https://datos.comunidad.madrid/catalogo/dataset/elecciones_locales_porcentaje_votos_por_candidaturas
elecciones_locales_votos_por_candidaturas,Elecciones Locales. Votos por candidaturas. Municipios,,Sociedad y bienestar,CSV|JSON,https://datos.comunidad.madrid/catalogo/dataset/elecciones_locales_votos_por_candidaturas
elecciones_locales,Elecciones Locales. Municipios,,Sociedad y bienestar,CSV|JSON,https://datos.comunidad.madrid/catalogo/dataset/elecciones_locales
elecciones_parlamento_europeo_porcentaje_votos_por_candidaturas,Elecciones. Parlamento Europeo. Porcentaje de votos por candidaturas. Municipios,,Sociedad y bienestar,CSV|JSON,https://datos.comunidad.madrid/catalogo/dataset/elecciones_parlamento_europeo_porcentaje_votos_por_candidaturas
elecciones_parlamento_europeo_votos_por_candidaturas,Elecciones. Parlamento Europeo. Votos por candidaturas. Municipios,,Sociedad y bienestar,CSV|JSON,https://datos.comunidad.madrid/catalogo/dataset/elecciones_parlamento_europeo_votos_por_candidaturas
alumnos_no_universitarios_general_por_tipo_y_ensenanza,Alumnos no universitarios del régimen general matriculados en centros escolares por tipo de centro y enseñanza que imparten. Municipios,3_Demografia_talento,Educación,CSV|JSON,https://datos.comunidad.madrid/catalogo/dataset/alumnos_no_universitarios_general_por_tipo_y_ensenanza
porcentaje_alumnos_no_universitarios_por_tipo,Porcentaje de alumnos no universitarios del régimen general matriculados por tipo de centro. Municipios,3_Demografia_talento,Educación,CSV|JSON,https://datos.comunidad.madrid/catalogo/dataset/porcentaje_alumnos_no_universitarios_por_tipo
alumnos_no_universitarios_por_tipo_y_regimen,Alumnos no universitarios matriculados en centros escolares por tipo de centro y régimen. Municipios,3_Demografia_talento,Educación,CSV|JSON,https://datos.comunidad.madrid/catalogo/dataset/alumnos_no_universitarios_por_tipo_y_regimen
pensiones_contributivas_por_sexo,Pensiones contributivas por sexo. Municipios,1_Ayudas_fiscalidad,Sociedad y bienestar,CSV|JSON,https://datos.comunidad.madrid/catalogo/dataset/pensiones_contributivas_por_sexo
irpf_declaraciones_por_tramo,Declaraciones del IRPF por tramo base imponible. Municipios,,Hacienda,CSV|JSON,https://datos.comunidad.madrid/catalogo/dataset/irpf_declaraciones_por_tramo
unidades_centros_no_universitarios_general_por_tipo_y_ensenanza,Unidades escolares en centros no universitarios del régimen general por tipo de centro y enseñanza que imparten. Municipios,3_Demografia_talento,Educación,CSV|JSON,https://datos.comunidad.madrid/catalogo/dataset/unidades_centros_no_universitarios_general_por_tipo_y_ensenanza
elecciones_senado_votos_por_candidaturas,Elecciones. Senado. Votos por candidaturas. Municipios,,Sociedad y bienestar,CSV|JSON,https://datos.comunidad.madrid/catalogo/dataset/elecciones_senado_votos_por_candidaturas
elecciones_congreso_porcentaje_votos_por_candidaturas,Elecciones. Congreso de los Diputados. Porcentaje de votos por candidaturas. Municipios,,Sociedad y bienestar,CSV|JSON,https://datos.comunidad.madrid/catalogo/dataset/elecciones_congreso_porcentaje_votos_por_candidaturas
elecciones_congreso_votos_por_candidaturas,Elecciones. Congreso de los Diputados. Votos por candidaturas. Municipios,,Sociedad y bienestar,CSV|JSON,https://datos.comunidad.madrid/catalogo/dataset/elecciones_congreso_votos_por_candidaturas
bibliotecas_publicas_usuarios_por_tipo,Bibliotecas públicas. Usuarios inscritos por tipo. Municipios,,Cultura y ocio,CSV|JSON,https://datos.comunidad.madrid/catalogo/dataset/bibliotecas_publicas_usuarios_por_tipo
centros_servicios_sociales_por_tipo,Centros de servicios sociales por tipo. Municipios,,Sociedad y bienestar,CSV|JSON,https://datos.comunidad.madrid/catalogo/dataset/centros_servicios_sociales_por_tipo
mnp_matrimonios_distinto_sexo_por_edad_y_sexo,Matrimonios de distinto sexo que han fijado su residencia en la Comunidad de Madrid por grupo de edad y sexo. Municipios,3_Demografia_talento|6_Servicios_entorno,,CSV|JSON,https://datos.comunidad.madrid/catalogo/dataset/mnp_matrimonios_distinto_sexo_por_edad_y_sexo
defunciones_por_causa_y_sexo,Defunciones por causa de muerte y sexo. Municipios,3_Demografia_talento,Salud,CSV|JSON,https://datos.comunidad.madrid/catalogo/dataset/defunciones_por_causa_y_sexo
profesores_no_universitarios_general_por_tipo_y_ensenanza,Profesores no universitarios del régimen general por tipo de centro y enseñanza que imparten. Municipios,3_Demografia_talento,Educación,CSV|JSON,https://datos.comunidad.madrid/catalogo/dataset/profesores_no_universitarios_general_por_tipo_y_ensenanza
centros_no_universitarios_general_por_tipo_y_ensenanza,Centros no universitarios del régimen general por tipo de centro y enseñanza que imparten. Municipios,3_Demografia_talento,Educación,CSV|JSON,https://datos.comunidad.madrid/catalogo/dataset/centros_no_universitarios_general_por_tipo_y_ensenanza
servicio_regional_bibliobuses_2025,Servicio Regional de Bibliobuses (desde 2025),,Cultura y ocio,CSV|JSON,https://datos.comunidad.madrid/catalogo/dataset/servicio_regional_bibliobuses_2025
mnp_muertes_fetales_por_sexo,Muertes fetales tardías por sexo. Municipios,,Demografía,CSV|JSON,https://datos.comunidad.madrid/catalogo/dataset/mnp_muertes_fetales_por_sexo
mnp_nacidos_vivos_por_residencia_y_sexo,Nacidos vivos por lugar de residencia de la madre y sexo. Municipios,6_Servicios_entorno,Demografía,CSV|JSON,https://datos.comunidad.madrid/catalogo/dataset/mnp_nacidos_vivos_por_residencia_y_sexo
migraciones_por_procedencia_destino_edad_y_sexo,"Migraciones (variaciones residenciales) por procedencia y destino, grupo de edad  y sexo. Municipios",3_Demografia_talento|6_Servicios_entorno,,CSV|JSON,https://datos.comunidad.madrid/catalogo/dataset/migraciones_por_procedencia_destino_edad_y_sexo
migraciones_por_procedencia_destino_y_sexo,Migraciones y cambios de residencia por procedencia y destino y sexo. Municipios,3_Demografia_talento|6_Servicios_entorno,,CSV|JSON,https://datos.comunidad.madrid/catalogo/dataset/migraciones_por_procedencia_destino_y_sexo
afiliados_por_residencia_y_rama,Afiliados a la Seguridad Social por lugar de residencia y rama de actividad. Municipios,4_Empleo_economia|6_Servicios_entorno,Empleo,CSV|JSON,https://datos.comunidad.madrid/catalogo/dataset/afiliados_por_residencia_y_rama
afiliados_por_ubicacion_y_rama,Trabajadores afiliados en alta laboral a la Seguridad Social por ubicación del centro de trabajo y rama de actividad. Municipios,4_Empleo_economia|6_Servicios_entorno,Empleo,CSV|JSON,https://datos.comunidad.madrid/catalogo/dataset/afiliados_por_ubicacion_y_rama
padron_extranjero_por_sexo,Padrón de españoles residentes en el extranjero inscritos a efectos electorales por sexo. Municipios,3_Demografia_talento,Demografía,CSV|JSON,https://datos.comunidad.madrid/catalogo/dataset/padron_extranjero_por_sexo
grado_envejecimiento_por_edad,Grado de envejecimiento por grupo de edad (porcentaje). Municipios,3_Demografia_talento,,CSV|JSON,https://datos.comunidad.madrid/catalogo/dataset/grado_envejecimiento_por_edad
componentes_saldo_migratorio_por_tipo_y_sexo,Componentes del saldo migratorio por sexo. Municipios,,,CSV|JSON,https://datos.comunidad.madrid/catalogo/dataset/componentes_saldo_migratorio_por_tipo_y_sexo
saldo_migratorio_por_destino_y_sexo_variaciones,Saldo migratorio desde la Comunidad de Madrid por destino y sexo (variaciones residenciales). Municipios,6_Servicios_entorno,,CSV|JSON,https://datos.comunidad.madrid/catalogo/dataset/saldo_migratorio_por_destino_y_sexo_variaciones
saldo_migratorio_por_destino_y_sexo,Saldo migratorio desde la Comunidad de Madrid por destino y sexo. Municipios,,,CSV|JSON,https://datos.comunidad.madrid/catalogo/dataset/saldo_migratorio_por_destino_y_sexo
mnp_defunciones_menores_1_por_edad_y_sexo,Defunciones de residentes menores de 24 horas de edad por edad y sexo. Municipios,3_Demografia_talento,Demografía,CSV|JSON,https://datos.comunidad.madrid/catalogo/dataset/mnp_defunciones_menores_1_por_edad_y_sexo
mnp_defunciones_por_estado_civil_y_sexo,Defunciones de residentes por estado civil y sexo. Municipios,3_Demografia_talento,Demografía,CSV|JSON,https://datos.comunidad.madrid/catalogo/dataset/mnp_defunciones_por_estado_civil_y_sexo
mnp_defunciones_por_edad_y_sexo,Defunciones de residentes por edad y sexo. Municipios,3_Demografia_talento,Demografía,CSV|JSON,https://datos.comunidad.madrid/catalogo/dataset/mnp_defunciones_por_edad_y_sexo
censo_2001_estudiantes_residentes_familiares_por_tiempo_y_sexo,Población estudiante de 16 años o más censada en viviendas familiares por tiempo de desplazamiento y sexo. Censo 2001. Municipios,2_Inmobiliario_suelo|3_Demografia_talento,Demografía,CSV|JSON,https://datos.comunidad.madrid/catalogo/dataset/censo_2001_estudiantes_residentes_familiares_por_tiempo_y_sexo
relacion_residencia_10_anyos_actual_por_nacionalidad_y_sexo,Relación entre residencia hace 10 años y actual por nacionalidad y sexo. Censo 2021. Municipios,3_Demografia_talento|6_Servicios_entorno,,CSV|JSON,https://datos.comunidad.madrid/catalogo/dataset/relacion_residencia_10_anyos_actual_por_nacionalidad_y_sexo
censo_2001_residentes_familiares_por_estado_y_sexo,Residentes en viviendas familiares por estado civil y sexo. Censo 2001. Municipios,2_Inmobiliario_suelo|3_Demografia_talento,Demografía,CSV|JSON,https://datos.comunidad.madrid/catalogo/dataset/censo_2001_residentes_familiares_por_estado_y_sexo
censo_2001_residentes_familiares_por_tipo_y_sexo,Residentes en viviendas familiares por tipo de vivienda y sexo. Censo 2001. Municipios,2_Inmobiliario_suelo|3_Demografia_talento,Demografía,CSV|JSON,https://datos.comunidad.madrid/catalogo/dataset/censo_2001_residentes_familiares_por_tipo_y_sexo
censo_2001_ocupados_residentes_familiares_por_tiempo_y_sexo,Población ocupada censada residente en viviendas familiares por tiempo de desplazamiento y sexo. Censo 2001. Municipios,2_Inmobiliario_suelo|3_Demografia_talento|4_Empleo_economia,Demografía,CSV|JSON,https://datos.comunidad.madrid/catalogo/dataset/censo_2001_ocupados_residentes_familiares_por_tiempo_y_sexo
censo_2001_ocupados_residentes_familiares_por_lugar_y_sexo,Población ocupada censada residente en viviendas familiares por lugar de trabajo y sexo. Censo 2001. Municipios,2_Inmobiliario_suelo|3_Demografia_talento|4_Empleo_economia,Demografía,CSV|JSON,https://datos.comunidad.madrid/catalogo/dataset/censo_2001_ocupados_residentes_familiares_por_lugar_y_sexo
censo_2001_residentes_familiares_por_estudios_y_sexo,Residentes en viviendas familiares por estudios realizados y sexo. Censo 2001. Municipios,2_Inmobiliario_suelo|3_Demografia_talento,Demografía,CSV|JSON,https://datos.comunidad.madrid/catalogo/dataset/censo_2001_residentes_familiares_por_estudios_y_sexo
censo_2011_poblacion_censada_por_nacimiento_y_sexo,Población censada por lugar de nacimiento y sexo. Censo 2011. Municipios,3_Demografia_talento,Demografía,CSV|JSON,https://datos.comunidad.madrid/catalogo/dataset/censo_2011_poblacion_censada_por_nacimiento_y_sexo
censo_2011_poblacion_censada_por_sexo,Población censada por sexo. Censo 2011. Municipios,3_Demografia_talento,Demografía,CSV|JSON,https://datos.comunidad.madrid/catalogo/dataset/censo_2011_poblacion_censada_por_sexo
relacion_residencia_anterior_actual_por_nacionalidad_y_sexo,Relación entre residencia anterior y actual por nacionalidad y sexo. Censo 2021. Municipios,3_Demografia_talento|6_Servicios_entorno,,CSV|JSON,https://datos.comunidad.madrid/catalogo/dataset/relacion_residencia_anterior_actual_por_nacionalidad_y_sexo
censo_2021_poblacion_por_nacimiento_y_sexo,Población censada por país de nacimiento y sexo. Censo 2021. Municipios,3_Demografia_talento,,CSV|JSON,https://datos.comunidad.madrid/catalogo/dataset/censo_2021_poblacion_por_nacimiento_y_sexo
censo_2021_poblacion_por_nacionalidad_y_sexo,Población censada por nacionalidad y sexo. Censo 2021. Municipios,3_Demografia_talento,,CSV|JSON,https://datos.comunidad.madrid/catalogo/dataset/censo_2021_poblacion_por_nacionalidad_y_sexo
porcentaje_poblacion_censada_extranjera_por_nacionalidad,Porcentaje de población censada extranjera por nacionalidad. Censo anual. Municipios,3_Demografia_talento,,CSV|JSON,https://datos.comunidad.madrid/catalogo/dataset/porcentaje_poblacion_censada_extranjera_por_nacionalidad
poblacion_censada_extranjera_por_sexo_y_nacionalidad,Población censada extranjera por sexo y nacionalidad. Censo anual. Municipios,3_Demografia_talento,,CSV|JSON,https://datos.comunidad.madrid/catalogo/dataset/poblacion_censada_extranjera_por_sexo_y_nacionalidad
poblacion_censada_por_edad_nacionalidad_y_sexo,"Población censada por edad, nacionalidad y sexo. Censo anual. Municipios",3_Demografia_talento,,CSV|JSON,https://datos.comunidad.madrid/catalogo/dataset/poblacion_censada_por_edad_nacionalidad_y_sexo
censo_2021_poblacion_por_estudios_nacionalidad_y_sexo,"Población censada por nivel de estudios, nacionalidad y sexo. Censo 2021. Municipios",3_Demografia_talento,,CSV|JSON,https://datos.comunidad.madrid/catalogo/dataset/censo_2021_poblacion_por_estudios_nacionalidad_y_sexo
censo_2021_poblacion_por_edad_nacionalidad_y_sexo,"Población censada por edad, nacionalidad y sexo. Censo 2021. Municipios",3_Demografia_talento,,CSV|JSON,https://datos.comunidad.madrid/catalogo/dataset/censo_2021_poblacion_por_edad_nacionalidad_y_sexo
poblacion_ocupada_por_rama_y_sexo,Población ocupada de 16 y más años por rama de actividad y sexo. Censo anual. Municipios,3_Demografia_talento|4_Empleo_economia,,CSV|JSON,https://datos.comunidad.madrid/catalogo/dataset/poblacion_ocupada_por_rama_y_sexo
poblacion_censada_por_actividad_y_sexo,Población censada de 16 y más años por relación con la actividad y sexo. Censo anual. Municipios,3_Demografia_talento,,CSV|JSON,https://datos.comunidad.madrid/catalogo/dataset/poblacion_censada_por_actividad_y_sexo
poblacion_censada_por_anyo_llegada_y_sexo,Población censada por año de llegada a España y sexo. Censo anual. Municipios,3_Demografia_talento,,CSV|JSON,https://datos.comunidad.madrid/catalogo/dataset/poblacion_censada_por_anyo_llegada_y_sexo
poblacion_censada_por_nacimiento_y_sexo,Población censada por país de nacimiento y sexo. Censo anual. Municipios,3_Demografia_talento,,CSV|JSON,https://datos.comunidad.madrid/catalogo/dataset/poblacion_censada_por_nacimiento_y_sexo
303002,Huelgas y características de los centros de trabajo convocados,4_Empleo_economia,Empleo,CSV|JSON,https://datos.comunidad.madrid/catalogo/dataset/303002
registro_laboratorios_analisis_alimentos_aguas_comunidad_de_madrid,Registro de laboratorios de análisis de alimentos y aguas de consumo autorizados en la Comunidad de Madrid.,6_Servicios_entorno,Salud,CSV|JSON,https://datos.comunidad.madrid/catalogo/dataset/registro_laboratorios_analisis_alimentos_aguas_comunidad_de_madrid
registro_laboratorios_analisis_alimentos_aguas_comunidades_comunicadas_comunidad_de_madrid,Registro de laboratorios de análisis de alimentos y aguas de consumo ubicados en otras Comunidades autónomas comunicados en la Comunidad de Madrid.,4_Empleo_economia|6_Servicios_entorno,Salud,CSV|JSON,https://datos.comunidad.madrid/catalogo/dataset/registro_laboratorios_analisis_alimentos_aguas_comunidades_comunicadas_comunidad_de_madrid
tributos_cedidos_gestion_propia,Tributos cedidos de gestión propia. Ingresos del ejercicio corriente,1_Ayudas_fiscalidad,Hacienda,CSV|JSON,https://datos.comunidad.madrid/catalogo/dataset/tributos_cedidos_gestion_propia
spacm_titulos_familia_numerosa,Títulos de familia numerosa,,Sociedad y bienestar,CSV|JSON,https://datos.comunidad.madrid/catalogo/dataset/spacm_titulos_familia_numerosa
calidad_aire_zonas,Red de Calidad del Aire. Municipios por zonas,6_Servicios_entorno,Medio ambiente,CSV|HTML|JSON,https://datos.comunidad.madrid/catalogo/dataset/calidad_aire_zonas
1913883,Archivos totales por municipios. Municipios,,Cultura y ocio,CSV|JSON,https://datos.comunidad.madrid/catalogo/dataset/1913883
deuda_viva,Deuda Viva de los Ayuntamientos. Municipios,,Sector público,CSV|JSON,https://datos.comunidad.madrid/catalogo/dataset/deuda_viva
spacm_estadisticas_alumnos,Estadísticas de alumnos de centros educativos de la Comunidad de Madrid,3_Demografia_talento,Educación,CSV|JSON,https://datos.comunidad.madrid/catalogo/dataset/spacm_estadisticas_alumnos
spacm_estadisticas_profesores,Estadísticas de profesores de centros educativos de la Comunidad de Madrid,,Educación,CSV|JSON,https://datos.comunidad.madrid/catalogo/dataset/spacm_estadisticas_profesores
spacm_estadisticas_centros_educativos,Estadísticas de centros educativos de la Comunidad de Madrid,,Educación,CSV|JSON,https://datos.comunidad.madrid/catalogo/dataset/spacm_estadisticas_centros_educativos
registro_fundaciones,Fundaciones en la Comunidad de Madrid,,Legislación y justicia,CSV|JSON,https://datos.comunidad.madrid/catalogo/dataset/registro_fundaciones
1933985,Documentación notarial. Actuaciones notariales en caso de catástrofe. Municipios,,Legislación y justicia,CSV|JSON,https://datos.comunidad.madrid/catalogo/dataset/1933985
1912961,Documentación notarial. Pólizas. Municipios,,Legislación y justicia,CSV|JSON,https://datos.comunidad.madrid/catalogo/dataset/1912961
1912960,Documentación notarial. Total folios protocolarios. Municipios,,Legislación y justicia,CSV|JSON,https://datos.comunidad.madrid/catalogo/dataset/1912960
1912959,Documentación notarial. Total instrumentos autorizados sin pólizas. Municipios,,Legislación y justicia,CSV|JSON,https://datos.comunidad.madrid/catalogo/dataset/1912959
1912958,Documentación notarial. Entidades con personalidad jurídica. Municipios,,Legislación y justicia,CSV|JSON,https://datos.comunidad.madrid/catalogo/dataset/1912958
1912957,Documentación notarial. Entidades sin personalidad jurídica. Municipios,,Legislación y justicia,CSV|JSON,https://datos.comunidad.madrid/catalogo/dataset/1912957
1912956,Documentación notarial. Pólizas y otros documentos mercantiles sujetos al antiguo arancel de corredores. Municipios,,Legislación y justicia,CSV|JSON,https://datos.comunidad.madrid/catalogo/dataset/1912956
1912955,Documentación notarial. Actas. Municipios,,Legislación y justicia,CSV|JSON,https://datos.comunidad.madrid/catalogo/dataset/1912955
1912954,Documentación notarial. Protestos. Municipios,,Legislación y justicia,CSV|JSON,https://datos.comunidad.madrid/catalogo/dataset/1912954
1912953,Documentación notarial. Apoderamientos. Municipios,,Legislación y justicia,CSV|JSON,https://datos.comunidad.madrid/catalogo/dataset/1912953
1912952,Documentación notarial. Cartas de pago y cancelaciones. Municipios,,Legislación y justicia,CSV|JSON,https://datos.comunidad.madrid/catalogo/dataset/1912952
1912950,Documentación notarial. Herencias. Municipios,,Legislación y justicia,CSV|JSON,https://datos.comunidad.madrid/catalogo/dataset/1912950
1912949,Documentación notarial. Otros actos y contratos. Municipios,4_Empleo_economia,Legislación y justicia,CSV|JSON,https://datos.comunidad.madrid/catalogo/dataset/1912949
1912948,Documentación notarial. Actos urbanísticos. Municipios,,Legislación y justicia,CSV|JSON,https://datos.comunidad.madrid/catalogo/dataset/1912948
1912946,Documentación notarial. Donaciones y transmisiones gratuitas inter vivos. Municipios,,Legislación y justicia,CSV|JSON,https://datos.comunidad.madrid/catalogo/dataset/1912946
1912945,Documentación notarial. Contratos de arrendamiento y cesiones de uso. Municipios,4_Empleo_economia,Legislación y justicia,CSV|JSON,https://datos.comunidad.madrid/catalogo/dataset/1912945
1912944,Documentación notarial. Contratos traslativos sobre todo tipo de bienes y derechos. Municipios,4_Empleo_economia,Legislación y justicia,CSV|JSON,https://datos.comunidad.madrid/catalogo/dataset/1912944
1912943,Documentación notarial. Actos que implican modificación física sobre las fincas. Municipios,,Legislación y justicia,CSV|JSON,https://datos.comunidad.madrid/catalogo/dataset/1912943
1912942,Documentación notarial. Contratos por razón de matrimonio y actos relativos a uniones o separaciones de hecho. Municipios,4_Empleo_economia,Legislación y justicia,CSV|JSON,https://datos.comunidad.madrid/catalogo/dataset/1912942
1912941,Documentación notarial. Testamentos y disposiciones de última voluntad. Municipios,,Legislación y justicia,CSV|JSON,https://datos.comunidad.madrid/catalogo/dataset/1912941
1912940,Documentación notarial. Actos de orden familiar y personal. Municipios,,Legislación y justicia,CSV|JSON,https://datos.comunidad.madrid/catalogo/dataset/1912940
903005,Llegada de pasajeros a estaciones por comunidad autónoma de origen,4_Empleo_economia,Transporte,CSV|JSON,https://datos.comunidad.madrid/catalogo/dataset/903005
903004,Salida de mercancías en vagón completo por comunidad autonóma de destino,,Transporte,CSV|JSON,https://datos.comunidad.madrid/catalogo/dataset/903004
705001,Escuelas de tiempo libre,,Cultura y ocio,CSV|JSON,https://datos.comunidad.madrid/catalogo/dataset/705001
702001,Promoción directa de la Comunidad de Madrid en actividades culturales,6_Servicios_entorno,Cultura y ocio,CSV|JSON,https://datos.comunidad.madrid/catalogo/dataset/702001
402002,Pensiones contributivas en vigor. Altas y bajas por clase,1_Ayudas_fiscalidad,Sociedad y bienestar,CSV|JSON,https://datos.comunidad.madrid/catalogo/dataset/402002
402001,Pensiones contributivas en vigor del sistema de la Seguridad Social por clase y regímenes,1_Ayudas_fiscalidad|6_Servicios_entorno,Sociedad y bienestar,CSV|JSON,https://datos.comunidad.madrid/catalogo/dataset/402001
603024,Indicadores de prestación farmacéutica,,Salud,CSV|JSON,https://datos.comunidad.madrid/catalogo/dataset/603024
mnp_matrimonios_mismo_sexo_por_sexo,Matrimonios del mismo sexo que han fijado su residencia en la Comunidad de Madrid por sexo. Municipios,6_Servicios_entorno,,CSV|JSON,https://datos.comunidad.madrid/catalogo/dataset/mnp_matrimonios_mismo_sexo_por_sexo
1914783,Base liquidable general sometida a gravamen del IRPF. Municipios,,Hacienda,CSV|JSON,https://datos.comunidad.madrid/catalogo/dataset/1914783
poblacion_censada_por_estudios_y_sexo,Población censada de 15 y más años por nivel de estudios y sexo. Censo anual. Municipios,3_Demografia_talento,,CSV|JSON,https://datos.comunidad.madrid/catalogo/dataset/poblacion_censada_por_estudios_y_sexo
oficinas_gestion_tarjeta_transporte_publico,Oficinas de Gestión Tarjeta Transporte Público,5_Conectividad_movilidad,Transporte,HTML,https://datos.comunidad.madrid/catalogo/dataset/oficinas_gestion_tarjeta_transporte_publico
registros_asociaciones,Registro de Asociaciones de la Comunidad de Madrid,,Legislación y justicia,CSV|JSON,https://datos.comunidad.madrid/catalogo/dataset/registros_asociaciones
1928362,Bibliotecas públicas. Personal en equivalencia a jornada completa. Municipios,,Cultura y ocio,CSV|JSON,https://datos.comunidad.madrid/catalogo/dataset/1928362
1928361,Bibliotecas públicas. Actividades. Municipios,,Cultura y ocio,CSV|JSON,https://datos.comunidad.madrid/catalogo/dataset/1928361
1928360,Bibliotecas públicas. Visitas. Municipios,,Cultura y ocio,CSV|JSON,https://datos.comunidad.madrid/catalogo/dataset/1928360
1916182,Bibliotecas públicas. Ordenadores de uso público con acceso a internet. Municipios,5_Conectividad_movilidad,Cultura y ocio,CSV|JSON,https://datos.comunidad.madrid/catalogo/dataset/1916182
1916181,Bibliotecas públicas. Superficie. Municipios,,Cultura y ocio,CSV|JSON,https://datos.comunidad.madrid/catalogo/dataset/1916181
1916180,Bibliotecas públicas. Población atendida. Municipios,3_Demografia_talento,Cultura y ocio,CSV|JSON,https://datos.comunidad.madrid/catalogo/dataset/1916180
701042,Total bibliotecas públicas. Municipios,,Cultura y ocio,CSV|JSON,https://datos.comunidad.madrid/catalogo/dataset/701042
bibliotecas_publicas_prestamos_por_tipo,Bibliotecas públicas. Préstamos físicos por tipo. Municipios,,Cultura y ocio,CSV|JSON,https://datos.comunidad.madrid/catalogo/dataset/bibliotecas_publicas_prestamos_por_tipo
bibliotecas_publicas_fondos_por_tipo,Bibliotecas públicas. Fondos por tipo. Municipios,,Cultura y ocio,CSV|JSON,https://datos.comunidad.madrid/catalogo/dataset/bibliotecas_publicas_fondos_por_tipo
aparcamientos_ligados_transporte_publico,Aparcamientos ligados al transporte público,5_Conectividad_movilidad,Transporte,HTML,https://datos.comunidad.madrid/catalogo/dataset/aparcamientos_ligados_transporte_publico
1921480,Beneficiarios de pensiones asistenciales por tipo de pensión,,Sociedad y bienestar,CSV|JSON,https://datos.comunidad.madrid/catalogo/dataset/1921480
702006,Cinematografía. Salas que han proyectado películas por municipios. Municipios,,Cultura y ocio,CSV|JSON,https://datos.comunidad.madrid/catalogo/dataset/702006
203003,Matrimonios de distinto sexo que han fijado su residencia en la Comunidad de Madrid por forma de celebración,6_Servicios_entorno,Demografía,CSV|JSON,https://datos.comunidad.madrid/catalogo/dataset/203003
203001,Matrimonios de distinto sexo por sexo y estado civil anterior de los cónyuges,,Demografía,CSV|JSON,https://datos.comunidad.madrid/catalogo/dataset/203001
lineas_telefonicas_por_tipo,Líneas telefónicas por tipo. Municipios,,Ciencia y tecnología|Urbanismo e infraestructuras,CSV|JSON,https://datos.comunidad.madrid/catalogo/dataset/lineas_telefonicas_por_tipo
mnp_matrimonios_por_tipo,Matrimonios que han fijado su residencia en la Comunidad de Madrid por tipo de matrimonio. Municipios,6_Servicios_entorno,Demografía,CSV|JSON,https://datos.comunidad.madrid/catalogo/dataset/mnp_matrimonios_por_tipo
bienes_interes_cultural_por_tipo,Bienes de interés cultural por tipo. Municipios,6_Servicios_entorno,Cultura y ocio,CSV|JSON,https://datos.comunidad.madrid/catalogo/dataset/bienes_interes_cultural_por_tipo
sociedades_agrarias_de_transformacion,Sociedades Agrarias de Transformación,3_Demografia_talento,Medio Rural,CSV|JSON,https://datos.comunidad.madrid/catalogo/dataset/sociedades_agrarias_de_transformacion
103004,Valores medios de los contaminantes atmosféricos del municipio de Madrid,,Medio ambiente,CSV|JSON,https://datos.comunidad.madrid/catalogo/dataset/103004
101018,Días de granizo por observatorios,,Medio ambiente,CSV|JSON,https://datos.comunidad.madrid/catalogo/dataset/101018
101017,Días de nieve por observatorios,,Medio ambiente,CSV|JSON,https://datos.comunidad.madrid/catalogo/dataset/101017
101016,Días de lluvia por observatorios,,Medio ambiente,CSV|JSON,https://datos.comunidad.madrid/catalogo/dataset/101016
101015,Precipitación total por observatorios,,Medio ambiente,CSV|JSON,https://datos.comunidad.madrid/catalogo/dataset/101015
censo_clasificacion_zonas_bano,Censo y calificación de las zonas de baño,3_Demografia_talento,Salud,CSV|JSON,https://datos.comunidad.madrid/catalogo/dataset/censo_clasificacion_zonas_bano
spacm_evolucion_demanda_transporte,Evolución de la demanda diaria por modo de transporte,5_Conectividad_movilidad,Transporte,HTML,https://datos.comunidad.madrid/catalogo/dataset/spacm_evolucion_demanda_transporte
produccion_ecologica,Producción ecológica,,Medio ambiente,CSV|JSON,https://datos.comunidad.madrid/catalogo/dataset/produccion_ecologica
residuos_recuperacion_vidrio,Recuperación de vidrio,,Medio ambiente,CSV|JSON,https://datos.comunidad.madrid/catalogo/dataset/residuos_recuperacion_vidrio
ibi,Impuesto Bienes Inmuebles por naturaleza (rústica o urbana). Municipios,1_Ayudas_fiscalidad|2_Inmobiliario_suelo,Hacienda,CSV|JSON,https://datos.comunidad.madrid/catalogo/dataset/ibi
1504033,Base imponible urbana por recibo. Municipios,,Hacienda,CSV|JSON,https://datos.comunidad.madrid/catalogo/dataset/1504033
101002,Altitud. Municipios,,Medio ambiente,CSV|JSON,https://datos.comunidad.madrid/catalogo/dataset/101002
concesiones_etiqueta_ecologica,Concesiones de etiqueta ecológica,,Medio ambiente,CSV|JSON,https://datos.comunidad.madrid/catalogo/dataset/concesiones_etiqueta_ecologica
703004,Licencias para el uso de estaciones de radioaficionados,2_Inmobiliario_suelo,Cultura y ocio,CSV|JSON,https://datos.comunidad.madrid/catalogo/dataset/703004
spacm_ayudas_alquiler_vivienda_jovenes_sectores_escasos_recursos,Ayudas al alquiler de vivienda para jóvenes y sectores de escasos recursos (2022 y 2023),1_Ayudas_fiscalidad|2_Inmobiliario_suelo,Vivienda,CSV|JSON,https://datos.comunidad.madrid/catalogo/dataset/spacm_ayudas_alquiler_vivienda_jovenes_sectores_escasos_recursos
1933826,Turismos por 1.000 habitantes. Municipios,6_Servicios_entorno,,CSV|JSON,https://datos.comunidad.madrid/catalogo/dataset/1933826
1930748,Densidad de población. Municipios,3_Demografia_talento,,CSV|JSON,https://datos.comunidad.madrid/catalogo/dataset/1930748
1930747,Tasa de feminidad. Municipios,,,CSV|JSON,https://datos.comunidad.madrid/catalogo/dataset/1930747
1930730,Razón de progresividad. Municipios,,,CSV|JSON,https://datos.comunidad.madrid/catalogo/dataset/1930730
1930729,Proporción de dependencia. Municipios,,,CSV|JSON,https://datos.comunidad.madrid/catalogo/dataset/1930729
1930728,Proporción de reemplazamiento. Municipios,,,CSV|JSON,https://datos.comunidad.madrid/catalogo/dataset/1930728
1928841,Tasa bruta de nupcialidad. Municipios,,Demografía,CSV|JSON,https://datos.comunidad.madrid/catalogo/dataset/1928841
1922762,Tasa bruta de nupcialidad de matrimonios del mismo sexo. Municipios,,Demografía,CSV|JSON,https://datos.comunidad.madrid/catalogo/dataset/1922762
1915080,Cuota liquida total del IRPF. Municipios,,Hacienda,CSV|JSON,https://datos.comunidad.madrid/catalogo/dataset/1915080
1914822,Porcentaje del rendimiento del trabajo del IRPF. Municipios,4_Empleo_economia,Hacienda,CSV|JSON,https://datos.comunidad.madrid/catalogo/dataset/1914822
1914820,Otros rendimientos del IRPF. Municipios,,Hacienda,CSV|JSON,https://datos.comunidad.madrid/catalogo/dataset/1914820
1914792,Declarantes de la base imponible del ahorro del IRPF. Municipios,,Hacienda,CSV|JSON,https://datos.comunidad.madrid/catalogo/dataset/1914792
1914791,Declarantes de los rendimientos del trabajo del IRPF. Municipios,4_Empleo_economia,Hacienda,CSV|JSON,https://datos.comunidad.madrid/catalogo/dataset/1914791
1914789,Resultado de la declaración del IRPF. Municipios,,Hacienda,CSV|JSON,https://datos.comunidad.madrid/catalogo/dataset/1914789
1914788,Retenciones y demás pagos a cuenta del IRPF. Municipios,,Hacienda,CSV|JSON,https://datos.comunidad.madrid/catalogo/dataset/1914788
1914787,Cuota resultante del IRPF. Municipios,,Hacienda,CSV|JSON,https://datos.comunidad.madrid/catalogo/dataset/1914787
1914786,Cuota íntegra del IRPF. Municipios,,Hacienda,CSV|JSON,https://datos.comunidad.madrid/catalogo/dataset/1914786
1914785,Base liquidable total del IRPF. Municipios,,Hacienda,CSV|JSON,https://datos.comunidad.madrid/catalogo/dataset/1914785
1914784,Base liquidable del ahorro del IRPF. Municipios,,Hacienda,CSV|JSON,https://datos.comunidad.madrid/catalogo/dataset/1914784
1914781,Otros rendimientos generales del IRPF. Municipios,,Hacienda,CSV|JSON,https://datos.comunidad.madrid/catalogo/dataset/1914781
1914780,Base imponible general del IRPF. Municipios,,Hacienda,CSV|JSON,https://datos.comunidad.madrid/catalogo/dataset/1914780
1905840,Afiliados en alta laboral a la Seguridad Social por 1.000 habitantes. Municipios,4_Empleo_economia|6_Servicios_entorno,Empleo,CSV|JSON,https://datos.comunidad.madrid/catalogo/dataset/1905840
1502118,Presupuestos municipales iniciales consolidados. Gastos totales por habitante. Municipios,1_Ayudas_fiscalidad,Hacienda,CSV|JSON,https://datos.comunidad.madrid/catalogo/dataset/1502118
1104059,Superficie agrícola por habitante. Municipios,,Medio Rural,CSV|JSON,https://datos.comunidad.madrid/catalogo/dataset/1104059
1104042,Unidades ganaderas por habitante. Municipios,,Medio Rural,CSV|JSON,https://datos.comunidad.madrid/catalogo/dataset/1104042
1101006,Producción de leche por especies y destino de la producción,,Medio Rural,CSV|JSON,https://datos.comunidad.madrid/catalogo/dataset/1101006
902016,Infraestructura y oferta de autobuses interurbanos,5_Conectividad_movilidad,Transporte,CSV|JSON,https://datos.comunidad.madrid/catalogo/dataset/902016
603018,Indicadores hospitalarios de los establecimientos sanitarios con régimen de internado,4_Empleo_economia|6_Servicios_entorno,Salud,CSV|JSON,https://datos.comunidad.madrid/catalogo/dataset/603018
303007,Conciliaciones colectivas terminadas y número de trabajadores y empresas afectadas,4_Empleo_economia,Empleo,CSV|JSON,https://datos.comunidad.madrid/catalogo/dataset/303007
203007,Tasa bruta de nupcialidad de matrimonios de distinto sexo. Municipios,,Demografía,CSV|JSON,https://datos.comunidad.madrid/catalogo/dataset/203007
202020,Tasa bruta de mortalidad. Municipios,,Demografía,CSV|JSON,https://datos.comunidad.madrid/catalogo/dataset/202020
201161,Crecimiento relativo de la población. Municipios,3_Demografia_talento,,CSV|JSON,https://datos.comunidad.madrid/catalogo/dataset/201161
101001,Extensión. Municipios,,Medio ambiente,CSV|JSON,https://datos.comunidad.madrid/catalogo/dataset/101001
parque_vehiculos_por_distintivo,Transporte por carretera. Parque de vehículos por tipo de distintivo ambiental. Municipios,5_Conectividad_movilidad,,CSV|JSON,https://datos.comunidad.madrid/catalogo/dataset/parque_vehiculos_por_distintivo
parque_vehiculos_por_antiguedad,Transporte por carretera. Parque de vehículos por antigüedad. Municipios,3_Demografia_talento|5_Conectividad_movilidad,,CSV|JSON,https://datos.comunidad.madrid/catalogo/dataset/parque_vehiculos_por_antiguedad
referendum_alianza_atlantica,Referéndum Alianza Atlántica. Municipios,,Sociedad y bienestar,CSV|JSON,https://datos.comunidad.madrid/catalogo/dataset/referendum_alianza_atlantica
censo_89_99_09_superficie_porcentaje,"Censo agrario (1989, 1999, 2009). Porcentaje de superficie de las explotaciones agrícolas por tipo de tierras. Municipios",3_Demografia_talento,Medio Rural,CSV|JSON,https://datos.comunidad.madrid/catalogo/dataset/censo_89_99_09_superficie_porcentaje
censo_89_99_09_superficie,"Censo agrario (1989, 1999, 2009). Superficie de las explotaciones agrícolas por tipo de tierras. Municipios",3_Demografia_talento,Medio Rural,CSV|JSON,https://datos.comunidad.madrid/catalogo/dataset/censo_89_99_09_superficie
censo_89_99_09_ganaderia_porcentaje,"Censo agrario (1989, 1999, 2009). Porcentaje de unidades ganaderas por tipo de ganado. Municipios",3_Demografia_talento,Medio Rural,CSV|JSON,https://datos.comunidad.madrid/catalogo/dataset/censo_89_99_09_ganaderia_porcentaje
censo_89_99_09_ganaderia,"Censo agrario (1989, 1999, 2009). Unidades ganaderas por tipo de ganado. Municipios",3_Demografia_talento,Medio Rural,CSV|JSON,https://datos.comunidad.madrid/catalogo/dataset/censo_89_99_09_ganaderia
elecciones_asamblea,Elecciones. Asamblea. Municipios,,Sociedad y bienestar,CSV|JSON,https://datos.comunidad.madrid/catalogo/dataset/elecciones_asamblea
irpf_rendimiento_trabajo_irpf,Rendimiento del trabajo del IRPF (miles euros). Municipios,4_Empleo_economia,Hacienda,CSV|JSON,https://datos.comunidad.madrid/catalogo/dataset/irpf_rendimiento_trabajo_irpf
irpf_base_imponible_total,Base imponible total del IRPF (miles euros). Municipios,,Hacienda,CSV|JSON,https://datos.comunidad.madrid/catalogo/dataset/irpf_base_imponible_total
irpf_base_imponible_ahorro,Base imponible del ahorro del IRPF (miles euros). Municipios,,Hacienda,CSV|JSON,https://datos.comunidad.madrid/catalogo/dataset/irpf_base_imponible_ahorro
elecciones_parlamento_europeo,Elecciones. Parlamento Europeo. Municipios,,Sociedad y bienestar,CSV|JSON,https://datos.comunidad.madrid/catalogo/dataset/elecciones_parlamento_europeo
contratos_comunitarios_por_tipo_sector_y_sexo,"Contratos registrados a trabajadores de países comunitarios en las oficinas de empleo por tipo de contrato, sector de actividad y sexo. Municipios",4_Empleo_economia,Empleo,CSV|JSON,https://datos.comunidad.madrid/catalogo/dataset/contratos_comunitarios_por_tipo_sector_y_sexo
afiliados_por_residencia_y_grupo,Afiliados a la Seguridad Social por lugar de residencia y grupo de cotización. Municipios,4_Empleo_economia|6_Servicios_entorno,Empleo,CSV|JSON,https://datos.comunidad.madrid/catalogo/dataset/afiliados_por_residencia_y_grupo
afiliados_por_residencia_y_empleo,Afiliados a la Seguridad Social por lugar de residencia y estrato de empleo. Municipios,4_Empleo_economia|6_Servicios_entorno,Empleo,CSV|JSON,https://datos.comunidad.madrid/catalogo/dataset/afiliados_por_residencia_y_empleo
afiliados_por_residencia_y_jornada,Afiliados a la Seguridad Social por lugar de residencia y tipo de jornada. Municipios,4_Empleo_economia|6_Servicios_entorno,Empleo,CSV|JSON,https://datos.comunidad.madrid/catalogo/dataset/afiliados_por_residencia_y_jornada
porcentaje_afiliados_por_residencia_y_contrato,Porcentaje de afiliados a la Seguridad Social por lugar de residencia y tipo de contrato. Municipios,4_Empleo_economia|6_Servicios_entorno,Empleo,CSV|JSON,https://datos.comunidad.madrid/catalogo/dataset/porcentaje_afiliados_por_residencia_y_contrato
afiliados_por_residencia_y_contrato,Afiliados a la Seguridad Social por lugar de residencia y tipo de contrato. Municipios,4_Empleo_economia|6_Servicios_entorno,Empleo,CSV|JSON,https://datos.comunidad.madrid/catalogo/dataset/afiliados_por_residencia_y_contrato
porcentaje_afiliados_por_residencia_y_edad,Porcentaje de afiliados a la Seguridad Social por lugar de residencia y estrato de edad. Municipios,3_Demografia_talento|4_Empleo_economia|6_Servicios_entorno,Empleo,CSV|JSON,https://datos.comunidad.madrid/catalogo/dataset/porcentaje_afiliados_por_residencia_y_edad
afiliados_por_residencia_y_edad,Afiliados a la Seguridad Social por lugar de residencia y estrato de edad. Municipios,3_Demografia_talento|4_Empleo_economia|6_Servicios_entorno,Empleo,CSV|JSON,https://datos.comunidad.madrid/catalogo/dataset/afiliados_por_residencia_y_edad
porcentaje_afiliados_por_residencia_y_nacionalidad,Porcentaje de afiliados a la Seguridad Social por lugar de residencia y nacionalidad. Municipios,4_Empleo_economia|6_Servicios_entorno,Empleo,CSV|JSON,https://datos.comunidad.madrid/catalogo/dataset/porcentaje_afiliados_por_residencia_y_nacionalidad
afiliados_por_residencia_y_nacionalidad,Afiliados a la Seguridad Social por lugar de residencia y nacionalidad. Municipios,4_Empleo_economia|6_Servicios_entorno,Empleo,CSV|JSON,https://datos.comunidad.madrid/catalogo/dataset/afiliados_por_residencia_y_nacionalidad
porcentaje_afiliados_por_residencia_y_sexo,Porcentaje de afiliados a la Seguridad Social por lugar de residencia y sexo. Municipios,4_Empleo_economia|6_Servicios_entorno,Empleo,CSV|JSON,https://datos.comunidad.madrid/catalogo/dataset/porcentaje_afiliados_por_residencia_y_sexo
afiliados_por_residencia_y_sexo,Afiliados a la Seguridad Social por lugar de residencia y sexo. Municipios,4_Empleo_economia|6_Servicios_entorno,Empleo,CSV|JSON,https://datos.comunidad.madrid/catalogo/dataset/afiliados_por_residencia_y_sexo
afiliados_por_ubicacion_y_regimen,Trabajadores afiliados en alta laboral a la Seguridad Social por ubicación del centro de trabajo y régimen. Municipios,4_Empleo_economia|6_Servicios_entorno,Empleo,CSV|JSON,https://datos.comunidad.madrid/catalogo/dataset/afiliados_por_ubicacion_y_regimen
censo_2001_poblacion_censada_por_sexo,Población censada por sexo. Censo 2001. Municipios,3_Demografia_talento,Demografía,CSV|JSON,https://datos.comunidad.madrid/catalogo/dataset/censo_2001_poblacion_censada_por_sexo
spacm_centros_docentes_con_fisioterapeuta,Centros docentes públicos no universitarios con asignación de personal titulado medio en fisioterapia,3_Demografia_talento,Educación,HTML,https://datos.comunidad.madrid/catalogo/dataset/spacm_centros_docentes_con_fisioterapeuta
spacm_profesorado_religion,Profesorado de Religión por nivel educativo y confesión religiosa,,Educación,HTML,https://datos.comunidad.madrid/catalogo/dataset/spacm_profesorado_religion
spacm_comisiones_servicio_educacion,Comisiones de servicio agrupadas por categorías,,Educación,HTML,https://datos.comunidad.madrid/catalogo/dataset/spacm_comisiones_servicio_educacion
spacm_centros_docentes_publicos_con_enfermeros,Centros docentes públicos no universitarios con asignación de personal graduado en enfermería,3_Demografia_talento,Educación,HTML,https://datos.comunidad.madrid/catalogo/dataset/spacm_centros_docentes_publicos_con_enfermeros
spacm_vacantes_concurso_traslados_profesores_secundaria_fp_re,"Vacantes por DAT, centro, cuerpo y especialidad, del concurso de traslados de los cuerpos de Profesores de Secundaria, FP y RE.",,Educación,HTML,https://datos.comunidad.madrid/catalogo/dataset/spacm_vacantes_concurso_traslados_profesores_secundaria_fp_re
spacm_vacantes_concurso_traslados_maestros,"Vacantes por DAT, centro, cuerpo y especialidad, del concurso de traslados del cuerpo de Maestros.",,Educación,HTML,https://datos.comunidad.madrid/catalogo/dataset/spacm_vacantes_concurso_traslados_maestros
spacm_plantillas_docentes_por_centro,"Plantillas funcionales (Cupo) de docentes por DAT, centro, cuerpo, y función docente",,Educación,HTML,https://datos.comunidad.madrid/catalogo/dataset/spacm_plantillas_docentes_por_centro
spacm_plantillas_organicas_centros_docentes,"Plantillas orgánicas docentes por DAT, centro, cuerpo y especialidad",,Educación,HTML,https://datos.comunidad.madrid/catalogo/dataset/spacm_plantillas_organicas_centros_docentes
spacm_listas_interinos_decaidos_mes,Composición de las listas de decaídos de las listas de interinos por mes de decaimiento,,Educación,HTML,https://datos.comunidad.madrid/catalogo/dataset/spacm_listas_interinos_decaidos_mes
spacm_listas_interinos_profesores_secundaria_fp_re,"Composición de las listas de interinos de los cuerpos de Profesores de Secundaria, FP y RE por: Enseñanza y especialidad",,Educación,HTML,https://datos.comunidad.madrid/catalogo/dataset/spacm_listas_interinos_profesores_secundaria_fp_re
spacm_listas_interinos_maestros_ensenanza_especialidad,Composición de las listas de interinos del cuerpo de Maestros por: Enseñanza y especialidad,,Educación,HTML,https://datos.comunidad.madrid/catalogo/dataset/spacm_listas_interinos_maestros_ensenanza_especialidad
spacm_adjudicacion_destinos_provisionales_curso_profesores_secundaria_fp_re,"Adjudicación inicio de destinos provisionales de curso de los cuerpos de Profesores de Secundaria, FP y RE",,Educación,HTML,https://datos.comunidad.madrid/catalogo/dataset/spacm_adjudicacion_destinos_provisionales_curso_profesores_secundaria_fp_re
spacm_adjudicacion_destinos_provisionales_cuerpo_maestros,Adjudicación de destinos provisionales de inicio de curso del cuerpo de Maestros,,Educación,HTML,https://datos.comunidad.madrid/catalogo/dataset/spacm_adjudicacion_destinos_provisionales_cuerpo_maestros
bases_prestamo_bicicletas,Bici Publica TP,,Transporte,HTML,https://datos.comunidad.madrid/catalogo/dataset/bases_prestamo_bicicletas
spacm_patrimonio_cultural_protegido,Patrimonio cultural protegido en la Comunidad de Madrid,6_Servicios_entorno,Cultura y ocio,CSV|JSON,https://datos.comunidad.madrid/catalogo/dataset/spacm_patrimonio_cultural_protegido
centros_educativos,Centros educativos de la comunidad de Madrid,,Educación,CSV|JSON,https://datos.comunidad.madrid/catalogo/dataset/centros_educativos
poblacion_censada_por_estudios_y_nacionalidad,Población censada de 15 y más años por nivel de estudios y nacionalidad. Censo anual. Municipios,3_Demografia_talento,,CSV|JSON,https://datos.comunidad.madrid/catalogo/dataset/poblacion_censada_por_estudios_y_nacionalidad
602004,Accidentes de circulación con víctimas por diversas características,,Transporte,CSV|JSON,https://datos.comunidad.madrid/catalogo/dataset/602004
informacion_albergues_refugios_juveniles,Información sobre albergues y refugios juveniles de la Comunidad de Madrid,3_Demografia_talento,Cultura y ocio,HTML|JSON,https://datos.comunidad.madrid/catalogo/dataset/informacion_albergues_refugios_juveniles
cursos_educacion_no_formal,Cursos de Educación no formal de la Escuela Pública de Animación y Educación Juvenil,3_Demografia_talento,Cultura y ocio,HTML|JSON,https://datos.comunidad.madrid/catalogo/dataset/cursos_educacion_no_formal
informacion_escuelas_tiempo_libre_autorizadas,Información sobre Escuelas de Tiempo Libre autorizadas,3_Demografia_talento,Cultura y ocio,HTML|JSON,https://datos.comunidad.madrid/catalogo/dataset/informacion_escuelas_tiempo_libre_autorizadas
atm_inventario_gei,Inventario de emisiones de gases de efecto invernadero de la Comunidad de Madrid,,Medio ambiente,CSV|HTML|JSON|PDF,https://datos.comunidad.madrid/catalogo/dataset/atm_inventario_gei
atm_inventario_emisiones_nfr,Inventario de Emisiones a la Atmósfera de la Comunidad de Madrid (nomenclatura NFR),,Medio ambiente,CSV|HTML|JSON,https://datos.comunidad.madrid/catalogo/dataset/atm_inventario_emisiones_nfr
atmosfera_inventario_emisiones,Inventario de Emisiones a la Atmósfera de la Comunidad de Madrid (nomenclatura SNAP),,Medio ambiente,CSV|JSON,https://datos.comunidad.madrid/catalogo/dataset/atmosfera_inventario_emisiones
spacm_rutas_verdes,Rutas Verdes de la Comunidad de Madrid,,Transporte,HTML,https://datos.comunidad.madrid/catalogo/dataset/spacm_rutas_verdes
602020,Enfermos dados de alta en hospitales de la región por lugar de residencia,6_Servicios_entorno,Salud,CSV|JSON,https://datos.comunidad.madrid/catalogo/dataset/602020
registro_establecimientos_comercio_por_menor_carne,Registro de establecimientos de comercio al por menor de la carne en la Comunidad de Madrid.,4_Empleo_economia,Salud,CSV|JSON|ZIP,https://datos.comunidad.madrid/catalogo/dataset/registro_establecimientos_comercio_por_menor_carne
listado_librerias,Relación de Librerías en la Comunidad de Madrid,,Cultura y ocio,HTML|JSON,https://datos.comunidad.madrid/catalogo/dataset/listado_librerias
sugerencias_quejas_agradecimientos_historico,"Sugerencias, quejas y agradecimientos (historico)",,Sociedad y bienestar,CSV|DOCX|JSON,https://datos.comunidad.madrid/catalogo/dataset/sugerencias_quejas_agradecimientos_historico
1906421,Trabajadores afectados por expedientes de regulación de empleo autorizados por sectores,4_Empleo_economia,Empleo,CSV|JSON,https://datos.comunidad.madrid/catalogo/dataset/1906421
relacion_nacimiento_residencia,Relación entre lugar de nacimiento y residencia. Censo anual. Municipios,3_Demografia_talento|6_Servicios_entorno,,CSV|JSON,https://datos.comunidad.madrid/catalogo/dataset/relacion_nacimiento_residencia
muface_por_sexo,Mutualistas activos de MUFACE por sexo. Municipios,,Empleo|Sector público,CSV|JSON,https://datos.comunidad.madrid/catalogo/dataset/muface_por_sexo
1915944,Porcentaje de contratos registrados a trabajadores de países extracomunitarios. Municipios,4_Empleo_economia,Empleo,CSV|JSON,https://datos.comunidad.madrid/catalogo/dataset/1915944
1915943,Porcentaje de contratos registrados a trabajadores de países comunitarios. Municipios,4_Empleo_economia,Empleo,CSV|JSON,https://datos.comunidad.madrid/catalogo/dataset/1915943
1915942,Porcentaje de contratos registrados a españoles. Municipios,4_Empleo_economia,Empleo,CSV|JSON,https://datos.comunidad.madrid/catalogo/dataset/1915942
contratos_extracomunitarios_por_tipo_sector_y_sexo,"Contratos registrados a trabajadores de países extracomunitarios en las oficinas de empleo por tipo de contrato, sector de actividad y sexo. Municipios",4_Empleo_economia,Empleo,CSV|JSON,https://datos.comunidad.madrid/catalogo/dataset/contratos_extracomunitarios_por_tipo_sector_y_sexo
contratos_extranjeros_por_tipo_sector_y_sexo,"Contratos registrados a extranjeros en las oficinas de empleo por tipo de contrato, sector de actividad y sexo. Municipios",4_Empleo_economia,Empleo,CSV|JSON,https://datos.comunidad.madrid/catalogo/dataset/contratos_extranjeros_por_tipo_sector_y_sexo
contratos_espanyoles_por_tipo_sector_y_sexo,"Contratos registrados a españoles en las oficinas de empleo por tipo de contrato, sector de actividad y sexo. Municipios",4_Empleo_economia,Empleo,CSV|JSON,https://datos.comunidad.madrid/catalogo/dataset/contratos_espanyoles_por_tipo_sector_y_sexo
porcentaje_contratos_por_sexo,Porcentaje de contratos registrados en las oficinas de empleo por sexo. Municipios,4_Empleo_economia,Empleo,CSV|JSON,https://datos.comunidad.madrid/catalogo/dataset/porcentaje_contratos_por_sexo
porcentaje_contratos_por_tipo,Porcentaje de contratos registrados en las oficinas de empleo por tipo de contrato. Municipios,4_Empleo_economia,Empleo,CSV|JSON,https://datos.comunidad.madrid/catalogo/dataset/porcentaje_contratos_por_tipo
contratos_por_tipo_sector_y_sexo,"Contratos registrados en las oficinas de empleo por tipo de contrato, sector de actividad y sexo. Municipios",4_Empleo_economia,Empleo,CSV|JSON,https://datos.comunidad.madrid/catalogo/dataset/contratos_por_tipo_sector_y_sexo
participa_educacion_ambiental,Participación en actividades de educación ambiental,3_Demografia_talento,Medio ambiente,CSV|HTML|JSON,https://datos.comunidad.madrid/catalogo/dataset/participa_educacion_ambiental
habitats,Hábitats de la Comunidad de Madrid,,Medio ambiente,CSV|HTML|JSON,https://datos.comunidad.madrid/catalogo/dataset/habitats
1932888,Tasa de fecundidad. Municipios,,Demografía,CSV|JSON,https://datos.comunidad.madrid/catalogo/dataset/1932888
1915900,Tasa bruta de natalidad. Municipios,,Demografía,CSV|JSON,https://datos.comunidad.madrid/catalogo/dataset/1915900
1204003,Ventas de tabaco,,Industria,CSV|JSON,https://datos.comunidad.madrid/catalogo/dataset/1204003
elecciones_senado,Elecciones. Senado. Municipios,,Sociedad y bienestar,CSV|JSON,https://datos.comunidad.madrid/catalogo/dataset/elecciones_senado
spacm_bono_alquiler_joven_2022,Bono Alquiler Joven (2022),2_Inmobiliario_suelo,Vivienda,CSV|JSON,https://datos.comunidad.madrid/catalogo/dataset/spacm_bono_alquiler_joven_2022
residuos_plantas_clasificacion_envases,Recuperación de residuos domésticos,6_Servicios_entorno,Medio ambiente,CSV|JSON,https://datos.comunidad.madrid/catalogo/dataset/residuos_plantas_clasificacion_envases
convalida_inversion_medioamb,Convalidación de inversiones en medio ambiente,6_Servicios_entorno,Medio ambiente,CSV|JSON,https://datos.comunidad.madrid/catalogo/dataset/convalida_inversion_medioamb
201276,Edad media de la población. Municipios,3_Demografia_talento,,CSV|JSON,https://datos.comunidad.madrid/catalogo/dataset/201276
presu_ini_ingresos,Presupuestos municipales iniciales consolidados por tipo de ingresos (miles euros). Municipios,1_Ayudas_fiscalidad,Hacienda,CSV|JSON,https://datos.comunidad.madrid/catalogo/dataset/presu_ini_ingresos
presu_ini_gastos,Presupuestos municipales iniciales consolidados por tipo de gastos (miles euros). Municipios,1_Ayudas_fiscalidad,Hacienda,CSV|JSON,https://datos.comunidad.madrid/catalogo/dataset/presu_ini_gastos
grado_juventud_por_edad,Grado de juventud por grupo de edad (porcentaje). Municipios,3_Demografia_talento,,CSV|JSON,https://datos.comunidad.madrid/catalogo/dataset/grado_juventud_por_edad
porcentaje_poblacion_extranjera_censada_por_sexo,Porcentaje de población extranjera censada por sexo. Censo anual. Municipios,3_Demografia_talento,,CSV|JSON,https://datos.comunidad.madrid/catalogo/dataset/porcentaje_poblacion_extranjera_censada_por_sexo
poblacion_ocupada_por_situacion_y_sexo,Población ocupada de 16 y más años por situación profesional y sexo. Censo anual. Municipios,3_Demografia_talento|4_Empleo_economia,,CSV|JSON,https://datos.comunidad.madrid/catalogo/dataset/poblacion_ocupada_por_situacion_y_sexo
poblacion_ocupada_por_ocupacion_y_sexo,Población ocupada de 16 y más años por ocupación y sexo. Censo anual. Municipios,3_Demografia_talento|4_Empleo_economia,,CSV|JSON,https://datos.comunidad.madrid/catalogo/dataset/poblacion_ocupada_por_ocupacion_y_sexo
espacios_protegidos,Espacios protegidos,,Medio ambiente,CSV|JSON,https://datos.comunidad.madrid/catalogo/dataset/espacios_protegidos
festivos_regionales_locales_historico,Festivos regionales y locales histórico,,Legislación y justicia,CSV|JSON,https://datos.comunidad.madrid/catalogo/dataset/festivos_regionales_locales_historico
festivos_regionales_locales,Festivos regionales y locales año en curso,,Legislación y justicia,CSV|JSON,https://datos.comunidad.madrid/catalogo/dataset/festivos_regionales_locales
programas_excelencia_innovacion,Programas excelencia innovacion,,Educación,CSV|JSON,https://datos.comunidad.madrid/catalogo/dataset/programas_excelencia_innovacion
spacm_listado_bibliotecas_servicios_lectura,Relación  de  Bibliotecas  Directorio  de  Bibliotecas  de  la  Comunidad  de  Madrid,,Cultura y ocio,CSV|JSON,https://datos.comunidad.madrid/catalogo/dataset/spacm_listado_bibliotecas_servicios_lectura
rtpi_solicitud_inscripcion_tipologia_forma_presentacion,Registro Territorial de la propiedad intelectual: Solicitud de Inscripción por tipología y forma de presentación,3_Demografia_talento,Cultura y ocio,CSV|JSON,https://datos.comunidad.madrid/catalogo/dataset/rtpi_solicitud_inscripcion_tipologia_forma_presentacion
opciones_linguisticas,Opciones lingüisticas en los centros educativos de la Comunidad de Madrid,,Educación,CSV|JSON,https://datos.comunidad.madrid/catalogo/dataset/opciones_linguisticas
actividades_extraescolares_institucionales,Actividades extraescolares institucionales en centros educativos de la Comunidad de Madrid,,Educación,CSV|JSON,https://datos.comunidad.madrid/catalogo/dataset/actividades_extraescolares_institucionales
rtpi_solicitudes_publicidad_registral,Registro Territorial de la propiedad intelectual: Solicitudes de publicidad registral,3_Demografia_talento,Cultura y ocio,CSV|JSON,https://datos.comunidad.madrid/catalogo/dataset/rtpi_solicitudes_publicidad_registral
residuos_domesticos_generacion,Generación de residuos domésticos,6_Servicios_entorno,Medio ambiente,CSV|JSON,https://datos.comunidad.madrid/catalogo/dataset/residuos_domesticos_generacion
901007,Indicadores de red y motorización,,Transporte,CSV|JSON,https://datos.comunidad.madrid/catalogo/dataset/901007
presu_liq_gastos,Presupuestos municipales liquidados consolidados por tipo de gastos (miles euros). Municipios,1_Ayudas_fiscalidad,Hacienda,CSV|JSON,https://datos.comunidad.madrid/catalogo/dataset/presu_liq_gastos
presu_liq_ingresos,Presupuestos municipales liquidados consolidados por tipo de ingresos (miles euros). Municipios,1_Ayudas_fiscalidad,Hacienda,CSV|JSON,https://datos.comunidad.madrid/catalogo/dataset/presu_liq_ingresos
mnp_crecimiento_vegetativo,Indicadores demográficos. Crecimiento vegetativo. Municipios,,Demografía,CSV|JSON,https://datos.comunidad.madrid/catalogo/dataset/mnp_crecimiento_vegetativo
1930846,Instalaciones de gestión de residuos peligrosos. Municipios,6_Servicios_entorno,Medio ambiente|Urbanismo e infraestructuras,CSV|JSON,https://datos.comunidad.madrid/catalogo/dataset/1930846
1924981,Proporción de matrimonios del mismo sexo. Municipios,,Demografía,CSV|JSON,https://datos.comunidad.madrid/catalogo/dataset/1924981
1924420,Puntos limpios por municipios. Municipios,,Medio ambiente|Urbanismo e infraestructuras,CSV|JSON,https://datos.comunidad.madrid/catalogo/dataset/1924420
1922701,Distancia a la capital. Municipios,,Medio ambiente,CSV|JSON,https://datos.comunidad.madrid/catalogo/dataset/1922701
1907460,Conciliaciones individuales terminadas por sector económico,,Empleo,CSV|JSON,https://datos.comunidad.madrid/catalogo/dataset/1907460
303006,Conciliaciones individuales en materia de despidos por tipo de resolución,,Empleo,CSV|JSON,https://datos.comunidad.madrid/catalogo/dataset/303006
202021,Porcentaje de nacimientos de madres residentes extranjeras. Municipios,3_Demografia_talento,Demografía,CSV|JSON,https://datos.comunidad.madrid/catalogo/dataset/202021
infraestructura_transporte_publico,Transporte urbano público. Infraestructura. Municipios,5_Conectividad_movilidad,Transporte|Urbanismo e infraestructuras,CSV|JSON,https://datos.comunidad.madrid/catalogo/dataset/infraestructura_transporte_publico
referendum_constitucion_europea,Referéndum Constitución Europea. Municipios,,Sociedad y bienestar,CSV|JSON,https://datos.comunidad.madrid/catalogo/dataset/referendum_constitucion_europea
censo_2020_ganaderia,"Censo agrario 2020. Ganadería. Unidades, explotaciones y cabezas ganaderas por tipo de ganado. Municipios",3_Demografia_talento,Medio Rural,CSV|JSON,https://datos.comunidad.madrid/catalogo/dataset/censo_2020_ganaderia
elecciones_asamblea_porcentaje_votos_por_candidaturas,Elecciones. Asamblea. Porcentaje de votos por candidaturas. Municipios,,Sociedad y bienestar,CSV|JSON,https://datos.comunidad.madrid/catalogo/dataset/elecciones_asamblea_porcentaje_votos_por_candidaturas
elecciones_asamblea_votos_por_candidaturas,Elecciones. Asamblea. Votos por candidaturas. Municipios,,Sociedad y bienestar,CSV|JSON,https://datos.comunidad.madrid/catalogo/dataset/elecciones_asamblea_votos_por_candidaturas
irpf_indicador_renta,Indicador de Renta Disponible Bruta Municipal. Municipios,3_Demografia_talento,Economía,CSV|JSON,https://datos.comunidad.madrid/catalogo/dataset/irpf_indicador_renta
elecciones_congreso,Elecciones. Congreso de los Diputados. Municipios,,Sociedad y bienestar,CSV|JSON,https://datos.comunidad.madrid/catalogo/dataset/elecciones_congreso
centros_sanitarios_por_tipo,Recursos y asistencia sanitaria. Centros por tipo de centro. Municipios,6_Servicios_entorno,Salud,CSV|JSON,https://datos.comunidad.madrid/catalogo/dataset/centros_sanitarios_por_tipo
censo_2021_hogares_por_tamanyo,Hogares por tamaño del hogar. Censo 2021. Municipios,3_Demografia_talento,,CSV|JSON,https://datos.comunidad.madrid/catalogo/dataset/censo_2021_hogares_por_tamanyo
censo_2001_estudiantes_residentes_familiares_por_transporte_y_sexo,Población estudiante de 16 años o más censada en viviendas familiares por medio de transporte y sexo. Censo 2001. Municipios,2_Inmobiliario_suelo|3_Demografia_talento|5_Conectividad_movilidad,Demografía,CSV|JSON,https://datos.comunidad.madrid/catalogo/dataset/censo_2001_estudiantes_residentes_familiares_por_transporte_y_sexo
censo_2001_residentes_familiares_por_edad_y_sexo,Residentes en viviendas familiares por edad y sexo. Censo 2001. Municipios,2_Inmobiliario_suelo|3_Demografia_talento,Demografía,CSV|JSON,https://datos.comunidad.madrid/catalogo/dataset/censo_2001_residentes_familiares_por_edad_y_sexo
censo_2001_ocupados_residentes_familiares_por_transporte_y_sexo,Población ocupada censada residente en viviendas familiares por medio de transporte y sexo. Censo 2001. Municipios,2_Inmobiliario_suelo|3_Demografia_talento|4_Empleo_economia|5_Conectividad_movilidad,Demografía,CSV|JSON,https://datos.comunidad.madrid/catalogo/dataset/censo_2001_ocupados_residentes_familiares_por_transporte_y_sexo
censo_2001_ocupados_residentes_familiares_por_sexo,Población ocupada censada residente en viviendas familiares por sexo. Censo 2001. Municipios,2_Inmobiliario_suelo|3_Demografia_talento|4_Empleo_economia,Demografía,CSV|JSON,https://datos.comunidad.madrid/catalogo/dataset/censo_2001_ocupados_residentes_familiares_por_sexo
repoblaciones_forestales,Repoblaciones forestales,3_Demografia_talento,Medio ambiente,CSV|JSON,https://datos.comunidad.madrid/catalogo/dataset/repoblaciones_forestales
spacm_estadistica_archivos_2022,Estadística de Archivos de la Comunidad de Madrid 2022,,Cultura y ocio,CSV|JSON,https://datos.comunidad.madrid/catalogo/dataset/spacm_estadistica_archivos_2022
cras_madrid,Centro de Recuperación de Animales Silvestres de la Comunidad de Madrid (CRAS),,Medio ambiente,CSV|JSON,https://datos.comunidad.madrid/catalogo/dataset/cras_madrid
cursos_formacion_profesional_empleo,Cursos de Formación Profesional para el Empleo,3_Demografia_talento|4_Empleo_economia,Empleo,CSV|JSON,https://datos.comunidad.madrid/catalogo/dataset/cursos_formacion_profesional_empleo
suelos_contaminados,Actos administrativos en materia de suelos contaminados,2_Inmobiliario_suelo,Medio ambiente,CSV|JSON,https://datos.comunidad.madrid/catalogo/dataset/suelos_contaminados
residuos_peligrosos_tratamiento,Tratamiento de residuos peligrosos,6_Servicios_entorno,Medio ambiente,CSV|JSON,https://datos.comunidad.madrid/catalogo/dataset/residuos_peligrosos_tratamiento
resultados-edm2018,Resultados de la EDM 2018,,Transporte,HTML,https://datos.comunidad.madrid/catalogo/dataset/resultados-edm2018
zonificacion-transporte,Zonificación de transporte,5_Conectividad_movilidad,Transporte,HTML,https://datos.comunidad.madrid/catalogo/dataset/zonificacion-transporte
agenda_gobierno,Agenda de Gobierno,,Sector público,HTML|JSON,https://datos.comunidad.madrid/catalogo/dataset/agenda_gobierno
red_estacionamiento_bicicletas,reB: Red de estacionamiento de bicicletas,,Transporte,HTML,https://datos.comunidad.madrid/catalogo/dataset/red_estacionamiento_bicicletas
aparcamientos_disuasion,Aparcamientos de disuasión ligados al transporte público en la Comunidad de Madrid,5_Conectividad_movilidad,Transporte,HTML,https://datos.comunidad.madrid/catalogo/dataset/aparcamientos_disuasion
puntos_de_venta_estancos,Puntos de venta de títulos de transporte: Estancos,5_Conectividad_movilidad,Transporte,HTML,https://datos.comunidad.madrid/catalogo/dataset/puntos_de_venta_estancos
red_de_autobuses_interurbanos_horarios_topologia,Oferta planificada de la Red de Autobuses Interurbanos,5_Conectividad_movilidad,Transporte,HTML,https://datos.comunidad.madrid/catalogo/dataset/red_de_autobuses_interurbanos_horarios_topologia
red_de_autobuses_interurbanos_lineas_paradas_postes,Topología de la Red de Autobuses Interurbanos,5_Conectividad_movilidad,Transporte,HTML,https://datos.comunidad.madrid/catalogo/dataset/red_de_autobuses_interurbanos_lineas_paradas_postes
red_de_autobuses_urbanos_resto_municipios_horarios_topologia,Oferta planificada de la Red de Autobuses Urbanos del resto de municipios de la Comunidad de Madrid,5_Conectividad_movilidad,Transporte,HTML,https://datos.comunidad.madrid/catalogo/dataset/red_de_autobuses_urbanos_resto_municipios_horarios_topologia
red_de_autobuses_urbanos_emt_horarios_topologia,Oferta planificada de la Red de Autobuses Urbanos de Madrid - EMT,5_Conectividad_movilidad,Transporte,HTML,https://datos.comunidad.madrid/catalogo/dataset/red_de_autobuses_urbanos_emt_horarios_topologia
red_de_autobuses_urbanos_emt_lineas_paradas_postes,Topología de la Red de Autobuses Urbanos de Madrid - EMT,5_Conectividad_movilidad,Transporte,HTML,https://datos.comunidad.madrid/catalogo/dataset/red_de_autobuses_urbanos_emt_lineas_paradas_postes
red_de_cercanias_oferta_planificada_horarios_topologia,Oferta planificada de la Red de Cercanías Madrid,,Transporte,HTML,https://datos.comunidad.madrid/catalogo/dataset/red_de_cercanias_oferta_planificada_horarios_topologia
red_de_cercanias_lineas_estaciones_accesos_vestibulos_andenes,Topología de la Red de Cercanías Madrid,,Transporte,HTML,https://datos.comunidad.madrid/catalogo/dataset/red_de_cercanias_lineas_estaciones_accesos_vestibulos_andenes
red_de_metro_ligero_oferta_planificada_horarios_topologia,Oferta planificada de la Red de Metro Ligero,5_Conectividad_movilidad,Transporte,HTML,https://datos.comunidad.madrid/catalogo/dataset/red_de_metro_ligero_oferta_planificada_horarios_topologia
red_de_metro_ligero_tranvia_lineas_estaciones_accesos_vestibulos_andenes,Topología de la Red de Metro Ligero / Tranvía,5_Conectividad_movilidad,Transporte,HTML,https://datos.comunidad.madrid/catalogo/dataset/red_de_metro_ligero_tranvia_lineas_estaciones_accesos_vestibulos_andenes
red_de_metro_oferta_planificada_horarios_topologia,Oferta planificada de la Red de Metro,5_Conectividad_movilidad,Transporte,HTML,https://datos.comunidad.madrid/catalogo/dataset/red_de_metro_oferta_planificada_horarios_topologia
red_de_metro_lineas_estaciones_accesos_vestibulos_andenes,Topología de la Red de Metro,5_Conectividad_movilidad,Transporte,HTML,https://datos.comunidad.madrid/catalogo/dataset/red_de_metro_lineas_estaciones_accesos_vestibulos_andenes
zt84,Zonificación de transporte ZT84 de la EDM2018 y ESM2014,5_Conectividad_movilidad,Transporte,HTML,https://datos.comunidad.madrid/catalogo/dataset/zt84
covid19_tia_zonas_basicas_salud,Covid 19 -TIA Zonas Básicas de Salud,,Salud,CSV|JSON|SHP,https://datos.comunidad.madrid/catalogo/dataset/covid19_tia_zonas_basicas_salud
covid19_tia_muni_y_distritos,Covid 19 -TIA por Municipios y Distritos de Madrid,,Salud,CSV|JSON|SHP,https://datos.comunidad.madrid/catalogo/dataset/covid19_tia_muni_y_distritos
datos_electorales_elecciones_autonomicas_madrid_2019,Datos electorales elecciones autonómicas Comunidad de Madrid 2019,,Sector público,CSV|JSON,https://datos.comunidad.madrid/catalogo/dataset/datos_electorales_elecciones_autonomicas_madrid_2019
datos_electorales_elecciones_autonomicas_comunidad_de_madrid_2021,Datos electorales elecciones autonómicas Comunidad de Madrid 2021,,Sector público,CSV|JSON,https://datos.comunidad.madrid/catalogo/dataset/datos_electorales_elecciones_autonomicas_comunidad_de_madrid_2021
datos_electorales_elecciones_autonomicas_cm_1995,Datos electorales elecciones autonómicas Comunidad de Madrid 1995,,Sector público,CSV|JSON,https://datos.comunidad.madrid/catalogo/dataset/datos_electorales_elecciones_autonomicas_cm_1995
datos_electorales_elecciones_autonomicas_comunidad_de_madrid_1999,Datos electorales elecciones autonómicas Comunidad de Madrid 1999,,Sector público,CSV|JSON,https://datos.comunidad.madrid/catalogo/dataset/datos_electorales_elecciones_autonomicas_comunidad_de_madrid_1999
datos_electorales_elecciones_autonomicas_comunidad_de_madrid_mayo_2003,Datos electorales elecciones autonómicas Comunidad de Madrid mayo 2003,,Sector público,CSV|JSON,https://datos.comunidad.madrid/catalogo/dataset/datos_electorales_elecciones_autonomicas_comunidad_de_madrid_mayo_2003
datos_electorales_elecciones_autonomicas_comunidad_de_madrid_octubre_2003,Datos electorales elecciones autonómicas Comunidad de Madrid octubre 2003,,Sector público,CSV|JSON,https://datos.comunidad.madrid/catalogo/dataset/datos_electorales_elecciones_autonomicas_comunidad_de_madrid_octubre_2003
datos_electorales_elecciones_autonomicas_comunidad_de_madrid_2007,Datos electorales elecciones autonómicas Comunidad de Madrid 2007,,Sector público,CSV|JSON,https://datos.comunidad.madrid/catalogo/dataset/datos_electorales_elecciones_autonomicas_comunidad_de_madrid_2007
datos_electorales_elecciones_autonomicas_comunidad_de_madrid_2015,Datos electorales elecciones autonómicas Comunidad de Madrid 2015,,Sector público,CSV|JSON,https://datos.comunidad.madrid/catalogo/dataset/datos_electorales_elecciones_autonomicas_comunidad_de_madrid_2015
datos_electorales_elecciones_autonomicas_comunidad_de_madrid_2023,Datos electorales elecciones autonómicas Comunidad de Madrid 2023,,Sector público,CSV|JSON,https://datos.comunidad.madrid/catalogo/dataset/datos_electorales_elecciones_autonomicas_comunidad_de_madrid_2023
datos_electorales_elecciones_autonomicas_comunidad_de_madrid_2011,Datos electorales elecciones autonómicas Comunidad de Madrid 2011,,Sector público,CSV|JSON,https://datos.comunidad.madrid/catalogo/dataset/datos_electorales_elecciones_autonomicas_comunidad_de_madrid_2011
riecov,Registro de instalaciones emisoras de COV (RIECOV),,Medio ambiente,CSV|JSON,https://datos.comunidad.madrid/catalogo/dataset/riecov
catalogo_bibliografico_digital_completo,Catálogo bibliográfico digital completo,,Cultura y ocio,PDF|ZIP,https://datos.comunidad.madrid/catalogo/dataset/catalogo_bibliografico_digital_completo
catalogo_autoridades_madrilenas,Catálogo de autoridades madrileñas,,Cultura y ocio,PDF|ZIP,https://datos.comunidad.madrid/catalogo/dataset/catalogo_autoridades_madrilenas
catalogo_bibliografico_completo,Catálogo bibliográfico,,Cultura y ocio,PDF|ZIP,https://datos.comunidad.madrid/catalogo/dataset/catalogo_bibliografico_completo
talleres_envejecimiento_activo,Talleres de envejecimiento activo,,Sociedad y bienestar,CSV|JSON,https://datos.comunidad.madrid/catalogo/dataset/talleres_envejecimiento_activo
rutas_culturales_personas_mayores,Rutas culturales para personas mayores,6_Servicios_entorno,Cultura y ocio,CSV|JSON,https://datos.comunidad.madrid/catalogo/dataset/rutas_culturales_personas_mayores
percepcion_patrimonio_cultural_2024,Encuesta sobre la percepción social del patrimonio cultural en la Comunidad de Madrid 2024,6_Servicios_entorno,Cultura y ocio,CSV|DOCX|JSON|ZIP,https://datos.comunidad.madrid/catalogo/dataset/percepcion_patrimonio_cultural_2024
secciones_censales,Secciones censales,,Legislación y justicia,CSV|JSON|SHP,https://datos.comunidad.madrid/catalogo/dataset/secciones_censales
residentes_por_rango_edad,Residentes en la Comunidad de Madrid por Rango de Edad,3_Demografia_talento,Demografía,CSV|JSON,https://datos.comunidad.madrid/catalogo/dataset/residentes_por_rango_edad
residentes_por_nacionalidad,Residentes en la Comunidad de Madrid por Nacionalidad,,Demografía,CSV|JSON,https://datos.comunidad.madrid/catalogo/dataset/residentes_por_nacionalidad
residentes_por_lugar_nacimiento,Residentes en la Comunidad de Madrid por Lugar de Nacimiento,3_Demografia_talento,Demografía,CSV|JSON,https://datos.comunidad.madrid/catalogo/dataset/residentes_por_lugar_nacimiento
percepcion_patrimonio_cultural_2022,Encuesta sobre la percepción social del patrimonio cultural en la Comunidad de Madrid 2022,6_Servicios_entorno,Cultura y ocio,CSV|DOCX|JSON|ZIP,https://datos.comunidad.madrid/catalogo/dataset/percepcion_patrimonio_cultural_2022
percepcion_patrimonio_cultural_2020,Encuesta sobre la percepción social del patrimonio cultural en la Comunidad de Madrid 2020,6_Servicios_entorno,Cultura y ocio,CSV|DOCX|JSON|ZIP,https://datos.comunidad.madrid/catalogo/dataset/percepcion_patrimonio_cultural_2020
nacimientos_por_provincia_nacimiento_de_la_madre,Nacimientos en la Comunidad de Madrid por provincia de nacimiento de la madre,3_Demografia_talento,Demografía,CSV|JSON,https://datos.comunidad.madrid/catalogo/dataset/nacimientos_por_provincia_nacimiento_de_la_madre
nacimientos_por_grupos_edad_de_la_madre,Nacimientos en la Comunidad de Madrid por grupos de edad de la madre,3_Demografia_talento,Demografía,CSV|JSON,https://datos.comunidad.madrid/catalogo/dataset/nacimientos_por_grupos_edad_de_la_madre
municipio_comunidad_madrid,Municipios de la Comunidad de Madrid,,Demografía,CSV|JSON,https://datos.comunidad.madrid/catalogo/dataset/municipio_comunidad_madrid
escudos_banderas_himnos,"Escudos, Banderas e Himnos de la Comunidad de Madrid",,Sector público,CSV|JSON,https://datos.comunidad.madrid/catalogo/dataset/escudos_banderas_himnos
distritos_municipio_madrid,Distritos del Municipio de Madrid,,Demografía,CSV|JSON,https://datos.comunidad.madrid/catalogo/dataset/distritos_municipio_madrid
defunciones_por_provincia_nacimiento,Defunciones en la Comunidad de Madrid por provincia de nacimiento,3_Demografia_talento,Demografía,CSV|JSON,https://datos.comunidad.madrid/catalogo/dataset/defunciones_por_provincia_nacimiento
defunciones_por_nacionalidad,Defunciones en la Comunidad de Madrid por nacionalidad,3_Demografia_talento,Demografía,CSV|JSON,https://datos.comunidad.madrid/catalogo/dataset/defunciones_por_nacionalidad
defunciones_por_grupos_edad,Defunciones en la Comunidad de Madrid por grupos de edad,3_Demografia_talento,Demografía,CSV|JSON,https://datos.comunidad.madrid/catalogo/dataset/defunciones_por_grupos_edad
covid19_tia_zonas_basicas_salud_60ymas,Covid 19 -TIA para población de 60 y más años de edad por Zonas Básicas de Salud,3_Demografia_talento,Salud,CSV|JSON|SHP,https://datos.comunidad.madrid/catalogo/dataset/covid19_tia_zonas_basicas_salud_60ymas
covid19_tia_muni_y_distritos_60ymas,Covid 19 -TIA para población de 60 y más años de edad por Municipios y Distritos de Madrid,3_Demografia_talento,Salud,CSV|JSON|SHP,https://datos.comunidad.madrid/catalogo/dataset/covid19_tia_muni_y_distritos_60ymas
captadores_polen,Captadores de polen,,Salud,CSV|DOCX|JSON,https://datos.comunidad.madrid/catalogo/dataset/captadores_polen
barrios_municipio_madrid,Barrios del Municipio de Madrid,,Demografía,CSV|JSON,https://datos.comunidad.madrid/catalogo/dataset/barrios_municipio_madrid
nacimientos_por_nacionalidad_de_la_madre,Nacimientos en la Comunidad de Madrid por nacionalidad de la madre,3_Demografia_talento,Demografía,CSV|JSON,https://datos.comunidad.madrid/catalogo/dataset/nacimientos_por_nacionalidad_de_la_madre
